"DT_GERACAO";"HH_GERACAO";"ANO_ELEICAO";"CD_ELEICAO";"SQ_CANDIDATO";"CD_DETALHE_SITUACAO_CAND";"DS_DETALHE_SITUACAO_CAND";"CD_NACIONALIDADE";"DS_NACIONALIDADE";"CD_MUNICIPIO_NASCIMENTO";"NM_MUNICIPIO_NASCIMENTO";"NR_IDADE_DATA_POSSE";"ST_QUILOMBOLA";"CD_ETNIA_INDIGENA";"DS_ETNIA_INDIGENA";"VR_DESPESA_MAX_CAMPANHA";"ST_REELEICAO";"ST_DECLARAR_BENS";"NR_PROTOCOLO_CANDIDATURA";"NR_PROCESSO";"CD_SITUACAO_CANDIDATO_PLEITO";"DS_SITUACAO_CANDIDATO_PLEITO";"CD_SITUACAO_CANDIDATO_URNA";"DS_SITUACAO_CANDIDATO_URNA";"ST_CANDIDATO_INSERIDO_URNA";"NM_TIPO_DESTINACAO_VOTOS";"CD_SITUACAO_CANDIDATO_TOT";"DS_SITUACAO_CANDIDATO_TOT";"ST_PREST_CONTAS";"ST_SUBSTITUIDO";"SQ_SUBSTITUIDO";"SQ_ORDEM_SUPLENCIA";"DT_ACEITE_CANDIDATURA";"CD_SITUACAO_JULGAMENTO";"DS_SITUACAO_JULGAMENTO";"CD_SITUACAO_JULGAMENTO_PLEITO";"DS_SITUACAO_JULGAMENTO_PLEITO";"CD_SITUACAO_JULGAMENTO_URNA";"DS_SITUACAO_JULGAMENTO_URNA";"CD_SITUACAO_CASSACAO";"DS_SITUACAO_CASSACAO";"CD_SITUACAO_CASSACAO_MIDIA";"DS_SITUACAO_CASSACAO_MIDIA";"CD_SITUACAO_DIPLOMA";"DS_SITUACAO_DIPLOMA";"CD_GENERO_FEFC";"DS_GENERO_FEFC";"CD_COR_RACA_FEFC";"DS_COR_RACA_FEFC"
"26/09/2026";"19:31:16";2026;6259;160002552761;-3;"#NE";1;"BRASILEIRA NATA";-3;"BANDEIRANTES";"66";"N";-1;"#NULO";"1270629.01";"#NE";"S";"-1";"06016264420266160000";"-3";"#NE";"-3";"#NE";"SIM";"Válido";2;"DEFERIDO";"S";"N";-1;-1;"2026-08-15 13:17:58";2;"DEFERIDO";"2";"DEFERIDO";"2";"DEFERIDO";-1;"#NULO";-1;"#NULO";-1;"#NULO";4;"FEMININO";"2";"PRETA"
"26/09/2026";"19:31:16";2026;6259;160002547693;-3;"#NE";1;"BRASILEIRA NATA";-3;"CURITIBA";"36";"N";0;"NÃO INFORMADA";"1270629.01";"#NE";"S";"-1";"06013155320266160000";"-3";"#NE";"-3";"#NE";"SIM";"Válido";2;"DEFERIDO";"S";"N";-1;-1;"2026-08-11 12:35:16";2;"DEFERIDO";"2";"DEFERIDO";"2";"DEFERIDO";-1;"#NULO";-1;"#NULO";-1;"#NULO";4;"FEMININO";"3";"PARDA"
"26/09/2026";"19:31:16";2026;6259;160002547737;-3;"#NE";1;"BRASILEIRA NATA";-3;"MARINGÁ";"63";"N";-1;"#NULO";"1270629.01";"#NE";"N";"-1";"06013666420266160000";"-3";"#NE";"-3";"#NE";"SIM";"Válido";2;"DEFERIDO";"S";"N";-1;-1;"2026-08-11 12:36:21";2;"DEFERIDO";"2";"DEFERIDO";"2";"DEFERIDO";-1;"#NULO";-1;"#NULO";-1;"#NULO";2;"MASCULINO";"4";"AMARELA"
"26/09/2026";"19:31:16";2026;6259;160002547727;-3;"#NE";1;"BRASILEIRA NATA";-3;"DOURADOS";"48";"N";0;"NÃO INFORMADA";"1270629.01";"#NE";"S";"-1";"06013691920266160000";"-3";"#NE";"-3";"#NE";"SIM";"Válido";2;"DEFERIDO";"S";"N";-1;-1;"2026-08-11 12:36:21";2;"DEFERIDO";"2";"DEFERIDO";"2";"DEFERIDO";-1;"#NULO";-1;"#NULO";-1;"#NULO";4;"FEMININO";"1";"BRANCA"
"26/09/2026";"19:31:16";2026;6259;160002551154;-3;"#NE";1;"BRASILEIRA NATA";-3;"FRANCISCO BELTRÃO";"31";"N";0;"NÃO INFORMADA";"1270629.01";"#NE";"N";"-1";"06015614920266160000";"-3";"#NE";"-3";"#NE";"SIM";"Válido";2;"DEFERIDO";"S";"N";-1;-1;"2026-08-13 14:59:10";2;"DEFERIDO";"2";"DEFERIDO";"2";"DEFERIDO";-1;"#NULO";-1;"#NULO";-1;"#NULO";2;"MASCULINO";"1";"BRANCA"
"26/09/2026";"19:31:16";2026;6259;160002547651;-3;"#NE";1;"BRASILEIRA NATA";-3;"APUÍ";"29";"N";-1;"#NULO";"1270629.01";"#NE";"N";"-1";"06012696420266160000";"-3";"#NE";"-3";"#NE";"SIM";"Válido";2;"DEFERIDO";"S";"N";-1;-1;"2026-08-11 12:27:40";2;"DEFERIDO";"2";"DEFERIDO";"2";"DEFERIDO";-1;"#NULO";-1;"#NULO";-1;"#NULO";4;"FEMININO";"1";"BRANCA"
"26/09/2026";"19:31:16";2026;6259;160002542353;-3;"#NE";1;"BRASILEIRA NATA";-3;"ANGRA DOS REIS";"41";"N";0;"NÃO INFORMADA";"1270629.01";"#NE";"S";"-1";"06009206120266160000";"-3";"#NE";"-3";"#NE";"SIM";"Válido";2;"DEFERIDO";"S";"N";-1;-1;"2026-08-07 18:51:36";2;"DEFERIDO";"2";"DEFERIDO";"2";"DEFERIDO";-1;"#NULO";-1;"#NULO";-1;"#NULO";2;"MASCULINO";"1";"BRANCA"
"26/09/2026";"19:31:16";2026;6259;160002533447;-3;"#NE";1;"BRASILEIRA NATA";-3;"LONDRINA";"42";"N";0;"NÃO INFORMADA";"1270629.01";"#NE";"S";"-1";"06006572920266160000";"-3";"#NE";"-3";"#NE";"SIM";"Válido";2;"DEFERIDO";"S";"N";-1;-1;"2026-07-29 17:41:27";2;"DEFERIDO";"2";"DEFERIDO";"2";"DEFERIDO";-1;"#NULO";-1;"#NULO";-1;"#NULO";2;"MASCULINO";"1";"BRANCA"
"26/09/2026";"19:31:16";2026;6259;160002533474;-3;"#NE";1;"BRASILEIRA NATA";-3;"CURITIBA";"53";"N";0;"NÃO INFORMADA";"1270629.01";"#NE";"N";"-1";"06006097020266160000";"-3";"#NE";"-3";"#NE";"SIM";"Válido";2;"DEFERIDO";"S";"N";-1;-1;"2026-07-29 17:41:27";2;"DEFERIDO";"2";"DEFERIDO";"2";"DEFERIDO";-1;"#NULO";-1;"#NULO";-1;"#NULO";4;"FEMININO";"1";"BRANCA"
"26/09/2026";"19:31:16";2026;6259;160002533476;-3;"#NE";1;"BRASILEIRA NATA";-3;"CURITIBA";"45";"N";-1;"#NULO";"1270629.01";"#NE";"S";"-1";"06006365320266160000";"-3";"#NE";"-3";"#NE";"SIM";"Válido";2;"DEFERIDO";"S";"N";-1;-1;"2026-07-29 17:41:27";2;"DEFERIDO";"2";"DEFERIDO";"2";"DEFERIDO";-1;"#NULO";-1;"#NULO";-1;"#NULO";2;"MASCULINO";"1";"BRANCA"
"26/09/2026";"19:31:16";2026;6259;160002547498;-3;"#NE";1;"BRASILEIRA NATA";-3;"IRATI";"49";"N";0;"NÃO INFORMADA";"1270629.01";"#NE";"S";"-1";"06011276020266160000";"-3";"#NE";"-3";"#NE";"SIM";"Válido";2;"DEFERIDO";"S";"N";-1;-1;"2026-08-11 12:24:00";2;"DEFERIDO";"2";"DEFERIDO";"2";"DEFERIDO";-1;"#NULO";-1;"#NULO";-1;"#NULO";2;"MASCULINO";"1";"BRANCA"
"26/09/2026";"19:31:16";2026;6259;160002547501;-3;"#NE";1;"BRASILEIRA NATA";-3;"MARINGÁ";"64";"N";0;"NÃO INFORMADA";"1270629.01";"#NE";"S";"-1";"06011293020266160000";"-3";"#NE";"-3";"#NE";"SIM";"Válido";2;"DEFERIDO";"S";"N";-1;-1;"2026-08-11 12:24:00";2;"DEFERIDO";"2";"DEFERIDO";"2";"DEFERIDO";-1;"#NULO";-1;"#NULO";-1;"#NULO";4;"FEMININO";"2";"PRETA"
"26/09/2026";"19:31:16";2026;6259;160002547521;-3;"#NE";1;"BRASILEIRA NATA";-3;"CURITIBA";"36";"N";0;"NÃO INFORMADA";"1270629.01";"#NE";"S";"-1";"06011033220266160000";"-3";"#NE";"-3";"#NE";"SIM";"Válido";2;"DEFERIDO";"S";"N";-1;-1;"2026-08-11 12:24:00";2;"DEFERIDO";"2";"DEFERIDO";"2";"DEFERIDO";-1;"#NULO";-1;"#NULO";-1;"#NULO";2;"MASCULINO";"1";"BRANCA"
"26/09/2026";"19:31:16";2026;6259;160002532876;-3;"#NE";1;"BRASILEIRA NATA";-3;"GALVÃO";"41";"N";0;"NÃO INFORMADA";"3176572.53";"#NE";"S";"-1";"06005793520266160000";"-3";"#NE";"-3";"#NE";"NÃO";"#NULO";-1;"#NULO";"N";"N";-1;-1;"2026-07-28 15:24:25";6;"RENÚNCIA";"-1";"#NULO";"-1";"#NULO";-1;"#NULO";-1;"#NULO";-1;"#NULO";2;"MASCULINO";"1";"BRANCA"
"26/09/2026";"19:31:16";2026;6259;160002549527;-3;"#NE";1;"BRASILEIRA NATA";-3;"RONDON";"52";"N";0;"NÃO INFORMADA";"3176572.53";"#NE";"S";"-1";"06014714120266160000";"-3";"#NE";"-3";"#NE";"SIM";"Válido";2;"DEFERIDO";"S";"N";-1;-1;"2026-08-12 12:38:35";2;"DEFERIDO";"2";"DEFERIDO";"2";"DEFERIDO";-1;"#NULO";-1;"#NULO";-1;"#NULO";2;"MASCULINO";"1";"BRANCA"
"26/09/2026";"19:31:16";2026;6259;160002547536;-3;"#NE";1;"BRASILEIRA NATA";-3;"SANTA ISABEL DO IVAÍ";"61";"N";0;"NÃO INFORMADA";"1270629.01";"#NE";"S";"-1";"06011301520266160000";"-3";"#NE";"-3";"#NE";"SIM";"Válido";2;"DEFERIDO";"S";"N";-1;-1;"2026-08-11 12:24:00";2;"DEFERIDO";"2";"DEFERIDO";"2";"DEFERIDO";-1;"#NULO";-1;"#NULO";-1;"#NULO";2;"MASCULINO";"1";"BRANCA"
"26/09/2026";"19:31:16";2026;6259;160002547951;-3;"#NE";1;"BRASILEIRA NATA";-3;"LONDRINA";"52";"N";-1;"#NULO";"1270629.01";"#NE";"N";"-1";"06014039120266160000";"-3";"#NE";"-3";"#NE";"SIM";"Válido";2;"DEFERIDO";"S";"N";-1;-1;"2026-08-11 12:36:56";2;"DEFERIDO";"2";"DEFERIDO";"2";"DEFERIDO";-1;"#NULO";-1;"#NULO";-1;"#NULO";4;"FEMININO";"1";"BRANCA"
"26/09/2026";"19:31:16";2026;6259;160002547599;-3;"#NE";1;"BRASILEIRA NATA";-3;"GUARAPUAVA";"61";"N";0;"NÃO INFORMADA";"1270629.01";"#NE";"S";"-1";"06012367420266160000";"-3";"#NE";"-3";"#NE";"SIM";"Válido";2;"DEFERIDO";"S";"N";-1;-1;"2026-08-11 12:29:53";2;"DEFERIDO";"2";"DEFERIDO";"2";"DEFERIDO";-1;"#NULO";-1;"#NULO";-1;"#NULO";2;"MASCULINO";"1";"BRANCA"
"26/09/2026";"19:31:16";2026;6259;160002547612;-3;"#NE";1;"BRASILEIRA NATA";-3;"PARANAGUÁ";"48";"N";0;"NÃO INFORMADA";"1270629.01";"#NE";"S";"-1";"06012340720266160000";"-3";"#NE";"-3";"#NE";"SIM";"Válido";2;"DEFERIDO";"S";"N";-1;-1;"2026-08-11 12:29:53";2;"DEFERIDO";"2";"DEFERIDO";"2";"DEFERIDO";-1;"#NULO";-1;"#NULO";-1;"#NULO";2;"MASCULINO";"1";"BRANCA"
"26/09/2026";"19:31:16";2026;6259;160002546814;-3;"#NE";1;"BRASILEIRA NATA";-3;"PALMEIRA";"51";"N";0;"NÃO INFORMADA";"1270629.01";"#NE";"N";"-1";"06010228320266160000";"-3";"#NE";"-3";"#NE";"SIM";"Válido";2;"DEFERIDO";"S";"N";-1;-1;"2026-08-11 11:57:23";2;"DEFERIDO";"2";"DEFERIDO";"2";"DEFERIDO";-1;"#NULO";-1;"#NULO";-1;"#NULO";4;"FEMININO";"1";"BRANCA"
"26/09/2026";"19:31:16";2026;6259;160002546835;-3;"#NE";1;"BRASILEIRA NATA";-3;"CURITIBA";"51";"N";-1;"#NULO";"1270629.01";"#NE";"S";"-1";"06010289020266160000";"-3";"#NE";"-3";"#NE";"SIM";"Válido";2;"DEFERIDO";"S";"N";-1;-1;"2026-08-11 11:57:23";2;"DEFERIDO";"2";"DEFERIDO";"2";"DEFERIDO";-1;"#NULO";-1;"#NULO";-1;"#NULO";2;"MASCULINO";"1";"BRANCA"
"26/09/2026";"19:31:16";2026;6259;160002552830;-3;"#NE";1;"BRASILEIRA NATA";-3;"RIO DO SUL";"60";"N";0;"NÃO INFORMADA";"1270629.01";"#NE";"N";"-1";"06016567920266160000";"-3";"#NE";"-3";"#NE";"SIM";"Válido";2;"DEFERIDO";"S";"N";-1;-1;"2026-08-15 13:17:58";2;"DEFERIDO";"2";"DEFERIDO";"2";"DEFERIDO";-1;"#NULO";-1;"#NULO";-1;"#NULO";4;"FEMININO";"1";"BRANCA"
"26/09/2026";"19:31:16";2026;6259;160002554286;-3;"#NE";1;"BRASILEIRA NATA";-3;"CURITIBA";"54";"N";-1;"#NULO";"1270629.01";"#NE";"S";"-1";"06019157420266160000";"-3";"#NE";"-3";"#NE";"NÃO";"#NULO";-1;"#NULO";"N";"N";-1;-1;"2026-08-25 19:29:09";14;"INDEFERIDO";"-1";"#NULO";"-1";"#NULO";-1;"#NULO";-1;"#NULO";-1;"#NULO";-1;"#NULO";"-1";"#NULO"
"26/09/2026";"19:31:16";2026;6259;160002549522;-3;"#NE";1;"BRASILEIRA NATA";-3;"CURITIBA";"34";"N";0;"NÃO INFORMADA";"3176572.53";"#NE";"S";"-1";"06014731120266160000";"-3";"#NE";"-3";"#NE";"SIM";"Válido";2;"DEFERIDO";"S";"N";-1;-1;"2026-08-12 12:38:35";2;"DEFERIDO";"2";"DEFERIDO";"2";"DEFERIDO";-1;"#NULO";-1;"#NULO";-1;"#NULO";2;"MASCULINO";"1";"BRANCA"
"26/09/2026";"19:31:16";2026;6259;160002553658;-3;"#NE";1;"BRASILEIRA NATA";-3;"CURITIBA";"40";"N";-1;"#NULO";"3176572.53";"#NE";"N";"-1";"06017355820266160000";"-3";"#NE";"-3";"#NE";"SIM";"Válido";2;"DEFERIDO";"N";"N";-1;-1;"2026-08-15 18:23:52";2;"DEFERIDO";"2";"DEFERIDO";"2";"DEFERIDO";-1;"#NULO";-1;"#NULO";-1;"#NULO";2;"MASCULINO";"1";"BRANCA"
"26/09/2026";"19:31:16";2026;6259;160002553659;-3;"#NE";1;"BRASILEIRA NATA";-3;"CURITIBA";"42";"N";-1;"#NULO";"3176572.53";"#NE";"N";"-1";"06017425020266160000";"-3";"#NE";"-3";"#NE";"SIM";"Válido";2;"DEFERIDO";"N";"N";-1;-1;"2026-08-15 18:23:52";2;"DEFERIDO";"2";"DEFERIDO";"2";"DEFERIDO";-1;"#NULO";-1;"#NULO";-1;"#NULO";2;"MASCULINO";"3";"PARDA"
"26/09/2026";"19:31:16";2026;6259;160002542302;-3;"#NE";1;"BRASILEIRA NATA";-3;"CURITIBA";"53";"N";0;"NÃO INFORMADA";"3176572.53";"#NE";"S";"-1";"06009587320266160000";"-3";"#NE";"-3";"#NE";"SIM";"Válido";2;"DEFERIDO";"S";"N";-1;-1;"2026-08-07 18:52:09";2;"DEFERIDO";"2";"DEFERIDO";"2";"DEFERIDO";-1;"#NULO";-1;"#NULO";-1;"#NULO";4;"FEMININO";"1";"BRANCA"
"26/09/2026";"19:31:16";2026;6259;160002551035;-3;"#NE";1;"BRASILEIRA NATA";-3;"DOURADINA";"33";"N";0;"NÃO INFORMADA";"3176572.53";"#NE";"S";"-1";"06015302920266160000";"-3";"#NE";"-3";"#NE";"SIM";"Válido";2;"DEFERIDO";"S";"N";-1;-1;"2026-08-13 14:52:35";2;"DEFERIDO";"2";"DEFERIDO";"2";"DEFERIDO";-1;"#NULO";-1;"#NULO";-1;"#NULO";2;"MASCULINO";"3";"PARDA"
"26/09/2026";"19:31:16";2026;6259;160002532857;-3;"#NE";1;"BRASILEIRA NATA";-3;"MARINGÁ";"67";"N";0;"NÃO INFORMADA";"3176572.53";"#NE";"S";"-1";"06005862720266160000";"-3";"#NE";"-3";"#NE";"SIM";"Válido";2;"DEFERIDO";"S";"N";-1;-1;"2026-07-28 15:24:25";2;"DEFERIDO";"2";"DEFERIDO";"2";"DEFERIDO";-1;"#NULO";-1;"#NULO";-1;"#NULO";2;"MASCULINO";"1";"BRANCA"
"26/09/2026";"19:31:16";2026;6259;160002532852;-3;"#NE";1;"BRASILEIRA NATA";-3;"GOIOERÊ";"69";"N";0;"NÃO INFORMADA";"3176572.53";"#NE";"S";"-1";"06005715820266160000";"-3";"#NE";"-3";"#NE";"SIM";"Válido";2;"DEFERIDO";"S";"N";-1;-1;"2026-07-28 15:24:25";2;"DEFERIDO";"2";"DEFERIDO";"2";"DEFERIDO";-1;"#NULO";-1;"#NULO";-1;"#NULO";2;"MASCULINO";"1";"BRANCA"
"26/09/2026";"19:31:16";2026;6259;160002532878;-3;"#NE";1;"BRASILEIRA NATA";-3;"CÂNDIDO MOTA";"44";"N";0;"NÃO INFORMADA";"3176572.53";"#NE";"S";"-1";"06005871220266160000";"-3";"#NE";"-3";"#NE";"SIM";"Válido";2;"DEFERIDO";"S";"N";-1;-1;"2026-07-28 15:24:25";2;"DEFERIDO";"2";"DEFERIDO";"2";"DEFERIDO";-1;"#NULO";-1;"#NULO";-1;"#NULO";2;"MASCULINO";"1";"BRANCA"
"26/09/2026";"19:31:16";2026;6259;160002546889;-3;"#NE";1;"BRASILEIRA NATA";-3;"GUARAPUAVA";"38";"N";0;"NÃO INFORMADA";"3176572.53";"#NE";"S";"-1";"06010964020266160000";"-3";"#NE";"-3";"#NE";"SIM";"Válido";2;"DEFERIDO";"S";"N";-1;-1;"2026-08-11 12:05:18";2;"DEFERIDO";"2";"DEFERIDO";"2";"DEFERIDO";-1;"#NULO";-1;"#NULO";-1;"#NULO";2;"MASCULINO";"1";"BRANCA"
"26/09/2026";"19:31:16";2026;6259;160002542339;-3;"#NE";1;"BRASILEIRA NATA";-3;"SENGÉS";"41";"N";0;"NÃO INFORMADA";"3176572.53";"#NE";"S";"-1";"06009405220266160000";"-3";"#NE";"-3";"#NE";"SIM";"Válido";2;"DEFERIDO";"S";"N";-1;-1;"2026-08-07 18:52:37";2;"DEFERIDO";"2";"DEFERIDO";"2";"DEFERIDO";-1;"#NULO";-1;"#NULO";-1;"#NULO";2;"MASCULINO";"3";"PARDA"
"26/09/2026";"19:31:16";2026;6259;160002532607;-3;"#NE";1;"BRASILEIRA NATA";-3;"UBIRATÃ";"27";"N";0;"NÃO INFORMADA";"3176572.53";"#NE";"N";"-1";"06005447520266160000";"-3";"#NE";"-3";"#NE";"SIM";"Válido";2;"DEFERIDO";"S";"N";-1;-1;"2026-07-27 16:24:27";2;"DEFERIDO";"2";"DEFERIDO";"2";"DEFERIDO";-1;"#NULO";-1;"#NULO";-1;"#NULO";2;"MASCULINO";"3";"PARDA"
"26/09/2026";"19:31:16";2026;6259;160002532601;-3;"#NE";1;"BRASILEIRA NATA";-3;"PARANAVAÍ";"64";"N";0;"NÃO INFORMADA";"3176572.53";"#NE";"S";"-1";"06005439020266160000";"-3";"#NE";"-3";"#NE";"SIM";"Válido";2;"DEFERIDO";"S";"N";-1;-1;"2026-07-27 16:24:27";2;"DEFERIDO";"2";"DEFERIDO";"2";"DEFERIDO";-1;"#NULO";-1;"#NULO";-1;"#NULO";4;"FEMININO";"3";"PARDA"
"26/09/2026";"19:31:16";2026;6259;160002532597;-3;"#NE";1;"BRASILEIRA NATA";-3;"CURITIBA";"41";"N";0;"NÃO INFORMADA";"3176572.53";"#NE";"S";"-1";"06005464520266160000";"-3";"#NE";"-3";"#NE";"SIM";"Válido";2;"DEFERIDO";"S";"N";-1;-1;"2026-07-27 16:24:27";2;"DEFERIDO";"2";"DEFERIDO";"2";"DEFERIDO";-1;"#NULO";-1;"#NULO";-1;"#NULO";4;"FEMININO";"1";"BRANCA"
"26/09/2026";"19:31:16";2026;6259;160002536521;-3;"#NE";1;"BRASILEIRA NATA";-3;"MARIANO MORO";"61";"N";0;"NÃO INFORMADA";"3176572.53";"#NE";"S";"-1";"06006962620266160000";"-3";"#NE";"-3";"#NE";"SIM";"Válido";2;"DEFERIDO";"S";"N";-1;-1;"2026-08-04 17:55:10";2;"DEFERIDO";"2";"DEFERIDO";"2";"DEFERIDO";-1;"#NULO";-1;"#NULO";-1;"#NULO";4;"FEMININO";"1";"BRANCA"
"26/09/2026";"19:31:16";2026;6259;160002536497;-3;"#NE";1;"BRASILEIRA NATA";-3;"BRASÍLIA";"46";"N";0;"NÃO INFORMADA";"3176572.53";"#NE";"S";"-1";"06006997820266160000";"-3";"#NE";"-3";"#NE";"SIM";"Válido";2;"DEFERIDO";"S";"N";-1;-1;"2026-08-04 17:55:10";2;"DEFERIDO";"2";"DEFERIDO";"2";"DEFERIDO";-1;"#NULO";-1;"#NULO";-1;"#NULO";2;"MASCULINO";"3";"PARDA"
"26/09/2026";"19:31:16";2026;6259;160002542216;-3;"#NE";1;"BRASILEIRA NATA";-3;"ANDRELÂNDIA";"51";"N";0;"NÃO INFORMADA";"3176572.53";"#NE";"N";"-1";"06008556620266160000";"-3";"#NE";"-3";"#NE";"SIM";"Válido";2;"DEFERIDO";"S";"N";-1;-1;"2026-08-07 18:51:01";2;"DEFERIDO";"2";"DEFERIDO";"2";"DEFERIDO";-1;"#NULO";-1;"#NULO";-1;"#NULO";4;"FEMININO";"3";"PARDA"
"26/09/2026";"19:31:16";2026;6259;160002547696;-3;"#NE";1;"BRASILEIRA NATA";-3;"JAÚ";"82";"N";0;"NÃO INFORMADA";"1270629.01";"#NE";"S";"-1";"06013050920266160000";"-3";"#NE";"-3";"#NE";"SIM";"Válido";2;"DEFERIDO";"S";"N";-1;-1;"2026-08-11 12:35:16";2;"DEFERIDO";"2";"DEFERIDO";"2";"DEFERIDO";-1;"#NULO";-1;"#NULO";-1;"#NULO";2;"MASCULINO";"1";"BRANCA"
"26/09/2026";"19:31:16";2026;6259;160002547732;-3;"#NE";1;"BRASILEIRA NATA";-3;"IPORÃ";"54";"N";-1;"#NULO";"1270629.01";"#NE";"N";"-1";"06013857020266160000";"-3";"#NE";"-3";"#NE";"SIM";"Válido";2;"DEFERIDO";"S";"N";-1;-1;"2026-08-11 12:36:21";2;"DEFERIDO";"2";"DEFERIDO";"2";"DEFERIDO";-1;"#NULO";-1;"#NULO";-1;"#NULO";4;"FEMININO";"1";"BRANCA"
"26/09/2026";"19:31:16";2026;6259;160002551179;-3;"#NE";1;"BRASILEIRA NATA";-3;"OURINHOS";"37";"N";0;"NÃO INFORMADA";"1270629.01";"#NE";"N";"-1";"06015562720266160000";"-3";"#NE";"-3";"#NE";"SIM";"Válido";2;"DEFERIDO";"S";"N";-1;-1;"2026-08-13 14:59:10";2;"DEFERIDO";"2";"DEFERIDO";"2";"DEFERIDO";-1;"#NULO";-1;"#NULO";-1;"#NULO";2;"MASCULINO";"1";"BRANCA"
"26/09/2026";"19:31:16";2026;6259;160002542358;-3;"#NE";1;"BRASILEIRA NATA";-3;"CURITIBA";"39";"N";-1;"#NULO";"1270629.01";"#NE";"N";"-1";"06009803420266160000";"-3";"#NE";"-3";"#NE";"SIM";"Válido";2;"DEFERIDO";"S";"N";-1;-1;"2026-08-07 18:51:36";2;"DEFERIDO";"2";"DEFERIDO";"2";"DEFERIDO";-1;"#NULO";-1;"#NULO";-1;"#NULO";4;"FEMININO";"1";"BRANCA"
"26/09/2026";"19:31:16";2026;6259;160002542266;-3;"#NE";1;"BRASILEIRA NATA";-3;"MARIALVA";"53";"N";0;"NÃO INFORMADA";"1270629.01";"#NE";"S";"-1";"06008028520266160000";"-3";"#NE";"-3";"#NE";"SIM";"Válido";2;"DEFERIDO";"S";"N";-1;-1;"2026-08-07 18:50:23";2;"DEFERIDO";"2";"DEFERIDO";"2";"DEFERIDO";-1;"#NULO";-1;"#NULO";-1;"#NULO";2;"MASCULINO";"3";"PARDA"
"26/09/2026";"19:31:16";2026;6259;160002542259;-3;"#NE";1;"BRASILEIRA NATA";-3;"CURITIBA";"24";"N";0;"NÃO INFORMADA";"1270629.01";"#NE";"N";"-1";"06008089220266160000";"-3";"#NE";"-3";"#NE";"SIM";"Válido";2;"DEFERIDO";"S";"N";-1;-1;"2026-08-07 18:50:23";2;"DEFERIDO";"2";"DEFERIDO";"2";"DEFERIDO";-1;"#NULO";-1;"#NULO";-1;"#NULO";4;"FEMININO";"1";"BRANCA"
"26/09/2026";"19:31:16";2026;6259;160002533463;-3;"#NE";1;"BRASILEIRA NATA";-3;"PRUDENTÓPOLIS";"51";"N";0;"NÃO INFORMADA";"1270629.01";"#NE";"S";"-1";"06006581420266160000";"-3";"#NE";"-3";"#NE";"SIM";"Válido";2;"DEFERIDO";"S";"N";-1;-1;"2026-07-29 17:41:27";2;"DEFERIDO";"2";"DEFERIDO";"2";"DEFERIDO";-1;"#NULO";-1;"#NULO";-1;"#NULO";4;"FEMININO";"1";"BRANCA"
"26/09/2026";"19:31:16";2026;6259;160002547510;-3;"#NE";1;"BRASILEIRA NATA";-3;"APUCARANA";"43";"N";0;"NÃO INFORMADA";"1270629.01";"#NE";"S";"-1";"06011171620266160000";"-3";"#NE";"-3";"#NE";"SIM";"Válido";2;"DEFERIDO";"S";"N";-1;-1;"2026-08-11 12:24:00";2;"DEFERIDO";"2";"DEFERIDO";"2";"DEFERIDO";-1;"#NULO";-1;"#NULO";-1;"#NULO";2;"MASCULINO";"1";"BRANCA"
"26/09/2026";"19:31:16";2026;6259;160002552799;-3;"#NE";1;"BRASILEIRA NATA";-3;"CURITIBA";"52";"N";0;"NÃO INFORMADA";"1270629.01";"#NE";"N";"-1";"06016117520266160000";"-3";"#NE";"-3";"#NE";"SIM";"Válido";2;"DEFERIDO";"S";"N";-1;-1;"2026-08-15 13:17:58";2;"DEFERIDO";"2";"DEFERIDO";"2";"DEFERIDO";-1;"#NULO";-1;"#NULO";-1;"#NULO";4;"FEMININO";"2";"PRETA"
"26/09/2026";"19:31:16";2026;6259;160002547676;-3;"#NE";1;"BRASILEIRA NATA";-3;"NOVA LONDRINA";"31";"N";-1;"#NULO";"1270629.01";"#NE";"S";"-1";"06013042420266160000";"-3";"#NE";"-3";"#NE";"SIM";"Válido";2;"DEFERIDO";"S";"N";-1;-1;"2026-08-11 12:35:16";2;"DEFERIDO";"2";"DEFERIDO";"2";"DEFERIDO";-1;"#NULO";-1;"#NULO";-1;"#NULO";2;"MASCULINO";"3";"PARDA"
"26/09/2026";"19:31:16";2026;6259;160002547692;-3;"#NE";1;"BRASILEIRA NATA";-3;"CURITIBA";"41";"N";0;"NÃO INFORMADA";"1270629.01";"#NE";"S";"-1";"06012921020266160000";"-3";"#NE";"-3";"#NE";"SIM";"Válido";2;"DEFERIDO";"S";"N";-1;-1;"2026-08-11 12:35:16";2;"DEFERIDO";"2";"DEFERIDO";"2";"DEFERIDO";-1;"#NULO";-1;"#NULO";-1;"#NULO";2;"MASCULINO";"3";"PARDA"
"26/09/2026";"19:31:16";2026;6259;160002547558;-3;"#NE";1;"BRASILEIRA NATA";-3;"UMUARAMA";"47";"N";0;"NÃO INFORMADA";"1270629.01";"#NE";"S";"-1";"06011986220266160000";"-3";"#NE";"-3";"#NE";"SIM";"Válido";2;"DEFERIDO";"S";"N";-1;-1;"2026-08-11 12:24:57";2;"DEFERIDO";"2";"DEFERIDO";"2";"DEFERIDO";-1;"#NULO";-1;"#NULO";-1;"#NULO";2;"MASCULINO";"1";"BRANCA"
"26/09/2026";"19:31:16";2026;6259;160002542371;-3;"#NE";1;"BRASILEIRA NATA";-3;"PATO BRANCO";"42";"N";0;"NÃO INFORMADA";"1270629.01";"#NE";"S";"-1";"06008868620266160000";"-3";"#NE";"-3";"#NE";"SIM";"Válido";2;"DEFERIDO";"S";"N";-1;-1;"2026-08-07 18:51:36";2;"DEFERIDO";"2";"DEFERIDO";"2";"DEFERIDO";-1;"#NULO";-1;"#NULO";-1;"#NULO";2;"MASCULINO";"1";"BRANCA"
"26/09/2026";"19:31:16";2026;6259;160002542257;-3;"#NE";1;"BRASILEIRA NATA";-3;"JACAREZINHO";"34";"N";0;"NÃO INFORMADA";"1270629.01";"#NE";"S";"-1";"06007993320266160000";"-3";"#NE";"-3";"#NE";"SIM";"Válido";2;"DEFERIDO";"S";"N";-1;-1;"2026-08-07 18:50:23";2;"DEFERIDO";"2";"DEFERIDO";"2";"DEFERIDO";-1;"#NULO";-1;"#NULO";-1;"#NULO";4;"FEMININO";"1";"BRANCA"
"26/09/2026";"19:31:16";2026;6259;160002533464;-3;"#NE";1;"BRASILEIRA NATA";-3;"ALTO PIQUIRI";"59";"N";0;"NÃO INFORMADA";"1270629.01";"#NE";"S";"-1";"06006114020266160000";"-3";"#NE";"-3";"#NE";"SIM";"Válido";2;"DEFERIDO";"S";"N";-1;-1;"2026-07-29 17:41:27";2;"DEFERIDO";"2";"DEFERIDO";"2";"DEFERIDO";-1;"#NULO";-1;"#NULO";-1;"#NULO";2;"MASCULINO";"3";"PARDA"
"26/09/2026";"19:31:16";2026;6259;160002547709;-3;"#NE";1;"BRASILEIRA NATA";-3;"PALMEIRA";"62";"N";0;"NÃO INFORMADA";"3176572.53";"#NE";"S";"-1";"06013362920266160000";"-3";"#NE";"-3";"#NE";"NÃO";"#NULO";-1;"#NULO";"N";"N";-1;-1;"2026-08-11 12:34:01";14;"INDEFERIDO";"-1";"#NULO";"-1";"#NULO";-1;"#NULO";-1;"#NULO";-1;"#NULO";4;"FEMININO";"1";"BRANCA"
"26/09/2026";"19:31:16";2026;6259;160002547495;-3;"#NE";1;"BRASILEIRA NATA";-3;"GOIOERÊ";"40";"N";0;"NÃO INFORMADA";"1270629.01";"#NE";"S";"-1";"06011050220266160000";"-3";"#NE";"-3";"#NE";"SIM";"Anulado sub judice";4;"INDEFERIDO EM PRAZO RECURSAL OU COM RECURSO";"N";"N";-1;-1;"2026-08-11 12:24:00";4;"INDEFERIDO EM PRAZO RECURSAL OU COM RECURSO";"4";"INDEFERIDO EM PRAZO RECURSAL OU COM RECURSO";"4";"INDEFERIDO EM PRAZO RECURSAL OU COM RECURSO";-1;"#NULO";-1;"#NULO";-1;"#NULO";2;"MASCULINO";"1";"BRANCA"
"26/09/2026";"19:31:16";2026;6259;160002553651;-3;"#NE";1;"BRASILEIRA NATA";-3;"SALVADOR";"63";"N";-1;"#NULO";"3176572.53";"#NE";"N";"-1";"06017347320266160000";"-3";"#NE";"-3";"#NE";"NÃO";"#NULO";-1;"#NULO";"N";"N";-1;-1;"2026-08-15 18:23:52";6;"RENÚNCIA";"-1";"#NULO";"-1";"#NULO";-1;"#NULO";-1;"#NULO";-1;"#NULO";2;"MASCULINO";"2";"PRETA"
"26/09/2026";"19:31:16";2026;6259;160002553364;-3;"#NE";1;"BRASILEIRA NATA";-3;"CASCAVEL";"40";"N";0;"NÃO INFORMADA";"3176572.53";"#NE";"S";"-1";"06016870220266160000";"-3";"#NE";"-3";"#NE";"NÃO";"#NULO";-1;"#NULO";"N";"N";-1;-1;"2026-08-15 17:46:06";6;"RENÚNCIA";"-1";"#NULO";"-1";"#NULO";-1;"#NULO";-1;"#NULO";-1;"#NULO";4;"FEMININO";"1";"BRANCA"
"26/09/2026";"19:31:16";2026;6259;160002547665;-3;"#NE";1;"BRASILEIRA NATA";-3;"MARINGÁ";"64";"N";-1;"#NULO";"-1";"#NE";"S";"-1";"06012834820266160000";"-3";"#NE";"-3";"#NE";"SIM";"#NULO";2;"DEFERIDO";"N";"N";-1;-1;"2026-08-11 12:32:36";2;"DEFERIDO";"2";"DEFERIDO";"2";"DEFERIDO";-1;"#NULO";-1;"#NULO";-1;"#NULO";2;"MASCULINO";"1";"BRANCA"
"26/09/2026";"19:31:16";2026;6259;160002547390;-3;"#NE";1;"BRASILEIRA NATA";-3;"LONDRINA";"40";"N";-1;"#NULO";"1270629.01";"#NE";"S";"-1";"06014238220266160000";"-3";"#NE";"-3";"#NE";"SIM";"Válido";2;"DEFERIDO";"S";"N";-1;-1;"2026-08-11 12:36:56";2;"DEFERIDO";"2";"DEFERIDO";"2";"DEFERIDO";-1;"#NULO";-1;"#NULO";-1;"#NULO";2;"MASCULINO";"1";"BRANCA"
"26/09/2026";"19:31:16";2026;6259;160002547398;-3;"#NE";1;"BRASILEIRA NATA";-3;"LONDRINA";"62";"N";-1;"#NULO";"1270629.01";"#NE";"S";"-1";"06013926220266160000";"-3";"#NE";"-3";"#NE";"SIM";"Válido";2;"DEFERIDO";"S";"N";-1;-1;"2026-08-11 12:36:56";2;"DEFERIDO";"2";"DEFERIDO";"17";"PENDENTE DE JULGAMENTO";-1;"#NULO";-1;"#NULO";-1;"#NULO";2;"MASCULINO";"1";"BRANCA"
"26/09/2026";"19:31:16";2026;6259;160002547396;-3;"#NE";1;"BRASILEIRA NATA";-3;"LONDRINA";"34";"N";-1;"#NULO";"1270629.01";"#NE";"S";"-1";"06014081620266160000";"-3";"#NE";"-3";"#NE";"SIM";"Válido";2;"DEFERIDO";"S";"N";-1;-1;"2026-08-11 12:36:56";2;"DEFERIDO";"2";"DEFERIDO";"2";"DEFERIDO";-1;"#NULO";-1;"#NULO";-1;"#NULO";2;"MASCULINO";"1";"BRANCA"
"26/09/2026";"19:31:16";2026;6259;160002547636;-3;"#NE";1;"BRASILEIRA NATA";-3;"SÃO MATEUS DO SUL";"43";"N";0;"NÃO INFORMADA";"1270629.01";"#NE";"S";"-1";"06012271520266160000";"-3";"#NE";"-3";"#NE";"SIM";"Válido";2;"DEFERIDO";"S";"N";-1;-1;"2026-08-11 12:29:53";2;"DEFERIDO";"2";"DEFERIDO";"2";"DEFERIDO";-1;"#NULO";-1;"#NULO";-1;"#NULO";2;"MASCULINO";"1";"BRANCA"
"26/09/2026";"19:31:16";2026;6259;160002547623;-3;"#NE";1;"BRASILEIRA NATA";-3;"CASCAVEL";"57";"N";0;"NÃO INFORMADA";"1270629.01";"#NE";"S";"-1";"06012401420266160000";"-3";"#NE";"-3";"#NE";"SIM";"Válido";2;"DEFERIDO";"S";"N";-1;-1;"2026-08-11 12:29:53";2;"DEFERIDO";"2";"DEFERIDO";"2";"DEFERIDO";-1;"#NULO";-1;"#NULO";-1;"#NULO";4;"FEMININO";"1";"BRANCA"
"26/09/2026";"19:31:16";2026;6259;160002546825;-3;"#NE";1;"BRASILEIRA NATA";-3;"ALTÔNIA";"53";"N";0;"NÃO INFORMADA";"1270629.01";"#NE";"S";"-1";"06010132420266160000";"-3";"#NE";"-3";"#NE";"SIM";"Válido";2;"DEFERIDO";"S";"N";-1;-1;"2026-08-11 11:57:23";2;"DEFERIDO";"2";"DEFERIDO";"2";"DEFERIDO";-1;"#NULO";-1;"#NULO";-1;"#NULO";2;"MASCULINO";"1";"BRANCA"
"26/09/2026";"19:31:16";2026;6259;160002540788;-3;"#NE";1;"BRASILEIRA NATA";-3;"CLEVELÂNDIA";"40";"N";0;"NÃO INFORMADA";"3176572.53";"#NE";"S";"-1";"06007846420266160000";"-3";"#NE";"-3";"#NE";"SIM";"Válido";2;"DEFERIDO";"S";"N";-1;-1;"2026-08-07 13:56:41";2;"DEFERIDO";"2";"DEFERIDO";"2";"DEFERIDO";-1;"#NULO";-1;"#NULO";-1;"#NULO";2;"MASCULINO";"1";"BRANCA"
"26/09/2026";"19:31:16";2026;6259;160002532870;-3;"#NE";1;"BRASILEIRA NATA";-3;"SÃO JOSÉ DOS PINHAIS";"32";"N";0;"NÃO INFORMADA";"3176572.53";"#NE";"S";"-1";"06005810520266160000";"-3";"#NE";"-3";"#NE";"SIM";"Válido";2;"DEFERIDO";"S";"N";-1;-1;"2026-07-28 15:24:25";2;"DEFERIDO";"2";"DEFERIDO";"2";"DEFERIDO";-1;"#NULO";-1;"#NULO";-1;"#NULO";2;"MASCULINO";"1";"BRANCA"
"26/09/2026";"19:31:16";2026;6259;160002546900;-3;"#NE";1;"BRASILEIRA NATA";-3;"CURITIBA";"35";"N";0;"NÃO INFORMADA";"3176572.53";"#NE";"S";"-1";"06010869320266160000";"-3";"#NE";"-3";"#NE";"SIM";"Válido";2;"DEFERIDO";"S";"N";-1;-1;"2026-08-11 12:05:18";2;"DEFERIDO";"2";"DEFERIDO";"2";"DEFERIDO";-1;"#NULO";-1;"#NULO";-1;"#NULO";2;"MASCULINO";"1";"BRANCA"
"26/09/2026";"19:31:16";2026;6259;160002542338;-3;"#NE";1;"BRASILEIRA NATA";-3;"RONDON";"43";"N";0;"NÃO INFORMADA";"3176572.53";"#NE";"N";"-1";"06009430720266160000";"-3";"#NE";"-3";"#NE";"SIM";"Válido";2;"DEFERIDO";"S";"N";-1;-1;"2026-08-07 18:52:37";2;"DEFERIDO";"2";"DEFERIDO";"2";"DEFERIDO";-1;"#NULO";-1;"#NULO";-1;"#NULO";4;"FEMININO";"1";"BRANCA"
"26/09/2026";"19:31:16";2026;6259;160002532613;-3;"#NE";1;"BRASILEIRA NATA";-3;"SÃO PAULO";"54";"N";0;"NÃO INFORMADA";"3176572.53";"#NE";"S";"-1";"06005533720266160000";"-3";"#NE";"-3";"#NE";"SIM";"Válido";2;"DEFERIDO";"S";"N";-1;-1;"2026-07-27 16:24:27";2;"DEFERIDO";"2";"DEFERIDO";"2";"DEFERIDO";-1;"#NULO";-1;"#NULO";-1;"#NULO";4;"FEMININO";"2";"PRETA"
"26/09/2026";"19:31:16";2026;6259;160002547655;-3;"#NE";1;"BRASILEIRA NATA";-3;"CASCAVEL";"41";"N";-1;"#NULO";"-1";"#NE";"S";"-1";"06012782620266160000";"-3";"#NE";"-3";"#NE";"SIM";"#NULO";2;"DEFERIDO";"N";"N";-1;-1;"2026-08-11 12:28:43";2;"DEFERIDO";"2";"DEFERIDO";"2";"DEFERIDO";-1;"#NULO";-1;"#NULO";-1;"#NULO";2;"MASCULINO";"1";"BRANCA"
"26/09/2026";"19:31:16";2026;6259;160002552824;-3;"#NE";1;"BRASILEIRA NATA";-3;"SÃO PAULO";"77";"N";0;"NÃO INFORMADA";"1270629.01";"#NE";"N";"-1";"06016212220266160000";"-3";"#NE";"-3";"#NE";"SIM";"Válido";2;"DEFERIDO";"S";"N";-1;-1;"2026-08-15 13:17:58";2;"DEFERIDO";"2";"DEFERIDO";"2";"DEFERIDO";-1;"#NULO";-1;"#NULO";-1;"#NULO";4;"FEMININO";"3";"PARDA"
"26/09/2026";"19:31:16";2026;6259;160002547689;-3;"#NE";1;"BRASILEIRA NATA";-3;"CURITIBA";"55";"N";0;"NÃO INFORMADA";"1270629.01";"#NE";"S";"-1";"06013224520266160000";"-3";"#NE";"-3";"#NE";"SIM";"Válido";2;"DEFERIDO";"S";"N";-1;-1;"2026-08-11 12:35:16";2;"DEFERIDO";"2";"DEFERIDO";"2";"DEFERIDO";-1;"#NULO";-1;"#NULO";-1;"#NULO";2;"MASCULINO";"1";"BRANCA"
"26/09/2026";"19:31:16";2026;6259;160002547684;-3;"#NE";1;"BRASILEIRA NATA";-3;"CAMPINA DA LAGOA";"38";"N";0;"NÃO INFORMADA";"1270629.01";"#NE";"N";"-1";"06013033920266160000";"-3";"#NE";"-3";"#NE";"SIM";"Válido";2;"DEFERIDO";"S";"N";-1;-1;"2026-08-11 12:35:16";2;"DEFERIDO";"2";"DEFERIDO";"2";"DEFERIDO";-1;"#NULO";-1;"#NULO";-1;"#NULO";2;"MASCULINO";"3";"PARDA"
"26/09/2026";"19:31:16";2026;6259;160002547729;-3;"#NE";1;"BRASILEIRA NATA";-3;"FIGUEIRA";"60";"N";-1;"#NULO";"1270629.01";"#NE";"S";"-1";"06013570520266160000";"-3";"#NE";"-3";"#NE";"SIM";"Válido";2;"DEFERIDO";"S";"N";-1;-1;"2026-08-11 12:36:21";2;"DEFERIDO";"2";"DEFERIDO";"2";"DEFERIDO";-1;"#NULO";-1;"#NULO";-1;"#NULO";2;"MASCULINO";"1";"BRANCA"
"26/09/2026";"19:31:16";2026;6259;160002547552;-3;"#NE";1;"BRASILEIRA NATA";-3;"CURITIBA";"53";"N";0;"NÃO INFORMADA";"1270629.01";"#NE";"S";"-1";"06012055420266160000";"-3";"#NE";"-3";"#NE";"SIM";"Válido";2;"DEFERIDO";"S";"N";-1;-1;"2026-08-11 12:24:57";2;"DEFERIDO";"2";"DEFERIDO";"2";"DEFERIDO";-1;"#NULO";-1;"#NULO";-1;"#NULO";2;"MASCULINO";"1";"BRANCA"
"26/09/2026";"19:31:16";2026;6259;160002542347;-3;"#NE";2;"BRASILEIRA (NATURALIZADA)";-3;"CURITIBA";"38";"N";0;"NÃO INFORMADA";"1270629.01";"#NE";"N";"-1";"06008841920266160000";"-3";"#NE";"-3";"#NE";"SIM";"Válido";2;"DEFERIDO";"S";"N";-1;-1;"2026-08-07 18:51:36";2;"DEFERIDO";"2";"DEFERIDO";"2";"DEFERIDO";-1;"#NULO";-1;"#NULO";-1;"#NULO";4;"FEMININO";"1";"BRANCA"
"26/09/2026";"19:31:16";2026;6259;160002542258;-3;"#NE";1;"BRASILEIRA NATA";-3;"CURITIBA";"52";"N";0;"NÃO INFORMADA";"1270629.01";"#NE";"S";"-1";"06008123220266160000";"-3";"#NE";"-3";"#NE";"SIM";"Válido";2;"DEFERIDO";"S";"N";-1;-1;"2026-08-07 18:50:23";2;"DEFERIDO";"2";"DEFERIDO";"2";"DEFERIDO";-1;"#NULO";-1;"#NULO";-1;"#NULO";4;"FEMININO";"2";"PRETA"
"26/09/2026";"19:31:16";2026;6259;160002542233;-3;"#NE";1;"BRASILEIRA NATA";-3;"CAMPOS DOS GOYTACAZES";"33";"N";-1;"#NULO";"1270629.01";"#NE";"S";"-1";"06008071020266160000";"-3";"#NE";"-3";"#NE";"SIM";"Válido";2;"DEFERIDO";"S";"N";-1;-1;"2026-08-07 18:50:23";2;"DEFERIDO";"2";"DEFERIDO";"2";"DEFERIDO";-1;"#NULO";-1;"#NULO";-1;"#NULO";4;"FEMININO";"2";"PRETA"
"26/09/2026";"19:31:16";2026;6259;160002547532;-3;"#NE";1;"BRASILEIRA NATA";-3;"CURITIBA";"56";"N";0;"NÃO INFORMADA";"1270629.01";"#NE";"N";"-1";"06011370720266160000";"-3";"#NE";"-3";"#NE";"SIM";"Válido";2;"DEFERIDO";"S";"N";-1;-1;"2026-08-11 12:24:00";2;"DEFERIDO";"2";"DEFERIDO";"2";"DEFERIDO";-1;"#NULO";-1;"#NULO";-1;"#NULO";4;"FEMININO";"1";"BRANCA"
"26/09/2026";"19:31:16";2026;6259;160002549554;-3;"#NE";1;"BRASILEIRA NATA";-3;"TERRA ROXA";"46";"N";-1;"#NULO";"-1";"#NE";"S";"-1";"06014956920266160000";"-3";"#NE";"-3";"#NE";"NÃO";"#NULO";-1;"#NULO";"N";"S";-1;-1;"2026-08-12 12:39:21";6;"RENÚNCIA";"-1";"#NULO";"-1";"#NULO";-1;"#NULO";-1;"#NULO";-1;"#NULO";2;"MASCULINO";"1";"BRANCA"
"26/09/2026";"19:31:16";2026;6259;160002549549;-3;"#NE";1;"BRASILEIRA NATA";-3;"PIANCÓ";"61";"N";0;"NÃO INFORMADA";"3176572.53";"#NE";"S";"-1";"06014757820266160000";"-3";"#NE";"-3";"#NE";"SIM";"Válido";2;"DEFERIDO";"S";"N";-1;-1;"2026-08-12 12:38:35";2;"DEFERIDO";"2";"DEFERIDO";"2";"DEFERIDO";-1;"#NULO";-1;"#NULO";-1;"#NULO";2;"MASCULINO";"1";"BRANCA"
"26/09/2026";"19:31:16";2026;6259;160002552560;-3;"#NE";1;"BRASILEIRA NATA";-3;"NOVA OLÍMPIA";"39";"N";0;"NÃO INFORMADA";"11562724";"#NE";"N";"-1";"06016610420266160000";"-3";"#NE";"-3";"#NE";"SIM";"Anulado sub judice";4;"INDEFERIDO EM PRAZO RECURSAL OU COM RECURSO";"S";"N";-1;-1;"2026-08-15 13:21:34";4;"INDEFERIDO EM PRAZO RECURSAL OU COM RECURSO";"4";"INDEFERIDO EM PRAZO RECURSAL OU COM RECURSO";"4";"INDEFERIDO EM PRAZO RECURSAL OU COM RECURSO";-1;"#NULO";-1;"#NULO";-1;"#NULO";2;"MASCULINO";"3";"PARDA"
"26/09/2026";"19:31:16";2026;6259;160002540834;-3;"#NE";1;"BRASILEIRA NATA";-3;"CASCAVEL";"50";"N";0;"NÃO INFORMADA";"-1";"#NE";"S";"-1";"06007551420266160000";"-3";"#NE";"-3";"#NE";"SIM";"#NULO";2;"DEFERIDO";"N";"N";-1;-1;"2026-08-07 13:56:00";2;"DEFERIDO";"2";"DEFERIDO";"2";"DEFERIDO";-1;"#NULO";-1;"#NULO";-1;"#NULO";2;"MASCULINO";"1";"BRANCA"
"26/09/2026";"19:31:16";2026;6259;160002546878;-3;"#NE";1;"BRASILEIRA NATA";-3;"CURITIBA";"53";"N";0;"NÃO INFORMADA";"1270629.01";"#NE";"S";"-1";"06010652020266160000";"-3";"#NE";"-3";"#NE";"SIM";"Válido";2;"DEFERIDO";"S";"N";-1;-1;"2026-08-11 12:01:37";2;"DEFERIDO";"2";"DEFERIDO";"2";"DEFERIDO";-1;"#NULO";-1;"#NULO";-1;"#NULO";2;"MASCULINO";"1";"BRANCA"
"26/09/2026";"19:31:16";2026;6259;160002540805;-3;"#NE";1;"BRASILEIRA NATA";-3;"CAPANEMA";"58";"N";0;"NÃO INFORMADA";"3176572.53";"#NE";"S";"-1";"06007733520266160000";"-3";"#NE";"-3";"#NE";"SIM";"Válido";2;"DEFERIDO";"S";"N";-1;-1;"2026-08-07 13:56:41";2;"DEFERIDO";"2";"DEFERIDO";"2";"DEFERIDO";-1;"#NULO";-1;"#NULO";-1;"#NULO";2;"MASCULINO";"1";"BRANCA"
"26/09/2026";"19:31:16";2026;6259;160002551044;-3;"#NE";1;"BRASILEIRA NATA";-3;"CURITIBA";"42";"N";-1;"#NULO";"-1";"#NE";"S";"-1";"06015883220266160000";"-3";"#NE";"-3";"#NE";"SIM";"#NULO";2;"DEFERIDO";"N";"N";-1;-1;"2026-08-13 14:53:37";2;"DEFERIDO";"2";"DEFERIDO";"2";"DEFERIDO";-1;"#NULO";-1;"#NULO";-1;"#NULO";4;"FEMININO";"1";"BRANCA"
"26/09/2026";"19:31:16";2026;6259;160002549543;-3;"#NE";1;"BRASILEIRA NATA";-3;"CURITIBA";"44";"N";0;"NÃO INFORMADA";"3176572.53";"#NE";"S";"-1";"06014627920266160000";"-3";"#NE";"-3";"#NE";"SIM";"Válido";2;"DEFERIDO";"S";"N";-1;-1;"2026-08-12 12:38:35";2;"DEFERIDO";"2";"DEFERIDO";"2";"DEFERIDO";-1;"#NULO";-1;"#NULO";-1;"#NULO";4;"FEMININO";"1";"BRANCA"
"26/09/2026";"19:31:16";2026;6259;160002542307;-3;"#NE";1;"BRASILEIRA NATA";-3;"CURITIBA";"30";"N";0;"NÃO INFORMADA";"3176572.53";"#NE";"S";"-1";"06009777920266160000";"-3";"#NE";"-3";"#NE";"SIM";"Válido";2;"DEFERIDO";"S";"N";-1;-1;"2026-08-07 18:52:09";2;"DEFERIDO";"2";"DEFERIDO";"2";"DEFERIDO";-1;"#NULO";-1;"#NULO";-1;"#NULO";2;"MASCULINO";"1";"BRANCA"
"26/09/2026";"19:31:16";2026;6259;160002551028;-3;"#NE";1;"BRASILEIRA NATA";-3;"CURITIBA";"29";"N";0;"NÃO INFORMADA";"3176572.53";"#NE";"S";"-1";"06015156020266160000";"-3";"#NE";"-3";"#NE";"SIM";"Válido";2;"DEFERIDO";"S";"N";-1;-1;"2026-08-13 14:52:35";2;"DEFERIDO";"2";"DEFERIDO";"2";"DEFERIDO";-1;"#NULO";-1;"#NULO";-1;"#NULO";2;"MASCULINO";"1";"BRANCA"
"26/09/2026";"19:31:16";2026;6259;160002532866;-3;"#NE";1;"BRASILEIRA NATA";-3;"CAMPO MOURÃO";"42";"N";0;"NÃO INFORMADA";"3176572.53";"#NE";"S";"-1";"06005768020266160000";"-3";"#NE";"-3";"#NE";"SIM";"Válido";2;"DEFERIDO";"S";"N";-1;-1;"2026-07-28 15:24:25";2;"DEFERIDO";"2";"DEFERIDO";"2";"DEFERIDO";-1;"#NULO";-1;"#NULO";-1;"#NULO";4;"FEMININO";"1";"BRANCA"
"26/09/2026";"19:31:16";2026;6259;160002547465;-3;"#NE";1;"BRASILEIRA NATA";-3;"CURITIBA";"49";"N";0;"NÃO INFORMADA";"3176572.53";"#NE";"S";"-1";"06010773420266160000";"-3";"#NE";"-3";"#NE";"SIM";"Válido";2;"DEFERIDO";"S";"N";-1;-1;"2026-08-11 12:05:18";2;"DEFERIDO";"2";"DEFERIDO";"2";"DEFERIDO";-1;"#NULO";-1;"#NULO";-1;"#NULO";2;"MASCULINO";"1";"BRANCA"
"26/09/2026";"19:31:16";2026;6259;160002542322;-3;"#NE";1;"BRASILEIRA NATA";-3;"BAGÉ";"41";"N";0;"NÃO INFORMADA";"3176572.53";"#NE";"S";"-1";"06009422220266160000";"-3";"#NE";"-3";"#NE";"SIM";"Válido";2;"DEFERIDO";"S";"N";-1;-1;"2026-08-07 18:52:37";2;"DEFERIDO";"2";"DEFERIDO";"2";"DEFERIDO";-1;"#NULO";-1;"#NULO";-1;"#NULO";2;"MASCULINO";"1";"BRANCA"
"26/09/2026";"19:31:16";2026;6259;160002552801;-3;"#NE";1;"BRASILEIRA NATA";-3;"TELÊMACO BORBA";"57";"N";-1;"#NULO";"1270629.01";"#NE";"S";"-1";"06016463520266160000";"-3";"#NE";"-3";"#NE";"SIM";"Válido";2;"DEFERIDO";"S";"N";-1;-1;"2026-08-15 13:17:58";2;"DEFERIDO";"2";"DEFERIDO";"2";"DEFERIDO";-1;"#NULO";-1;"#NULO";-1;"#NULO";4;"FEMININO";"3";"PARDA"
"26/09/2026";"19:31:16";2026;6259;160002552796;-3;"#NE";1;"BRASILEIRA NATA";-3;"APUCARANA";"65";"N";0;"NÃO INFORMADA";"1270629.01";"#NE";"S";"-1";"06016134520266160000";"-3";"#NE";"-3";"#NE";"SIM";"Válido";2;"DEFERIDO";"S";"N";-1;-1;"2026-08-15 13:17:58";2;"DEFERIDO";"2";"DEFERIDO";"2";"DEFERIDO";-1;"#NULO";-1;"#NULO";-1;"#NULO";2;"MASCULINO";"1";"BRANCA"
"26/09/2026";"19:31:16";2026;6259;160002547677;-3;"#NE";1;"BRASILEIRA NATA";-3;"SANTA HELENA";"43";"N";0;"NÃO INFORMADA";"1270629.01";"#NE";"S";"-1";"06013172320266160000";"-3";"#NE";"-3";"#NE";"SIM";"Válido";2;"DEFERIDO";"S";"N";-1;-1;"2026-08-11 12:35:16";2;"DEFERIDO";"2";"DEFERIDO";"2";"DEFERIDO";-1;"#NULO";-1;"#NULO";-1;"#NULO";4;"FEMININO";"1";"BRANCA"
"26/09/2026";"19:31:16";2026;6259;160002547755;-3;"#NE";1;"BRASILEIRA NATA";-3;"CURITIBA";"37";"N";0;"NÃO INFORMADA";"1270629.01";"#NE";"S";"-1";"06013545020266160000";"-3";"#NE";"-3";"#NE";"SIM";"Válido";2;"DEFERIDO";"S";"N";-1;-1;"2026-08-11 12:36:21";2;"DEFERIDO";"2";"DEFERIDO";"2";"DEFERIDO";-1;"#NULO";-1;"#NULO";-1;"#NULO";4;"FEMININO";"1";"BRANCA"
"26/09/2026";"19:31:16";2026;6259;160002553385;-3;"#NE";1;"BRASILEIRA NATA";-3;"SÃO MATEUS DO SUL";"32";"N";-1;"#NULO";"1270629.01";"#NE";"S";"-1";"06017173720266160000";"-3";"#NE";"-3";"#NE";"SIM";"Válido";2;"DEFERIDO";"S";"N";-1;-1;"2026-08-15 17:47:33";2;"DEFERIDO";"2";"DEFERIDO";"2";"DEFERIDO";-1;"#NULO";-1;"#NULO";-1;"#NULO";2;"MASCULINO";"1";"BRANCA"
"26/09/2026";"19:31:16";2026;6259;160002551161;-3;"#NE";1;"BRASILEIRA NATA";-3;"LONDRINA";"22";"N";0;"NÃO INFORMADA";"1270629.01";"#NE";"S";"-1";"06015675620266160000";"-3";"#NE";"-3";"#NE";"SIM";"Válido";2;"DEFERIDO";"S";"N";-1;-1;"2026-08-13 14:59:10";2;"DEFERIDO";"2";"DEFERIDO";"2";"DEFERIDO";-1;"#NULO";-1;"#NULO";-1;"#NULO";2;"MASCULINO";"1";"BRANCA"
"26/09/2026";"19:31:16";2026;6259;160002551159;-3;"#NE";1;"BRASILEIRA NATA";-3;"LONDRINA";"27";"N";0;"NÃO INFORMADA";"1270629.01";"#NE";"N";"-1";"06015667120266160000";"-3";"#NE";"-3";"#NE";"SIM";"Válido";2;"DEFERIDO";"S";"N";-1;-1;"2026-08-13 14:59:10";2;"DEFERIDO";"2";"DEFERIDO";"2";"DEFERIDO";-1;"#NULO";-1;"#NULO";-1;"#NULO";2;"MASCULINO";"3";"PARDA"
"26/09/2026";"19:31:16";2026;6259;160002547549;-3;"#NE";1;"BRASILEIRA NATA";-3;"COLOMBO";"41";"N";0;"NÃO INFORMADA";"1270629.01";"#NE";"S";"-1";"06011925520266160000";"-3";"#NE";"-3";"#NE";"SIM";"Válido";2;"DEFERIDO";"S";"N";-1;-1;"2026-08-11 12:24:57";2;"DEFERIDO";"2";"DEFERIDO";"2";"DEFERIDO";-1;"#NULO";-1;"#NULO";-1;"#NULO";2;"MASCULINO";"1";"BRANCA"
"26/09/2026";"19:31:16";2026;6259;160002542365;-3;"#NE";1;"BRASILEIRA NATA";-3;"CURITIBA";"46";"N";0;"NÃO INFORMADA";"1270629.01";"#NE";"S";"-1";"06009076220266160000";"-3";"#NE";"-3";"#NE";"SIM";"Válido";2;"DEFERIDO";"S";"N";-1;-1;"2026-08-07 18:51:36";2;"DEFERIDO";"2";"DEFERIDO";"2";"DEFERIDO";-1;"#NULO";-1;"#NULO";-1;"#NULO";4;"FEMININO";"1";"BRANCA"
"26/09/2026";"19:31:16";2026;6259;160002542242;-3;"#NE";1;"BRASILEIRA NATA";-3;"CURITIBA";"29";"N";0;"NÃO INFORMADA";"1270629.01";"#NE";"S";"-1";"06008296820266160000";"-3";"#NE";"-3";"#NE";"SIM";"Válido";2;"DEFERIDO";"S";"N";-1;-1;"2026-08-07 18:50:23";2;"DEFERIDO";"2";"DEFERIDO";"2";"DEFERIDO";-1;"#NULO";-1;"#NULO";-1;"#NULO";2;"MASCULINO";"2";"PRETA"
"26/09/2026";"19:31:16";2026;6259;160002542240;-3;"#NE";1;"BRASILEIRA NATA";-3;"PONTA GROSSA";"27";"N";-1;"#NULO";"1270629.01";"#NE";"S";"-1";"06008158420266160000";"-3";"#NE";"-3";"#NE";"SIM";"Válido";2;"DEFERIDO";"S";"N";-1;-1;"2026-08-07 18:50:23";2;"DEFERIDO";"2";"DEFERIDO";"2";"DEFERIDO";-1;"#NULO";-1;"#NULO";-1;"#NULO";2;"MASCULINO";"1";"BRANCA"
"26/09/2026";"19:31:16";2026;6259;160002533439;-3;"#NE";1;"BRASILEIRA NATA";-3;"GONÇALVES DIAS";"51";"N";0;"NÃO INFORMADA";"1270629.01";"#NE";"S";"-1";"06006157720266160000";"-3";"#NE";"-3";"#NE";"SIM";"Válido";2;"DEFERIDO";"S";"N";-1;-1;"2026-07-29 17:41:27";2;"DEFERIDO";"2";"DEFERIDO";"2";"DEFERIDO";-1;"#NULO";-1;"#NULO";-1;"#NULO";2;"MASCULINO";"1";"BRANCA"
"26/09/2026";"19:31:16";2026;6259;160002533454;-3;"#NE";1;"BRASILEIRA NATA";-3;"NOVA LONDRINA";"58";"N";0;"NÃO INFORMADA";"1270629.01";"#NE";"S";"-1";"06006443020266160000";"-3";"#NE";"-3";"#NE";"SIM";"Válido";2;"DEFERIDO";"S";"N";-1;-1;"2026-07-29 17:41:27";2;"DEFERIDO";"2";"DEFERIDO";"2";"DEFERIDO";-1;"#NULO";-1;"#NULO";-1;"#NULO";2;"MASCULINO";"1";"BRANCA"
"26/09/2026";"19:31:16";2026;6259;160002547518;-3;"#NE";1;"BRASILEIRA NATA";-3;"CURITIBA";"47";"N";0;"NÃO INFORMADA";"1270629.01";"#NE";"S";"-1";"06012003220266160000";"-3";"#NE";"-3";"#NE";"SIM";"Válido";2;"DEFERIDO";"S";"N";-1;-1;"2026-08-11 12:24:00";2;"DEFERIDO";"2";"DEFERIDO";"2";"DEFERIDO";-1;"#NULO";-1;"#NULO";-1;"#NULO";2;"MASCULINO";"1";"BRANCA"
"26/09/2026";"19:31:16";2026;6259;160002547524;-3;"#NE";1;"BRASILEIRA NATA";-3;"CURITIBA";"44";"N";0;"NÃO INFORMADA";"1270629.01";"#NE";"N";"-1";"06011189820266160000";"-3";"#NE";"-3";"#NE";"SIM";"Válido";2;"DEFERIDO";"S";"N";-1;-1;"2026-08-11 12:24:00";2;"DEFERIDO";"2";"DEFERIDO";"2";"DEFERIDO";-1;"#NULO";-1;"#NULO";-1;"#NULO";4;"FEMININO";"3";"PARDA"
"26/09/2026";"19:31:16";2026;6259;160002547508;-3;"#NE";1;"BRASILEIRA NATA";-3;"RECIFE";"46";"N";0;"NÃO INFORMADA";"1270629.01";"#NE";"S";"-1";"06011458120266160000";"-3";"#NE";"-3";"#NE";"SIM";"Válido";2;"DEFERIDO";"S";"N";-1;-1;"2026-08-11 12:24:00";2;"DEFERIDO";"2";"DEFERIDO";"2";"DEFERIDO";-1;"#NULO";-1;"#NULO";-1;"#NULO";2;"MASCULINO";"1";"BRANCA"
"26/09/2026";"19:31:16";2026;6259;160002547666;-3;"#NE";1;"BRASILEIRA NATA";-3;"CURITIBA";"47";"N";0;"NÃO INFORMADA";"11562724";"#NE";"S";"-1";"06012757120266160000";"-3";"#NE";"-3";"#NE";"SIM";"Válido";2;"DEFERIDO";"S";"N";-1;-1;"2026-08-11 12:32:36";2;"DEFERIDO";"2";"DEFERIDO";"2";"DEFERIDO";-1;"#NULO";-1;"#NULO";-1;"#NULO";2;"MASCULINO";"1";"BRANCA"
"26/09/2026";"19:31:16";2026;6259;160002546842;-3;"#NE";1;"BRASILEIRA NATA";-3;"DOIS VIZINHOS";"63";"N";0;"NÃO INFORMADA";"1270629.01";"#NE";"S";"-1";"06009985520266160000";"-3";"#NE";"-3";"#NE";"SIM";"Válido";2;"DEFERIDO";"S";"N";-1;-1;"2026-08-11 11:57:23";2;"DEFERIDO";"2";"DEFERIDO";"2";"DEFERIDO";-1;"#NULO";-1;"#NULO";-1;"#NULO";2;"MASCULINO";"3";"PARDA"
"26/09/2026";"19:31:16";2026;6259;160002546826;-3;"#NE";1;"BRASILEIRA NATA";-3;"APUCARANA";"37";"N";0;"NÃO INFORMADA";"1270629.01";"#NE";"S";"-1";"06010080220266160000";"-3";"#NE";"-3";"#NE";"SIM";"Válido";2;"DEFERIDO";"S";"N";-1;-1;"2026-08-11 11:57:23";2;"DEFERIDO";"2";"DEFERIDO";"2";"DEFERIDO";-1;"#NULO";-1;"#NULO";-1;"#NULO";2;"MASCULINO";"1";"BRANCA"
"26/09/2026";"19:31:16";2026;6259;160002553670;-3;"#NE";1;"BRASILEIRA NATA";-3;"PARANAGUÁ";"36";"N";0;"NÃO INFORMADA";"1270629.01";"#NE";"N";"-1";"06017269620266160000";"-3";"#NE";"-3";"#NE";"SIM";"Válido";2;"DEFERIDO";"N";"N";-1;-1;"2026-08-15 18:24:02";2;"DEFERIDO";"2";"DEFERIDO";"2";"DEFERIDO";-1;"#NULO";-1;"#NULO";-1;"#NULO";4;"FEMININO";"3";"PARDA"
"26/09/2026";"19:31:16";2026;6259;160002549535;-3;"#NE";1;"BRASILEIRA NATA";-3;"CURITIBA";"62";"N";-1;"#NULO";"3176572.53";"#NE";"N";"-1";"06014887720266160000";"-3";"#NE";"-3";"#NE";"SIM";"Válido";2;"DEFERIDO";"S";"N";-1;-1;"2026-08-12 12:38:35";2;"DEFERIDO";"2";"DEFERIDO";"2";"DEFERIDO";-1;"#NULO";-1;"#NULO";-1;"#NULO";4;"FEMININO";"2";"PRETA"
"26/09/2026";"19:31:16";2026;6259;160002547735;-3;"#NE";1;"BRASILEIRA NATA";-3;"LONDRINA";"28";"N";0;"NÃO INFORMADA";"1270629.01";"#NE";"S";"-1";"06013588720266160000";"-3";"#NE";"-3";"#NE";"SIM";"Anulado sub judice";4;"INDEFERIDO EM PRAZO RECURSAL OU COM RECURSO";"S";"N";-1;-1;"2026-08-11 12:36:21";4;"INDEFERIDO EM PRAZO RECURSAL OU COM RECURSO";"4";"INDEFERIDO EM PRAZO RECURSAL OU COM RECURSO";"4";"INDEFERIDO EM PRAZO RECURSAL OU COM RECURSO";-1;"#NULO";-1;"#NULO";-1;"#NULO";2;"MASCULINO";"1";"BRANCA"
"26/09/2026";"19:31:16";2026;6259;160002549531;-3;"#NE";1;"BRASILEIRA NATA";-3;"FOZ DO IGUAÇU";"34";"N";0;"NÃO INFORMADA";"3176572.53";"#NE";"N";"-1";"06014896220266160000";"-3";"#NE";"-3";"#NE";"SIM";"Anulado sub judice";4;"INDEFERIDO EM PRAZO RECURSAL OU COM RECURSO";"S";"N";-1;-1;"2026-08-12 12:38:35";4;"INDEFERIDO EM PRAZO RECURSAL OU COM RECURSO";"4";"INDEFERIDO EM PRAZO RECURSAL OU COM RECURSO";"4";"INDEFERIDO EM PRAZO RECURSAL OU COM RECURSO";-1;"#NULO";-1;"#NULO";-1;"#NULO";2;"MASCULINO";"3";"PARDA"
"26/09/2026";"19:31:16";2026;6259;160002554124;-3;"#NE";1;"BRASILEIRA NATA";-3;"FRANCISCO BELTRÃO";"36";"N";-1;"#NULO";"3176572.53";"#NE";"N";"-1";"06018013820266160000";"-3";"#NE";"-3";"#NE";"SIM";"Anulado sub judice";4;"INDEFERIDO EM PRAZO RECURSAL OU COM RECURSO";"N";"N";-1;-1;"2026-08-20 11:01:21";4;"INDEFERIDO EM PRAZO RECURSAL OU COM RECURSO";"4";"INDEFERIDO EM PRAZO RECURSAL OU COM RECURSO";"4";"INDEFERIDO EM PRAZO RECURSAL OU COM RECURSO";-1;"#NULO";-1;"#NULO";-1;"#NULO";-1;"#NULO";"-1";"#NULO"
"26/09/2026";"19:31:16";2026;6259;160002549507;-3;"#NE";1;"BRASILEIRA NATA";-3;"ENGENHEIRO BELTRÃO";"59";"N";-1;"#NULO";"1270629.01";"#NE";"N";"-1";"06014498020266160000";"-3";"#NE";"-3";"#NE";"SIM";"Válido";2;"DEFERIDO";"S";"N";-1;-1;"2026-08-12 12:34:54";2;"DEFERIDO";"2";"DEFERIDO";"2";"DEFERIDO";-1;"#NULO";-1;"#NULO";-1;"#NULO";4;"FEMININO";"2";"PRETA"
"26/09/2026";"19:31:16";2026;6259;160002547959;-3;"#NE";1;"BRASILEIRA NATA";-3;"RIO BRANCO DO SUL";"33";"N";0;"NÃO INFORMADA";"1270629.01";"#NE";"S";"-1";"06014099820266160000";"-3";"#NE";"-3";"#NE";"SIM";"Válido";2;"DEFERIDO";"S";"N";-1;-1;"2026-08-11 12:36:56";2;"DEFERIDO";"2";"DEFERIDO";"2";"DEFERIDO";-1;"#NULO";-1;"#NULO";-1;"#NULO";2;"MASCULINO";"1";"BRANCA"
"26/09/2026";"19:31:16";2026;6259;160002547608;-3;"#NE";1;"BRASILEIRA NATA";-3;"MEDIANEIRA";"36";"N";0;"NÃO INFORMADA";"1270629.01";"#NE";"S";"-1";"06012210820266160000";"-3";"#NE";"-3";"#NE";"SIM";"Válido";2;"DEFERIDO";"S";"N";-1;-1;"2026-08-11 12:29:53";2;"DEFERIDO";"2";"DEFERIDO";"2";"DEFERIDO";-1;"#NULO";-1;"#NULO";-1;"#NULO";2;"MASCULINO";"1";"BRANCA"
"26/09/2026";"19:31:16";2026;6259;160002547615;-3;"#NE";1;"BRASILEIRA NATA";-3;"PORECATU";"64";"N";0;"NÃO INFORMADA";"1270629.01";"#NE";"S";"-1";"06012583520266160000";"-3";"#NE";"-3";"#NE";"SIM";"Válido";2;"DEFERIDO";"S";"N";-1;-1;"2026-08-11 12:29:53";2;"DEFERIDO";"2";"DEFERIDO";"2";"DEFERIDO";-1;"#NULO";-1;"#NULO";-1;"#NULO";4;"FEMININO";"2";"PRETA"
"26/09/2026";"19:31:16";2026;6259;160002546877;-3;"#NE";1;"BRASILEIRA NATA";-3;"CURITIBA";"38";"N";0;"NÃO INFORMADA";"1270629.01";"#NE";"S";"-1";"06010704220266160000";"-3";"#NE";"-3";"#NE";"SIM";"Válido";2;"DEFERIDO";"S";"N";-1;-1;"2026-08-11 12:01:37";2;"DEFERIDO";"2";"DEFERIDO";"2";"DEFERIDO";-1;"#NULO";-1;"#NULO";-1;"#NULO";2;"MASCULINO";"1";"BRANCA"
"26/09/2026";"19:31:16";2026;6259;160002552800;-3;"#NE";1;"BRASILEIRA NATA";-3;"CURITIBA";"52";"N";-1;"#NULO";"1270629.01";"#NE";"S";"-1";"06016178220266160000";"-3";"#NE";"-3";"#NE";"SIM";"Válido";2;"DEFERIDO";"S";"N";-1;-1;"2026-08-15 13:17:58";2;"DEFERIDO";"2";"DEFERIDO";"2";"DEFERIDO";-1;"#NULO";-1;"#NULO";-1;"#NULO";2;"MASCULINO";"3";"PARDA"
"26/09/2026";"19:31:16";2026;6259;160002552831;-3;"#NE";1;"BRASILEIRA NATA";-3;"FORTALEZA";"30";"N";0;"NÃO INFORMADA";"1270629.01";"#NE";"S";"-1";"06016532720266160000";"-3";"#NE";"-3";"#NE";"SIM";"Válido";2;"DEFERIDO";"S";"N";-1;-1;"2026-08-15 13:17:58";2;"DEFERIDO";"2";"DEFERIDO";"2";"DEFERIDO";-1;"#NULO";-1;"#NULO";-1;"#NULO";2;"MASCULINO";"1";"BRANCA"
"26/09/2026";"19:31:16";2026;6259;160002552793;-3;"#NE";1;"BRASILEIRA NATA";-3;"CAPINZAL";"54";"N";-1;"#NULO";"1270629.01";"#NE";"N";"-1";"06016308120266160000";"-3";"#NE";"-3";"#NE";"SIM";"Válido";2;"DEFERIDO";"S";"N";-1;-1;"2026-08-15 13:17:58";2;"DEFERIDO";"2";"DEFERIDO";"2";"DEFERIDO";-1;"#NULO";-1;"#NULO";-1;"#NULO";2;"MASCULINO";"1";"BRANCA"
"26/09/2026";"19:31:16";2026;6259;160002552807;-3;"#NE";1;"BRASILEIRA NATA";-3;"CURITIBA";"64";"N";-1;"#NULO";"1270629.01";"#NE";"S";"-1";"06016316620266160000";"-3";"#NE";"-3";"#NE";"SIM";"Válido";2;"DEFERIDO";"S";"N";-1;-1;"2026-08-15 13:17:58";2;"DEFERIDO";"2";"DEFERIDO";"2";"DEFERIDO";-1;"#NULO";-1;"#NULO";-1;"#NULO";4;"FEMININO";"1";"BRANCA"
"26/09/2026";"19:31:16";2026;6259;160002549532;-3;"#NE";1;"BRASILEIRA NATA";-3;"CORONEL VIVIDA";"69";"N";0;"NÃO INFORMADA";"3176572.53";"#NE";"S";"-1";"06014766320266160000";"-3";"#NE";"-3";"#NE";"SIM";"Válido";2;"DEFERIDO";"S";"N";-1;-1;"2026-08-12 12:38:35";2;"DEFERIDO";"2";"DEFERIDO";"2";"DEFERIDO";-1;"#NULO";-1;"#NULO";-1;"#NULO";2;"MASCULINO";"1";"BRANCA"
"26/09/2026";"19:31:16";2026;6259;160002549548;-3;"#NE";1;"BRASILEIRA NATA";-3;"BELÉM";"34";"N";0;"NÃO INFORMADA";"3176572.53";"#NE";"S";"-1";"06014879220266160000";"-3";"#NE";"-3";"#NE";"SIM";"Válido";2;"DEFERIDO";"S";"N";-1;-1;"2026-08-12 12:38:35";2;"DEFERIDO";"2";"DEFERIDO";"2";"DEFERIDO";-1;"#NULO";-1;"#NULO";-1;"#NULO";2;"MASCULINO";"2";"PRETA"
"26/09/2026";"19:31:16";2026;6259;160002553365;-3;"#NE";1;"BRASILEIRA NATA";-3;"CIANORTE";"60";"N";0;"NÃO INFORMADA";"3176572.53";"#NE";"S";"-1";"06017009820266160000";"-3";"#NE";"-3";"#NE";"SIM";"Válido";2;"DEFERIDO";"S";"N";-1;-1;"2026-08-15 17:46:06";2;"DEFERIDO";"2";"DEFERIDO";"2";"DEFERIDO";-1;"#NULO";-1;"#NULO";-1;"#NULO";2;"MASCULINO";"1";"BRANCA"
"26/09/2026";"19:31:16";2026;6259;160002551018;-3;"#NE";1;"BRASILEIRA NATA";-3;"MARINGÁ";"32";"N";0;"NÃO INFORMADA";"3176572.53";"#NE";"S";"-1";"06015233720266160000";"-3";"#NE";"-3";"#NE";"SIM";"Válido";2;"DEFERIDO";"S";"N";-1;-1;"2026-08-13 14:52:35";2;"DEFERIDO";"2";"DEFERIDO";"2";"DEFERIDO";-1;"#NULO";-1;"#NULO";-1;"#NULO";2;"MASCULINO";"1";"BRANCA"
"26/09/2026";"19:31:16";2026;6259;160002542318;-3;"#NE";1;"BRASILEIRA NATA";-3;"JANDAIA DO SUL";"64";"N";-1;"#NULO";"3176572.53";"#NE";"S";"-1";"06009292320266160000";"-3";"#NE";"-3";"#NE";"SIM";"Válido";2;"DEFERIDO";"S";"N";-1;-1;"2026-08-07 18:52:37";2;"DEFERIDO";"2";"DEFERIDO";"2";"DEFERIDO";-1;"#NULO";-1;"#NULO";-1;"#NULO";2;"MASCULINO";"1";"BRANCA"
"26/09/2026";"19:31:16";2026;6259;160002542316;-3;"#NE";1;"BRASILEIRA NATA";-3;"OURIZONA";"46";"N";0;"NÃO INFORMADA";"3176572.53";"#NE";"S";"-1";"06009153920266160000";"-3";"#NE";"-3";"#NE";"SIM";"Válido";2;"DEFERIDO";"S";"N";-1;-1;"2026-08-07 18:52:37";2;"DEFERIDO";"2";"DEFERIDO";"2";"DEFERIDO";-1;"#NULO";-1;"#NULO";-1;"#NULO";2;"MASCULINO";"1";"BRANCA"
"26/09/2026";"19:31:16";2026;6259;160002542315;-3;"#NE";1;"BRASILEIRA NATA";-3;"FRANCISCO BELTRÃO";"41";"N";-1;"#NULO";"3176572.53";"#NE";"N";"-1";"06009448920266160000";"-3";"#NE";"-3";"#NE";"SIM";"Válido";2;"DEFERIDO";"S";"N";-1;-1;"2026-08-07 18:52:37";2;"DEFERIDO";"2";"DEFERIDO";"2";"DEFERIDO";-1;"#NULO";-1;"#NULO";-1;"#NULO";4;"FEMININO";"1";"BRANCA"
"26/09/2026";"19:31:16";2026;6259;160002542320;-3;"#NE";1;"BRASILEIRA NATA";-3;"RIO DE JANEIRO";"69";"N";0;"NÃO INFORMADA";"3176572.53";"#NE";"S";"-1";"06009258320266160000";"-3";"#NE";"-3";"#NE";"SIM";"Válido";2;"DEFERIDO";"S";"N";-1;-1;"2026-08-07 18:52:37";2;"DEFERIDO";"2";"DEFERIDO";"2";"DEFERIDO";-1;"#NULO";-1;"#NULO";-1;"#NULO";4;"FEMININO";"1";"BRANCA"
"26/09/2026";"19:31:16";2026;6259;160002532590;-3;"#NE";1;"BRASILEIRA NATA";-3;"CURITIBA";"26";"N";0;"NÃO INFORMADA";"3176572.53";"#NE";"S";"-1";"06005273920266160000";"-3";"#NE";"-3";"#NE";"SIM";"Válido";2;"DEFERIDO";"S";"N";-1;-1;"2026-07-27 16:24:27";2;"DEFERIDO";"2";"DEFERIDO";"2";"DEFERIDO";-1;"#NULO";-1;"#NULO";-1;"#NULO";4;"FEMININO";"1";"BRANCA"
"26/09/2026";"19:31:16";2026;6259;160002536498;-3;"#NE";1;"BRASILEIRA NATA";-3;"AQUIDAUANA";"43";"N";0;"NÃO INFORMADA";"3176572.53";"#NE";"N";"-1";"06006910420266160000";"-3";"#NE";"-3";"#NE";"SIM";"Válido";2;"DEFERIDO";"S";"N";-1;-1;"2026-08-04 17:55:10";2;"DEFERIDO";"2";"DEFERIDO";"2";"DEFERIDO";-1;"#NULO";-1;"#NULO";-1;"#NULO";4;"FEMININO";"1";"BRANCA"
"26/09/2026";"19:31:16";2026;6259;160002536519;-3;"#NE";1;"BRASILEIRA NATA";-3;"UMUARAMA";"48";"N";0;"NÃO INFORMADA";"3176572.53";"#NE";"S";"-1";"06007058520266160000";"-3";"#NE";"-3";"#NE";"SIM";"Válido";2;"DEFERIDO";"S";"N";-1;-1;"2026-08-04 17:55:10";2;"DEFERIDO";"2";"DEFERIDO";"2";"DEFERIDO";-1;"#NULO";-1;"#NULO";-1;"#NULO";2;"MASCULINO";"1";"BRANCA"
"26/09/2026";"19:31:16";2026;6259;160002547653;-3;"#NE";1;"BRASILEIRA NATA";-3;"LAPA";"61";"N";-1;"#NULO";"-1";"#NE";"S";"-1";"06013285220266160000";"-3";"#NE";"-3";"#NE";"SIM";"#NULO";2;"DEFERIDO";"N";"N";-1;-1;"2026-08-11 12:28:43";2;"DEFERIDO";"2";"DEFERIDO";"2";"DEFERIDO";-1;"#NULO";-1;"#NULO";-1;"#NULO";4;"FEMININO";"2";"PRETA"
"26/09/2026";"19:31:16";2026;6259;160002552578;-3;"#NE";1;"BRASILEIRA NATA";-3;"CORUMBÁ";"55";"N";0;"NÃO INFORMADA";"1270629.01";"#NE";"N";"-1";"06016758520266160000";"-3";"#NE";"-3";"#NE";"SIM";"Válido";2;"DEFERIDO";"S";"N";-1;-1;"2026-08-15 13:27:54";2;"DEFERIDO";"2";"DEFERIDO";"2";"DEFERIDO";-1;"#NULO";-1;"#NULO";-1;"#NULO";2;"MASCULINO";"1";"BRANCA"
"26/09/2026";"19:31:16";2026;6259;160002547530;-3;"#NE";1;"BRASILEIRA NATA";-3;"CURITIBA";"54";"N";0;"NÃO INFORMADA";"1270629.01";"#NE";"S";"-1";"06011146120266160000";"-3";"#NE";"-3";"#NE";"SIM";"Válido";2;"DEFERIDO";"S";"N";-1;-1;"2026-08-11 12:24:00";2;"DEFERIDO";"2";"DEFERIDO";"2";"DEFERIDO";-1;"#NULO";-1;"#NULO";-1;"#NULO";4;"FEMININO";"1";"BRANCA"
"26/09/2026";"19:31:16";2026;6259;160002532864;-3;"#NE";1;"BRASILEIRA NATA";-3;"CAMPO MOURÃO";"57";"N";0;"NÃO INFORMADA";"3176572.53";"#NE";"S";"-1";"06005707320266160000";"-3";"#NE";"-3";"#NE";"NÃO";"#NULO";-1;"#NULO";"N";"N";-1;-1;"2026-07-28 15:24:25";6;"RENÚNCIA";"-1";"#NULO";"-1";"#NULO";-1;"#NULO";-1;"#NULO";-1;"#NULO";4;"FEMININO";"1";"BRANCA"
"26/09/2026";"19:31:16";2026;6259;160002550997;-3;"#NE";1;"BRASILEIRA NATA";-3;"CURITIBA";"31";"N";-1;"#NULO";"11562724";"#NE";"S";"-1";"06015874720266160000";"-3";"#NE";"-3";"#NE";"SIM";"Válido";2;"DEFERIDO";"S";"N";-1;-1;"2026-08-13 14:49:15";2;"DEFERIDO";"2";"DEFERIDO";"2";"DEFERIDO";-1;"#NULO";-1;"#NULO";-1;"#NULO";4;"FEMININO";"4";"AMARELA"
"26/09/2026";"19:31:16";2026;6259;160002553669;-3;"#NE";1;"BRASILEIRA NATA";-3;"CURITIBA";"43";"N";-1;"#NULO";"1270629.01";"#NE";"N";"-1";"06017286620266160000";"-3";"#NE";"-3";"#NE";"SIM";"Válido";2;"DEFERIDO";"N";"N";-1;-1;"2026-08-15 18:24:02";2;"DEFERIDO";"2";"DEFERIDO";"2";"DEFERIDO";-1;"#NULO";-1;"#NULO";-1;"#NULO";4;"FEMININO";"1";"BRANCA"
"26/09/2026";"19:31:16";2026;6259;160002552565;-3;"#NE";1;"BRASILEIRA NATA";-3;"CURITIBA";"68";"N";-1;"#NULO";"3176572.53";"#NE";"N";"-1";"06016740320266160000";"-3";"#NE";"-3";"#NE";"SIM";"Anulado sub judice";4;"INDEFERIDO EM PRAZO RECURSAL OU COM RECURSO";"S";"N";-1;-1;"2026-08-15 13:22:55";4;"INDEFERIDO EM PRAZO RECURSAL OU COM RECURSO";"4";"INDEFERIDO EM PRAZO RECURSAL OU COM RECURSO";"4";"INDEFERIDO EM PRAZO RECURSAL OU COM RECURSO";-1;"#NULO";-1;"#NULO";-1;"#NULO";4;"FEMININO";"3";"PARDA"
"26/09/2026";"19:31:16";2026;6259;160002547395;-3;"#NE";1;"BRASILEIRA NATA";-3;"CORNÉLIO PROCÓPIO";"36";"N";-1;"#NULO";"1270629.01";"#NE";"N";"-1";"06014056120266160000";"-3";"#NE";"-3";"#NE";"SIM";"Válido";16;"DEFERIDO COM RECURSO";"S";"N";-1;-1;"2026-08-11 12:36:56";16;"DEFERIDO EM PRAZO RECURSAL OU COM RECURSO";"16";"DEFERIDO COM RECURSO";"4";"INDEFERIDO EM PRAZO RECURSAL OU COM RECURSO";-1;"#NULO";-1;"#NULO";-1;"#NULO";4;"FEMININO";"3";"PARDA"
"26/09/2026";"19:31:16";2026;6259;160002554488;-3;"#NE";1;"BRASILEIRA NATA";-3;"FLORIANÓPOLIS";"49";"N";0;"NÃO INFORMADA";"3176572.53";"#NE";"N";"-1";"06032815120266160000";"-3";"#NE";"-3";"#NE";"SIM";"Válido";17;"PENDENTE DE JULGAMENTO";"S";"N";160002532879;-1;"2026-09-14 17:03:25";17;"PENDENTE DE JULGAMENTO";"17";"PENDENTE DE JULGAMENTO";"17";"PENDENTE DE JULGAMENTO";-1;"#NULO";-1;"#NULO";-1;"#NULO";-1;"#NULO";"-1";"#NULO"
"26/09/2026";"19:31:16";2026;6259;160002553672;-3;"#NE";1;"BRASILEIRA NATA";-3;"CURITIBA";"48";"N";0;"NÃO INFORMADA";"1270629.01";"#NE";"N";"-1";"06017303620266160000";"-3";"#NE";"-3";"#NE";"NÃO";"#NULO";-1;"#NULO";"N";"N";-1;-1;"2026-08-15 18:24:02";14;"INDEFERIDO";"-1";"#NULO";"-1";"#NULO";-1;"#NULO";-1;"#NULO";-1;"#NULO";4;"FEMININO";"2";"PRETA"
"26/09/2026";"19:31:16";2026;6259;160002547944;-3;"#NE";1;"BRASILEIRA NATA";-3;"PAIM FILHO";"59";"N";-1;"#NULO";"1270629.01";"#NE";"N";"-1";"06014211520266160000";"-3";"#NE";"-3";"#NE";"SIM";"Válido";2;"DEFERIDO";"S";"N";-1;-1;"2026-08-11 12:36:56";2;"DEFERIDO";"2";"DEFERIDO";"2";"DEFERIDO";-1;"#NULO";-1;"#NULO";-1;"#NULO";2;"MASCULINO";"1";"BRANCA"
"26/09/2026";"19:31:16";2026;6259;160002547650;-3;"#NE";1;"BRASILEIRA NATA";-3;"LAGES";"61";"N";-1;"#NULO";"1270629.01";"#NE";"S";"-1";"06012332220266160000";"-3";"#NE";"-3";"#NE";"SIM";"Válido";2;"DEFERIDO";"S";"N";-1;-1;"2026-08-11 12:29:53";2;"DEFERIDO";"2";"DEFERIDO";"2";"DEFERIDO";-1;"#NULO";-1;"#NULO";-1;"#NULO";2;"MASCULINO";"1";"BRANCA"
"26/09/2026";"19:31:16";2026;6259;160002547648;-3;"#NE";1;"BRASILEIRA NATA";-3;"CAÇADOR";"50";"N";0;"NÃO INFORMADA";"1270629.01";"#NE";"S";"-1";"06012558020266160000";"-3";"#NE";"-3";"#NE";"SIM";"Válido";2;"DEFERIDO";"S";"N";-1;-1;"2026-08-11 12:29:53";2;"DEFERIDO";"2";"DEFERIDO";"2";"DEFERIDO";-1;"#NULO";-1;"#NULO";-1;"#NULO";4;"FEMININO";"1";"BRANCA"
"26/09/2026";"19:31:16";2026;6259;160002546883;-3;"#NE";1;"BRASILEIRA NATA";-3;"TELÊMACO BORBA";"52";"N";0;"NÃO INFORMADA";"1270629.01";"#NE";"S";"-1";"06010496620266160000";"-3";"#NE";"-3";"#NE";"SIM";"Válido";2;"DEFERIDO";"S";"N";-1;-1;"2026-08-11 12:01:37";2;"DEFERIDO";"2";"DEFERIDO";"2";"DEFERIDO";-1;"#NULO";-1;"#NULO";-1;"#NULO";2;"MASCULINO";"3";"PARDA"
"26/09/2026";"19:31:16";2026;6259;160002546858;-3;"#NE";1;"BRASILEIRA NATA";-3;"NOVA ESPERANÇA";"43";"N";0;"NÃO INFORMADA";"1270629.01";"#NE";"S";"-1";"06010488120266160000";"-3";"#NE";"-3";"#NE";"SIM";"Válido";2;"DEFERIDO";"S";"N";-1;-1;"2026-08-11 12:01:37";2;"DEFERIDO";"2";"DEFERIDO";"2";"DEFERIDO";-1;"#NULO";-1;"#NULO";-1;"#NULO";4;"FEMININO";"3";"PARDA"
"26/09/2026";"19:31:16";2026;6259;160002546887;-3;"#NE";1;"BRASILEIRA NATA";-3;"SÃO PAULO";"34";"N";0;"NÃO INFORMADA";"1270629.01";"#NE";"N";"-1";"06010712720266160000";"-3";"#NE";"-3";"#NE";"SIM";"Válido";2;"DEFERIDO";"S";"N";-1;-1;"2026-08-11 12:01:37";2;"DEFERIDO";"2";"DEFERIDO";"2";"DEFERIDO";-1;"#NULO";-1;"#NULO";-1;"#NULO";4;"FEMININO";"1";"BRANCA"
"26/09/2026";"19:31:16";2026;6259;160002546853;-3;"#NE";1;"BRASILEIRA NATA";-3;"FOZ DO IGUAÇU";"55";"N";-1;"#NULO";"1270629.01";"#NE";"S";"-1";"06010452920266160000";"-3";"#NE";"-3";"#NE";"SIM";"Válido";2;"DEFERIDO";"S";"N";-1;-1;"2026-08-11 12:01:37";2;"DEFERIDO";"2";"DEFERIDO";"2";"DEFERIDO";-1;"#NULO";-1;"#NULO";-1;"#NULO";2;"MASCULINO";"3";"PARDA"
"26/09/2026";"19:31:16";2026;6259;160002546811;-3;"#NE";1;"BRASILEIRA NATA";-3;"MARINGÁ";"48";"N";-1;"#NULO";"1270629.01";"#NE";"S";"-1";"06009968520266160000";"-3";"#NE";"-3";"#NE";"SIM";"Válido";2;"DEFERIDO";"S";"N";-1;-1;"2026-08-11 11:57:23";2;"DEFERIDO";"2";"DEFERIDO";"2";"DEFERIDO";-1;"#NULO";-1;"#NULO";-1;"#NULO";2;"MASCULINO";"1";"BRANCA"
"26/09/2026";"19:31:16";2026;6259;160002540789;-3;"#NE";1;"BRASILEIRA NATA";-3;"JAGUARIAÍVA";"56";"N";0;"NÃO INFORMADA";"3176572.53";"#NE";"S";"-1";"06007647320266160000";"-3";"#NE";"-3";"#NE";"SIM";"Válido";2;"DEFERIDO";"S";"N";-1;-1;"2026-08-07 13:56:41";2;"DEFERIDO";"2";"DEFERIDO";"2";"DEFERIDO";-1;"#NULO";-1;"#NULO";-1;"#NULO";2;"MASCULINO";"1";"BRANCA"
"26/09/2026";"19:31:16";2026;6259;160002553373;-3;"#NE";1;"BRASILEIRA NATA";-3;"TAPIRA";"34";"N";0;"NÃO INFORMADA";"3176572.53";"#NE";"S";"-1";"06017087520266160000";"-3";"#NE";"-3";"#NE";"SIM";"Válido";2;"DEFERIDO";"S";"N";-1;-1;"2026-08-15 17:46:06";2;"DEFERIDO";"2";"DEFERIDO";"2";"DEFERIDO";-1;"#NULO";-1;"#NULO";-1;"#NULO";4;"FEMININO";"3";"PARDA"
"26/09/2026";"19:31:16";2026;6259;160002540780;-3;"#NE";1;"BRASILEIRA NATA";-3;"SELBACH";"45";"N";0;"NÃO INFORMADA";"3176572.53";"#NE";"N";"-1";"06007603620266160000";"-3";"#NE";"-3";"#NE";"SIM";"Válido";2;"DEFERIDO";"S";"N";-1;-1;"2026-08-07 13:55:28";2;"DEFERIDO";"2";"DEFERIDO";"2";"DEFERIDO";-1;"#NULO";-1;"#NULO";-1;"#NULO";4;"FEMININO";"1";"BRANCA"
"26/09/2026";"19:31:16";2026;6259;160002532868;-3;"#NE";1;"BRASILEIRA NATA";-3;"CURITIBA";"36";"N";-1;"#NULO";"3176572.53";"#NE";"S";"-1";"06005923420266160000";"-3";"#NE";"-3";"#NE";"SIM";"Válido";2;"DEFERIDO";"S";"N";-1;-1;"2026-07-28 15:24:25";2;"DEFERIDO";"2";"DEFERIDO";"2";"DEFERIDO";-1;"#NULO";-1;"#NULO";-1;"#NULO";2;"MASCULINO";"1";"BRANCA"
"26/09/2026";"19:31:16";2026;6259;160002532875;-3;"#NE";1;"BRASILEIRA NATA";-3;"TRÊS PASSOS";"62";"N";0;"NÃO INFORMADA";"3176572.53";"#NE";"N";"-1";"06005698820266160000";"-3";"#NE";"-3";"#NE";"SIM";"Válido";2;"DEFERIDO";"S";"N";-1;-1;"2026-07-28 15:24:25";2;"DEFERIDO";"2";"DEFERIDO";"2";"DEFERIDO";-1;"#NULO";-1;"#NULO";-1;"#NULO";2;"MASCULINO";"1";"BRANCA"
"26/09/2026";"19:31:16";2026;6259;160002547463;-3;"#NE";1;"BRASILEIRA NATA";-3;"CURITIBA";"50";"N";0;"NÃO INFORMADA";"3176572.53";"#NE";"S";"-1";"06010999220266160000";"-3";"#NE";"-3";"#NE";"SIM";"Válido";2;"DEFERIDO";"S";"N";-1;-1;"2026-08-11 12:05:18";2;"DEFERIDO";"2";"DEFERIDO";"2";"DEFERIDO";-1;"#NULO";-1;"#NULO";-1;"#NULO";4;"FEMININO";"1";"BRANCA"
"26/09/2026";"19:31:16";2026;6259;160002546899;-3;"#NE";1;"BRASILEIRA NATA";-3;"CURITIBA";"41";"N";0;"NÃO INFORMADA";"3176572.53";"#NE";"S";"-1";"06010972520266160000";"-3";"#NE";"-3";"#NE";"SIM";"Válido";2;"DEFERIDO";"S";"N";-1;-1;"2026-08-11 12:05:18";2;"DEFERIDO";"2";"DEFERIDO";"2";"DEFERIDO";-1;"#NULO";-1;"#NULO";-1;"#NULO";2;"MASCULINO";"1";"BRANCA"
"26/09/2026";"19:31:16";2026;6259;160002552571;-3;"#NE";1;"BRASILEIRA NATA";-3;"VOLTA REDONDA";"34";"N";0;"NÃO INFORMADA";"3176572.53";"#NE";"S";"-1";"06016645620266160000";"-3";"#NE";"-3";"#NE";"SIM";"Válido";2;"DEFERIDO";"S";"N";-1;-1;"2026-08-15 13:26:58";2;"DEFERIDO";"2";"DEFERIDO";"2";"DEFERIDO";-1;"#NULO";-1;"#NULO";-1;"#NULO";2;"MASCULINO";"1";"BRANCA"
"26/09/2026";"19:31:16";2026;6259;160002532606;-3;"#NE";1;"BRASILEIRA NATA";-3;"MANDAGUARI";"33";"N";0;"NÃO INFORMADA";"3176572.53";"#NE";"S";"-1";"06005326120266160000";"-3";"#NE";"-3";"#NE";"SIM";"Válido";2;"DEFERIDO";"S";"N";-1;-1;"2026-07-27 16:24:27";2;"DEFERIDO";"2";"DEFERIDO";"2";"DEFERIDO";-1;"#NULO";-1;"#NULO";-1;"#NULO";2;"MASCULINO";"1";"BRANCA"
"26/09/2026";"19:31:16";2026;6259;160002536513;-3;"#NE";1;"BRASILEIRA NATA";-3;"CURITIBA";"43";"N";0;"NÃO INFORMADA";"3176572.53";"#NE";"S";"-1";"06007101020266160000";"-3";"#NE";"-3";"#NE";"SIM";"Válido";2;"DEFERIDO";"S";"N";-1;-1;"2026-08-04 17:55:10";2;"DEFERIDO";"2";"DEFERIDO";"2";"DEFERIDO";-1;"#NULO";-1;"#NULO";-1;"#NULO";2;"MASCULINO";"1";"BRANCA"
"26/09/2026";"19:31:16";2026;6259;160002547577;-3;"#NE";1;"BRASILEIRA NATA";-3;"SANTA RITA";"58";"N";0;"NÃO INFORMADA";"3176572.53";"#NE";"S";"-1";"06011544320266160000";"-3";"#NE";"-3";"#NE";"SIM";"Válido";2;"DEFERIDO";"S";"N";-1;-1;"2026-08-11 12:26:56";2;"DEFERIDO";"2";"DEFERIDO";"2";"DEFERIDO";-1;"#NULO";-1;"#NULO";-1;"#NULO";4;"FEMININO";"1";"BRANCA"
"26/09/2026";"19:31:16";2026;6259;160002547576;-3;"#NE";1;"BRASILEIRA NATA";-3;"SANTA IZABEL DO OESTE";"44";"N";0;"NÃO INFORMADA";"3176572.53";"#NE";"S";"-1";"06011709420266160000";"-3";"#NE";"-3";"#NE";"SIM";"Válido";2;"DEFERIDO";"S";"N";-1;-1;"2026-08-11 12:26:56";2;"DEFERIDO";"2";"DEFERIDO";"2";"DEFERIDO";-1;"#NULO";-1;"#NULO";-1;"#NULO";2;"MASCULINO";"1";"BRANCA"
"26/09/2026";"19:31:16";2026;6259;160002547570;-3;"#NE";1;"BRASILEIRA NATA";-3;"LONDRINA";"32";"N";0;"NÃO INFORMADA";"3176572.53";"#NE";"S";"-1";"06011588020266160000";"-3";"#NE";"-3";"#NE";"SIM";"Válido";2;"DEFERIDO";"S";"N";-1;-1;"2026-08-11 12:26:56";2;"DEFERIDO";"2";"DEFERIDO";"2";"DEFERIDO";-1;"#NULO";-1;"#NULO";-1;"#NULO";4;"FEMININO";"3";"PARDA"
"26/09/2026";"19:31:16";2026;6259;160002552819;-3;"#NE";1;"BRASILEIRA NATA";-3;"MANDAGUARI";"55";"N";0;"NÃO INFORMADA";"1270629.01";"#NE";"N";"-1";"06016584920266160000";"-3";"#NE";"-3";"#NE";"SIM";"Válido";2;"DEFERIDO";"S";"N";-1;-1;"2026-08-15 13:17:58";2;"DEFERIDO";"2";"DEFERIDO";"2";"DEFERIDO";-1;"#NULO";-1;"#NULO";-1;"#NULO";2;"MASCULINO";"1";"BRANCA"
"26/09/2026";"19:31:16";2026;6259;160002547670;-3;"#NE";1;"BRASILEIRA NATA";-3;"IGUARAÇU";"35";"N";0;"NÃO INFORMADA";"1270629.01";"#NE";"S";"-1";"06013163820266160000";"-3";"#NE";"-3";"#NE";"SIM";"Válido";2;"DEFERIDO";"S";"N";-1;-1;"2026-08-11 12:35:16";2;"DEFERIDO";"2";"DEFERIDO";"2";"DEFERIDO";-1;"#NULO";-1;"#NULO";-1;"#NULO";2;"MASCULINO";"1";"BRANCA"
"26/09/2026";"19:31:16";2026;6259;160002547764;-3;"#NE";1;"BRASILEIRA NATA";-3;"ENCANTADO";"65";"N";-1;"#NULO";"1270629.01";"#NE";"N";"-1";"06013519520266160000";"-3";"#NE";"-3";"#NE";"SIM";"Válido";2;"DEFERIDO";"S";"N";-1;-1;"2026-08-11 12:36:21";2;"DEFERIDO";"2";"DEFERIDO";"2";"DEFERIDO";-1;"#NULO";-1;"#NULO";-1;"#NULO";4;"FEMININO";"1";"BRANCA"
"26/09/2026";"19:31:16";2026;6259;160002551169;-3;"#NE";1;"BRASILEIRA NATA";-3;"PONTA GROSSA";"50";"N";0;"NÃO INFORMADA";"1270629.01";"#NE";"S";"-1";"06015537220266160000";"-3";"#NE";"-3";"#NE";"SIM";"Válido";2;"DEFERIDO";"S";"N";-1;-1;"2026-08-13 14:59:10";2;"DEFERIDO";"2";"DEFERIDO";"2";"DEFERIDO";-1;"#NULO";-1;"#NULO";-1;"#NULO";2;"MASCULINO";"1";"BRANCA"
"26/09/2026";"19:31:16";2026;6259;160002547553;-3;"#NE";1;"BRASILEIRA NATA";-3;"CURITIBA";"41";"N";0;"NÃO INFORMADA";"1270629.01";"#NE";"N";"-1";"06011917020266160000";"-3";"#NE";"-3";"#NE";"SIM";"Válido";2;"DEFERIDO";"S";"N";-1;-1;"2026-08-11 12:24:57";2;"DEFERIDO";"2";"DEFERIDO";"2";"DEFERIDO";-1;"#NULO";-1;"#NULO";-1;"#NULO";2;"MASCULINO";"2";"PRETA"
"26/09/2026";"19:31:16";2026;6259;160002542239;-3;"#NE";1;"BRASILEIRA NATA";-3;"SÃO JOSÉ DOS PINHAIS";"56";"N";-1;"#NULO";"1270629.01";"#NE";"S";"-1";"06008045520266160000";"-3";"#NE";"-3";"#NE";"SIM";"Válido";2;"DEFERIDO";"S";"N";-1;-1;"2026-08-07 18:50:23";2;"DEFERIDO";"2";"DEFERIDO";"2";"DEFERIDO";-1;"#NULO";-1;"#NULO";-1;"#NULO";2;"MASCULINO";"1";"BRANCA"
"26/09/2026";"19:31:16";2026;6259;160002533442;-3;"#NE";1;"BRASILEIRA NATA";-3;"GUARAPUAVA";"46";"N";0;"NÃO INFORMADA";"1270629.01";"#NE";"S";"-1";"06006131020266160000";"-3";"#NE";"-3";"#NE";"SIM";"Válido";2;"DEFERIDO";"S";"N";-1;-1;"2026-07-29 17:41:27";2;"DEFERIDO";"2";"DEFERIDO";"2";"DEFERIDO";-1;"#NULO";-1;"#NULO";-1;"#NULO";2;"MASCULINO";"1";"BRANCA"
"26/09/2026";"19:31:16";2026;6259;160002533480;-3;"#NE";1;"BRASILEIRA NATA";-3;"OURINHOS";"58";"N";0;"NÃO INFORMADA";"1270629.01";"#NE";"S";"-1";"06006321620266160000";"-3";"#NE";"-3";"#NE";"SIM";"Válido";2;"DEFERIDO";"S";"N";-1;-1;"2026-07-29 17:41:27";2;"DEFERIDO";"2";"DEFERIDO";"2";"DEFERIDO";-1;"#NULO";-1;"#NULO";-1;"#NULO";2;"MASCULINO";"1";"BRANCA"
"26/09/2026";"19:31:16";2026;6259;160002547519;-3;"#NE";1;"BRASILEIRA NATA";-3;"CURITIBA";"58";"N";0;"NÃO INFORMADA";"1270629.01";"#NE";"S";"-1";"06011284520266160000";"-3";"#NE";"-3";"#NE";"SIM";"Válido";2;"DEFERIDO";"S";"N";-1;-1;"2026-08-11 12:24:00";2;"DEFERIDO";"2";"DEFERIDO";"2";"DEFERIDO";-1;"#NULO";-1;"#NULO";-1;"#NULO";4;"FEMININO";"1";"BRANCA"
"26/09/2026";"19:31:16";2026;6259;160002546827;-3;"#NE";1;"BRASILEIRA NATA";-3;"APUCARANA";"52";"N";-1;"#NULO";"1270629.01";"#NE";"S";"-1";"06010063220266160000";"-3";"#NE";"-3";"#NE";"SIM";"Válido";2;"DEFERIDO";"S";"N";-1;-1;"2026-08-11 11:57:23";2;"DEFERIDO";"2";"DEFERIDO";"2";"DEFERIDO";-1;"#NULO";-1;"#NULO";-1;"#NULO";2;"MASCULINO";"1";"BRANCA"
"26/09/2026";"19:31:16";2026;6259;160002551662;-3;"#NE";1;"BRASILEIRA NATA";-3;"ATALAIA";"69";"N";-1;"#NULO";"1270629.01";"#NE";"N";"-1";"06016039820266160000";"-3";"#NE";"-3";"#NE";"SIM";"Válido";2;"DEFERIDO";"S";"N";-1;-1;"2026-08-14 15:45:33";2;"DEFERIDO";"2";"DEFERIDO";"2";"DEFERIDO";-1;"#NULO";-1;"#NULO";-1;"#NULO";4;"FEMININO";"4";"AMARELA"
"26/09/2026";"19:31:16";2026;6259;160002546829;-3;"#NE";1;"BRASILEIRA NATA";-3;"ARAPONGAS";"59";"N";0;"NÃO INFORMADA";"1270629.01";"#NE";"S";"-1";"06010123920266160000";"-3";"#NE";"-3";"#NE";"SIM";"Válido";2;"DEFERIDO";"S";"N";-1;-1;"2026-08-11 11:57:23";2;"DEFERIDO";"2";"DEFERIDO";"2";"DEFERIDO";-1;"#NULO";-1;"#NULO";-1;"#NULO";2;"MASCULINO";"1";"BRANCA"
"26/09/2026";"19:31:16";2026;6259;160002549525;-3;"#NE";1;"BRASILEIRA NATA";-3;"PARANAGUÁ";"58";"N";0;"NÃO INFORMADA";"3176572.53";"#NE";"S";"-1";"06014827020266160000";"-3";"#NE";"-3";"#NE";"SIM";"Válido";2;"DEFERIDO";"S";"N";-1;-1;"2026-08-12 12:38:35";2;"DEFERIDO";"2";"DEFERIDO";"2";"DEFERIDO";-1;"#NULO";-1;"#NULO";-1;"#NULO";2;"MASCULINO";"1";"BRANCA"
"26/09/2026";"19:31:16";2026;6259;160002541984;-3;"#NE";1;"BRASILEIRA NATA";-3;"CURITIBA";"53";"N";0;"NÃO INFORMADA";"3176572.53";"#NE";"N";"-1";"06008512920266160000";"-3";"#NE";"-3";"#NE";"SIM";"Anulado sub judice";4;"INDEFERIDO EM PRAZO RECURSAL OU COM RECURSO";"S";"N";-1;-1;"2026-08-07 18:51:01";4;"INDEFERIDO EM PRAZO RECURSAL OU COM RECURSO";"4";"INDEFERIDO EM PRAZO RECURSAL OU COM RECURSO";"4";"INDEFERIDO EM PRAZO RECURSAL OU COM RECURSO";-1;"#NULO";-1;"#NULO";-1;"#NULO";2;"MASCULINO";"2";"PRETA"
"26/09/2026";"19:31:16";2026;6259;160002547517;-3;"#NE";1;"BRASILEIRA NATA";-3;"CORONEL VIVIDA";"51";"N";0;"NÃO INFORMADA";"1270629.01";"#NE";"S";"-1";"06011232320266160000";"-3";"#NE";"-3";"#NE";"SIM";"Válido";2;"DEFERIDO";"S";"N";-1;-1;"2026-08-11 12:24:00";2;"DEFERIDO";"2";"DEFERIDO";"2";"DEFERIDO";-1;"#NULO";-1;"#NULO";-1;"#NULO";4;"FEMININO";"1";"BRANCA"
"26/09/2026";"19:31:16";2026;6259;160002547946;-3;"#NE";1;"BRASILEIRA NATA";-3;"FOZ DO IGUAÇU";"28";"N";0;"NÃO INFORMADA";"1270629.01";"#NE";"N";"-1";"06014064620266160000";"-3";"#NE";"-3";"#NE";"SIM";"Válido";2;"DEFERIDO";"S";"N";-1;-1;"2026-08-11 12:36:56";2;"DEFERIDO";"2";"DEFERIDO";"2";"DEFERIDO";-1;"#NULO";-1;"#NULO";-1;"#NULO";2;"MASCULINO";"1";"BRANCA"
"26/09/2026";"19:31:16";2026;6259;160002532592;-3;"#NE";1;"BRASILEIRA NATA";-3;"SÃO MATEUS DO SUL";"55";"N";0;"NÃO INFORMADA";"3176572.53";"#NE";"S";"-1";"06005456020266160000";"-3";"#NE";"-3";"#NE";"SIM";"Válido";2;"DEFERIDO";"S";"N";-1;-1;"2026-07-27 16:24:27";2;"DEFERIDO";"2";"DEFERIDO";"2";"DEFERIDO";-1;"#NULO";-1;"#NULO";-1;"#NULO";2;"MASCULINO";"1";"BRANCA"
"26/09/2026";"19:31:16";2026;6259;160002532612;-3;"#NE";1;"BRASILEIRA NATA";-3;"CURITIBA";"48";"N";0;"NÃO INFORMADA";"3176572.53";"#NE";"S";"-1";"06005378320266160000";"-3";"#NE";"-3";"#NE";"SIM";"Válido";2;"DEFERIDO";"S";"N";-1;-1;"2026-07-27 16:24:27";2;"DEFERIDO";"2";"DEFERIDO";"2";"DEFERIDO";-1;"#NULO";-1;"#NULO";-1;"#NULO";4;"FEMININO";"3";"PARDA"
"26/09/2026";"19:31:16";2026;6259;160002532600;-3;"#NE";1;"BRASILEIRA NATA";-3;"CURITIBA";"47";"N";0;"NÃO INFORMADA";"3176572.53";"#NE";"S";"-1";"06005550720266160000";"-3";"#NE";"-3";"#NE";"SIM";"Válido";2;"DEFERIDO";"S";"N";-1;-1;"2026-07-27 16:24:27";2;"DEFERIDO";"2";"DEFERIDO";"2";"DEFERIDO";-1;"#NULO";-1;"#NULO";-1;"#NULO";4;"FEMININO";"3";"PARDA"
"26/09/2026";"19:31:16";2026;6259;160002532609;-3;"#NE";1;"BRASILEIRA NATA";-3;"GUARAPUAVA";"48";"N";0;"NÃO INFORMADA";"3176572.53";"#NE";"S";"-1";"06005403820266160000";"-3";"#NE";"-3";"#NE";"SIM";"Válido";2;"DEFERIDO";"S";"N";-1;-1;"2026-07-27 16:24:27";2;"DEFERIDO";"2";"DEFERIDO";"2";"DEFERIDO";-1;"#NULO";-1;"#NULO";-1;"#NULO";2;"MASCULINO";"1";"BRANCA"
"26/09/2026";"19:31:16";2026;6259;160002541981;-3;"#NE";1;"BRASILEIRA NATA";-3;"APUCARANA";"55";"N";0;"NÃO INFORMADA";"3176572.53";"#NE";"N";"-1";"06008443720266160000";"-3";"#NE";"-3";"#NE";"SIM";"Válido";2;"DEFERIDO";"S";"N";-1;-1;"2026-08-07 18:51:01";2;"DEFERIDO";"2";"DEFERIDO";"2";"DEFERIDO";-1;"#NULO";-1;"#NULO";-1;"#NULO";4;"FEMININO";"1";"BRANCA"
"26/09/2026";"19:31:16";2026;6259;160002547583;-3;"#NE";1;"BRASILEIRA NATA";-3;"CURITIBA";"33";"N";0;"NÃO INFORMADA";"3176572.53";"#NE";"S";"-1";"06011657220266160000";"-3";"#NE";"-3";"#NE";"SIM";"Válido";2;"DEFERIDO";"S";"N";-1;-1;"2026-08-11 12:26:56";2;"DEFERIDO";"2";"DEFERIDO";"2";"DEFERIDO";-1;"#NULO";-1;"#NULO";-1;"#NULO";2;"MASCULINO";"1";"BRANCA"
"26/09/2026";"19:31:16";2026;6259;160002547701;-3;"#NE";1;"BRASILEIRA NATA";-3;"MARAGOGIPE";"66";"N";0;"NÃO INFORMADA";"1270629.01";"#NE";"S";"-1";"06012817820266160000";"-3";"#NE";"-3";"#NE";"SIM";"Válido";2;"DEFERIDO";"S";"N";-1;-1;"2026-08-11 12:35:16";2;"DEFERIDO";"2";"DEFERIDO";"2";"DEFERIDO";-1;"#NULO";-1;"#NULO";-1;"#NULO";2;"MASCULINO";"3";"PARDA"
"26/09/2026";"19:31:16";2026;6259;160002547699;-3;"#NE";1;"BRASILEIRA NATA";-3;"ERECHIM";"62";"N";-1;"#NULO";"1270629.01";"#NE";"S";"-1";"06013146820266160000";"-3";"#NE";"-3";"#NE";"SIM";"Válido";2;"DEFERIDO";"S";"N";-1;-1;"2026-08-11 12:35:16";2;"DEFERIDO";"2";"DEFERIDO";"2";"DEFERIDO";-1;"#NULO";-1;"#NULO";-1;"#NULO";2;"MASCULINO";"1";"BRANCA"
"26/09/2026";"19:31:16";2026;6259;160002547748;-3;"#NE";1;"BRASILEIRA NATA";-3;"CURITIBA";"61";"N";0;"NÃO INFORMADA";"1270629.01";"#NE";"N";"-1";"06013528020266160000";"-3";"#NE";"-3";"#NE";"SIM";"Válido";2;"DEFERIDO";"S";"N";-1;-1;"2026-08-11 12:36:21";2;"DEFERIDO";"2";"DEFERIDO";"2";"DEFERIDO";-1;"#NULO";-1;"#NULO";-1;"#NULO";4;"FEMININO";"1";"BRANCA"
"26/09/2026";"19:31:16";2026;6259;160002551177;-3;"#NE";1;"BRASILEIRA NATA";-3;"CURITIBA";"40";"N";0;"NÃO INFORMADA";"1270629.01";"#NE";"N";"-1";"06015744820266160000";"-3";"#NE";"-3";"#NE";"SIM";"Válido";2;"DEFERIDO";"S";"N";-1;-1;"2026-08-13 14:59:10";2;"DEFERIDO";"2";"DEFERIDO";"2";"DEFERIDO";-1;"#NULO";-1;"#NULO";-1;"#NULO";2;"MASCULINO";"1";"BRANCA"
"26/09/2026";"19:31:16";2026;6259;160002533490;-3;"#NE";1;"BRASILEIRA NATA";-3;"SÃO PAULO";"32";"N";-1;"#NULO";"1270629.01";"#NE";"N";"-1";"06006304620266160000";"-3";"#NE";"-3";"#NE";"SIM";"Válido";2;"DEFERIDO";"S";"N";-1;-1;"2026-07-29 17:41:27";2;"DEFERIDO";"2";"DEFERIDO";"2";"DEFERIDO";-1;"#NULO";-1;"#NULO";-1;"#NULO";2;"MASCULINO";"3";"PARDA"
"26/09/2026";"19:31:16";2026;6259;160002547522;-3;"#NE";1;"BRASILEIRA NATA";-3;"CURITIBA";"51";"N";0;"NÃO INFORMADA";"1270629.01";"#NE";"S";"-1";"06011353720266160000";"-3";"#NE";"-3";"#NE";"SIM";"Válido";2;"DEFERIDO";"S";"N";-1;-1;"2026-08-11 12:24:00";2;"DEFERIDO";"2";"DEFERIDO";"2";"DEFERIDO";-1;"#NULO";-1;"#NULO";-1;"#NULO";2;"MASCULINO";"1";"BRANCA"
"26/09/2026";"19:31:16";2026;6259;160002547531;-3;"#NE";1;"BRASILEIRA NATA";-3;"CURITIBA";"42";"N";0;"NÃO INFORMADA";"1270629.01";"#NE";"N";"-1";"06011068420266160000";"-3";"#NE";"-3";"#NE";"SIM";"Válido";2;"DEFERIDO";"S";"N";-1;-1;"2026-08-11 12:24:00";2;"DEFERIDO";"2";"DEFERIDO";"2";"DEFERIDO";-1;"#NULO";-1;"#NULO";-1;"#NULO";4;"FEMININO";"3";"PARDA"
"26/09/2026";"19:31:16";2026;6259;160002532879;-3;"#NE";1;"BRASILEIRA NATA";-3;"SANTOS";"50";"N";0;"NÃO INFORMADA";"3176572.53";"#NE";"N";"-1";"06005776520266160000";"-3";"#NE";"-3";"#NE";"NÃO";"#NULO";-1;"#NULO";"N";"S";-1;-1;"2026-07-28 15:24:25";14;"INDEFERIDO";"-1";"#NULO";"-1";"#NULO";-1;"#NULO";-1;"#NULO";-1;"#NULO";2;"MASCULINO";"2";"PRETA"
"26/09/2026";"19:31:16";2026;6259;160002546823;-3;"#NE";1;"BRASILEIRA NATA";-3;"SÃO JOÃO";"64";"N";-1;"#NULO";"1270629.01";"#NE";"N";"-1";"06010029220266160000";"-3";"#NE";"-3";"#NE";"SIM";"Válido";2;"DEFERIDO";"S";"N";-1;-1;"2026-08-11 11:57:23";2;"DEFERIDO";"2";"DEFERIDO";"2";"DEFERIDO";-1;"#NULO";-1;"#NULO";-1;"#NULO";2;"MASCULINO";"1";"BRANCA"
"26/09/2026";"19:31:16";2026;6259;160002549523;-3;"#NE";1;"BRASILEIRA NATA";-3;"CONCÓRDIA";"64";"N";-1;"#NULO";"3176572.53";"#NE";"S";"-1";"06014749320266160000";"-3";"#NE";"-3";"#NE";"SIM";"Válido";2;"DEFERIDO";"S";"N";-1;-1;"2026-08-12 12:38:35";2;"DEFERIDO";"2";"DEFERIDO";"2";"DEFERIDO";-1;"#NULO";-1;"#NULO";-1;"#NULO";4;"FEMININO";"1";"BRANCA"
"26/09/2026";"19:31:16";2026;6259;160002546869;-3;"#NE";1;"BRASILEIRA NATA";-3;"CASCAVEL";"62";"N";0;"NÃO INFORMADA";"1270629.01";"#NE";"S";"-1";"06010687220266160000";"-3";"#NE";"-3";"#NE";"SIM";"Anulado sub judice";4;"INDEFERIDO EM PRAZO RECURSAL OU COM RECURSO";"S";"N";-1;-1;"2026-08-11 12:01:37";4;"INDEFERIDO EM PRAZO RECURSAL OU COM RECURSO";"4";"INDEFERIDO EM PRAZO RECURSAL OU COM RECURSO";"4";"INDEFERIDO EM PRAZO RECURSAL OU COM RECURSO";-1;"#NULO";-1;"#NULO";-1;"#NULO";2;"MASCULINO";"1";"BRANCA"
"26/09/2026";"19:31:16";2026;6259;160002546820;-3;"#NE";1;"BRASILEIRA NATA";-3;"PONTA GROSSA";"72";"N";-1;"#NULO";"1270629.01";"#NE";"N";"-1";"06010201620266160000";"-3";"#NE";"-3";"#NE";"NÃO";"#NULO";-1;"#NULO";"N";"S";-1;-1;"2026-08-11 11:57:23";6;"RENÚNCIA";"-1";"#NULO";"-1";"#NULO";-1;"#NULO";-1;"#NULO";-1;"#NULO";4;"FEMININO";"1";"BRANCA"
"26/09/2026";"19:31:16";2026;6259;160002553671;-3;"#NE";1;"BRASILEIRA NATA";-3;"PARANAGUÁ";"48";"N";-1;"#NULO";"1270629.01";"#NE";"N";"-1";"06017312120266160000";"-3";"#NE";"-3";"#NE";"NÃO";"#NULO";-1;"#NULO";"N";"N";-1;-1;"2026-08-15 18:24:02";14;"INDEFERIDO";"-1";"#NULO";"-1";"#NULO";-1;"#NULO";-1;"#NULO";-1;"#NULO";2;"MASCULINO";"2";"PRETA"
"26/09/2026";"19:31:16";2026;6259;160002547391;-3;"#NE";1;"BRASILEIRA NATA";-3;"CURITIBA";"55";"N";-1;"#NULO";"1270629.01";"#NE";"S";"-1";"06014169020266160000";"-3";"#NE";"-3";"#NE";"SIM";"Válido";2;"DEFERIDO";"S";"N";-1;-1;"2026-08-11 12:36:56";2;"DEFERIDO";"2";"DEFERIDO";"2";"DEFERIDO";-1;"#NULO";-1;"#NULO";-1;"#NULO";2;"MASCULINO";"1";"BRANCA"
"26/09/2026";"19:31:16";2026;6259;160002547953;-3;"#NE";1;"BRASILEIRA NATA";-3;"LONDRINA";"30";"N";0;"NÃO INFORMADA";"1270629.01";"#NE";"S";"-1";"06013943220266160000";"-3";"#NE";"-3";"#NE";"SIM";"Válido";2;"DEFERIDO";"S";"N";-1;-1;"2026-08-11 12:36:56";2;"DEFERIDO";"2";"DEFERIDO";"2";"DEFERIDO";-1;"#NULO";-1;"#NULO";-1;"#NULO";4;"FEMININO";"1";"BRANCA"
"26/09/2026";"19:31:16";2026;6259;160002547956;-3;"#NE";1;"BRASILEIRA NATA";-3;"CURITIBA";"57";"N";0;"NÃO INFORMADA";"1270629.01";"#NE";"S";"-1";"06014229720266160000";"-3";"#NE";"-3";"#NE";"SIM";"Válido";2;"DEFERIDO";"S";"N";-1;-1;"2026-08-11 12:36:56";2;"DEFERIDO";"2";"DEFERIDO";"2";"DEFERIDO";-1;"#NULO";-1;"#NULO";-1;"#NULO";2;"MASCULINO";"1";"BRANCA"
"26/09/2026";"19:31:16";2026;6259;160002547600;-3;"#NE";1;"BRASILEIRA NATA";-3;"JAGUAPITÃ";"37";"N";0;"NÃO INFORMADA";"1270629.01";"#NE";"S";"-1";"06012497320266160000";"-3";"#NE";"-3";"#NE";"SIM";"Válido";2;"DEFERIDO";"S";"N";-1;-1;"2026-08-11 12:29:53";2;"DEFERIDO";"2";"DEFERIDO";"2";"DEFERIDO";-1;"#NULO";-1;"#NULO";-1;"#NULO";4;"FEMININO";"1";"BRANCA"
"26/09/2026";"19:31:16";2026;6259;160002546861;-3;"#NE";1;"BRASILEIRA NATA";-3;"QUEDAS DO IGUAÇU";"42";"N";0;"NÃO INFORMADA";"1270629.01";"#NE";"S";"-1";"06010444420266160000";"-3";"#NE";"-3";"#NE";"SIM";"Válido";2;"DEFERIDO";"S";"N";-1;-1;"2026-08-11 12:01:37";2;"DEFERIDO";"2";"DEFERIDO";"2";"DEFERIDO";-1;"#NULO";-1;"#NULO";-1;"#NULO";4;"FEMININO";"2";"PRETA"
"26/09/2026";"19:31:16";2026;6259;160002546870;-3;"#NE";1;"BRASILEIRA NATA";-3;"CLEVELÂNDIA";"45";"N";0;"NÃO INFORMADA";"1270629.01";"#NE";"S";"-1";"06010383720266160000";"-3";"#NE";"-3";"#NE";"SIM";"Válido";2;"DEFERIDO";"S";"N";-1;-1;"2026-08-11 12:01:37";2;"DEFERIDO";"2";"DEFERIDO";"2";"DEFERIDO";-1;"#NULO";-1;"#NULO";-1;"#NULO";2;"MASCULINO";"1";"BRANCA"
"26/09/2026";"19:31:16";2026;6259;160002546872;-3;"#NE";1;"BRASILEIRA NATA";-3;"CURITIBA";"47";"N";0;"NÃO INFORMADA";"1270629.01";"#NE";"S";"-1";"06010505120266160000";"-3";"#NE";"-3";"#NE";"SIM";"Válido";2;"DEFERIDO";"S";"N";-1;-1;"2026-08-11 12:01:37";2;"DEFERIDO";"2";"DEFERIDO";"2";"DEFERIDO";-1;"#NULO";-1;"#NULO";-1;"#NULO";2;"MASCULINO";"1";"BRANCA"
"26/09/2026";"19:31:16";2026;6259;160002546839;-3;"#NE";1;"BRASILEIRA NATA";-3;"CURITIBA";"42";"N";-1;"#NULO";"1270629.01";"#NE";"S";"-1";"06010323020266160000";"-3";"#NE";"-3";"#NE";"SIM";"Válido";2;"DEFERIDO";"S";"N";-1;-1;"2026-08-11 11:57:23";2;"DEFERIDO";"2";"DEFERIDO";"2";"DEFERIDO";-1;"#NULO";-1;"#NULO";-1;"#NULO";2;"MASCULINO";"1";"BRANCA"
"26/09/2026";"19:31:16";2026;6259;160002554284;-3;"#NE";1;"BRASILEIRA NATA";-3;"CURITIBA";"47";"N";0;"NÃO INFORMADA";"1270629.01";"#NE";"N";"-1";"06019130720266160000";"-3";"#NE";"-3";"#NE";"SIM";"Válido";2;"DEFERIDO";"S";"N";-1;-1;"2026-08-25 19:29:09";2;"DEFERIDO";"2";"DEFERIDO";"2";"DEFERIDO";-1;"#NULO";-1;"#NULO";-1;"#NULO";-1;"#NULO";"-1";"#NULO"
"26/09/2026";"19:31:16";2026;6259;160002549533;-3;"#NE";1;"BRASILEIRA NATA";-3;"LONDRINA";"61";"N";0;"NÃO INFORMADA";"3176572.53";"#NE";"S";"-1";"06014844020266160000";"-3";"#NE";"-3";"#NE";"SIM";"Válido";2;"DEFERIDO";"S";"N";-1;-1;"2026-08-12 12:38:35";2;"DEFERIDO";"2";"DEFERIDO";"2";"DEFERIDO";-1;"#NULO";-1;"#NULO";-1;"#NULO";2;"MASCULINO";"1";"BRANCA"
"26/09/2026";"19:31:16";2026;6259;160002542309;-3;"#NE";1;"BRASILEIRA NATA";-3;"CURITIBA";"33";"N";0;"NÃO INFORMADA";"3176572.53";"#NE";"N";"-1";"06009751220266160000";"-3";"#NE";"-3";"#NE";"SIM";"Válido";2;"DEFERIDO";"S";"N";-1;-1;"2026-08-07 18:52:09";2;"DEFERIDO";"2";"DEFERIDO";"2";"DEFERIDO";-1;"#NULO";-1;"#NULO";-1;"#NULO";4;"FEMININO";"1";"BRANCA"
"26/09/2026";"19:31:16";2026;6259;160002553369;-3;"#NE";1;"BRASILEIRA NATA";-3;"CURITIBA";"24";"N";-1;"#NULO";"3176572.53";"#NE";"N";"-1";"06017035320266160000";"-3";"#NE";"-3";"#NE";"SIM";"Válido";2;"DEFERIDO";"S";"N";-1;-1;"2026-08-15 17:46:06";2;"DEFERIDO";"2";"DEFERIDO";"2";"DEFERIDO";-1;"#NULO";-1;"#NULO";-1;"#NULO";4;"FEMININO";"1";"BRANCA"
"26/09/2026";"19:31:16";2026;6259;160002551020;-3;"#NE";1;"BRASILEIRA NATA";-3;"PRUDENTÓPOLIS";"28";"N";0;"NÃO INFORMADA";"3176572.53";"#NE";"N";"-1";"06015173020266160000";"-3";"#NE";"-3";"#NE";"SIM";"Válido";2;"DEFERIDO";"S";"N";-1;-1;"2026-08-13 14:52:35";2;"DEFERIDO";"2";"DEFERIDO";"2";"DEFERIDO";-1;"#NULO";-1;"#NULO";-1;"#NULO";2;"MASCULINO";"1";"BRANCA"
"26/09/2026";"19:31:16";2026;6259;160002540778;-3;"#NE";1;"BRASILEIRA NATA";-3;"CURITIBA";"66";"N";0;"NÃO INFORMADA";"3176572.53";"#NE";"S";"-1";"06007387520266160000";"-3";"#NE";"-3";"#NE";"SIM";"Válido";2;"DEFERIDO";"S";"N";-1;-1;"2026-08-07 13:55:28";2;"DEFERIDO";"2";"DEFERIDO";"2";"DEFERIDO";-1;"#NULO";-1;"#NULO";-1;"#NULO";2;"MASCULINO";"1";"BRANCA"
"26/09/2026";"19:31:16";2026;6259;160002532851;-3;"#NE";1;"BRASILEIRA NATA";-3;"FOZ DO IGUAÇU";"76";"N";0;"NÃO INFORMADA";"3176572.53";"#NE";"S";"-1";"06005629620266160000";"-3";"#NE";"-3";"#NE";"SIM";"Válido";2;"DEFERIDO";"S";"N";-1;-1;"2026-07-28 15:24:25";2;"DEFERIDO";"2";"DEFERIDO";"2";"DEFERIDO";-1;"#NULO";-1;"#NULO";-1;"#NULO";2;"MASCULINO";"1";"BRANCA"
"26/09/2026";"19:31:16";2026;6259;160002547471;-3;"#NE";1;"BRASILEIRA NATA";-3;"UNIÃO DA VITÓRIA";"51";"N";0;"NÃO INFORMADA";"3176572.53";"#NE";"S";"-1";"06010842620266160000";"-3";"#NE";"-3";"#NE";"SIM";"Válido";2;"DEFERIDO";"S";"N";-1;-1;"2026-08-11 12:05:18";2;"DEFERIDO";"2";"DEFERIDO";"2";"DEFERIDO";-1;"#NULO";-1;"#NULO";-1;"#NULO";2;"MASCULINO";"2";"PRETA"
"26/09/2026";"19:31:16";2026;6259;160002547472;-3;"#NE";1;"BRASILEIRA NATA";-3;"JÚLIO DE CASTILHOS";"38";"N";0;"NÃO INFORMADA";"3176572.53";"#NE";"N";"-1";"06010894820266160000";"-3";"#NE";"-3";"#NE";"SIM";"Válido";2;"DEFERIDO";"S";"N";-1;-1;"2026-08-11 12:05:18";2;"DEFERIDO";"2";"DEFERIDO";"2";"DEFERIDO";-1;"#NULO";-1;"#NULO";-1;"#NULO";2;"MASCULINO";"1";"BRANCA"
"26/09/2026";"19:31:16";2026;6259;160002532596;-3;"#NE";1;"BRASILEIRA NATA";-3;"CURITIBA";"72";"N";-1;"#NULO";"3176572.53";"#NE";"S";"-1";"06005369820266160000";"-3";"#NE";"-3";"#NE";"SIM";"Válido";2;"DEFERIDO";"S";"N";-1;-1;"2026-07-27 16:24:27";2;"DEFERIDO";"2";"DEFERIDO";"2";"DEFERIDO";-1;"#NULO";-1;"#NULO";-1;"#NULO";2;"MASCULINO";"1";"BRANCA"
"26/09/2026";"19:31:16";2026;6259;160002532591;-3;"#NE";1;"BRASILEIRA NATA";-3;"CURITIBA";"22";"N";0;"NÃO INFORMADA";"3176572.53";"#NE";"N";"-1";"06005343120266160000";"-3";"#NE";"-3";"#NE";"SIM";"Válido";2;"DEFERIDO";"S";"N";-1;-1;"2026-07-27 16:24:27";2;"DEFERIDO";"2";"DEFERIDO";"2";"DEFERIDO";-1;"#NULO";-1;"#NULO";-1;"#NULO";2;"MASCULINO";"1";"BRANCA"
"26/09/2026";"19:31:16";2026;6259;160002532602;-3;"#NE";1;"BRASILEIRA NATA";-3;"PATO BRANCO";"62";"N";0;"NÃO INFORMADA";"3176572.53";"#NE";"S";"-1";"06005317620266160000";"-3";"#NE";"-3";"#NE";"SIM";"Válido";2;"DEFERIDO";"S";"N";-1;-1;"2026-07-27 16:24:27";2;"DEFERIDO";"2";"DEFERIDO";"2";"DEFERIDO";-1;"#NULO";-1;"#NULO";-1;"#NULO";2;"MASCULINO";"1";"BRANCA"
"26/09/2026";"19:31:16";2026;6259;160002536514;-3;"#NE";1;"BRASILEIRA NATA";-3;"CURITIBA";"48";"N";0;"NÃO INFORMADA";"3176572.53";"#NE";"S";"-1";"06007144720266160000";"-3";"#NE";"-3";"#NE";"SIM";"Válido";2;"DEFERIDO";"S";"N";-1;-1;"2026-08-04 17:55:10";2;"DEFERIDO";"2";"DEFERIDO";"2";"DEFERIDO";-1;"#NULO";-1;"#NULO";-1;"#NULO";4;"FEMININO";"1";"BRANCA"
"26/09/2026";"19:31:16";2026;6259;160002542220;-3;"#NE";1;"BRASILEIRA NATA";-3;"CURITIBA";"66";"N";0;"NÃO INFORMADA";"3176572.53";"#NE";"S";"-1";"06008642820266160000";"-3";"#NE";"-3";"#NE";"SIM";"Válido";2;"DEFERIDO";"S";"N";-1;-1;"2026-08-07 18:51:01";2;"DEFERIDO";"2";"DEFERIDO";"2";"DEFERIDO";-1;"#NULO";-1;"#NULO";-1;"#NULO";4;"FEMININO";"1";"BRANCA"
"26/09/2026";"19:31:16";2026;6259;160002547578;-3;"#NE";1;"BRASILEIRA NATA";-3;"CASCAVEL";"51";"N";-1;"#NULO";"3176572.53";"#NE";"S";"-1";"06011561320266160000";"-3";"#NE";"-3";"#NE";"SIM";"Válido";2;"DEFERIDO";"S";"N";-1;-1;"2026-08-11 12:26:56";2;"DEFERIDO";"2";"DEFERIDO";"2";"DEFERIDO";-1;"#NULO";-1;"#NULO";-1;"#NULO";4;"FEMININO";"1";"BRANCA"
"26/09/2026";"19:31:16";2026;6259;160002547712;-3;"#NE";1;"BRASILEIRA NATA";-3;"ADRIANÓPOLIS";"62";"N";0;"NÃO INFORMADA";"3176572.53";"#NE";"S";"-1";"06013415120266160000";"-3";"#NE";"-3";"#NE";"SIM";"Válido";2;"DEFERIDO";"S";"N";-1;-1;"2026-08-11 12:34:01";2;"DEFERIDO";"2";"DEFERIDO";"2";"DEFERIDO";-1;"#NULO";-1;"#NULO";-1;"#NULO";4;"FEMININO";"2";"PRETA"
"26/09/2026";"19:31:16";2026;6259;160002547716;-3;"#NE";1;"BRASILEIRA NATA";-3;"CASCAVEL";"45";"N";-1;"#NULO";"3176572.53";"#NE";"N";"-1";"06013293720266160000";"-3";"#NE";"-3";"#NE";"SIM";"Válido";2;"DEFERIDO";"S";"N";-1;-1;"2026-08-11 12:34:01";2;"DEFERIDO";"2";"DEFERIDO";"2";"DEFERIDO";-1;"#NULO";-1;"#NULO";-1;"#NULO";2;"MASCULINO";"3";"PARDA"
"26/09/2026";"19:31:16";2026;6259;160002547695;-3;"#NE";1;"BRASILEIRA NATA";-3;"DOIS VIZINHOS";"35";"N";0;"NÃO INFORMADA";"1270629.01";"#NE";"S";"-1";"06012990220266160000";"-3";"#NE";"-3";"#NE";"SIM";"Válido";2;"DEFERIDO";"S";"N";-1;-1;"2026-08-11 12:35:16";2;"DEFERIDO";"2";"DEFERIDO";"2";"DEFERIDO";-1;"#NULO";-1;"#NULO";-1;"#NULO";4;"FEMININO";"1";"BRANCA"
"26/09/2026";"19:31:16";2026;6259;160002547546;-3;"#NE";1;"BRASILEIRA NATA";-3;"QUEDAS DO IGUAÇU";"51";"N";-1;"#NULO";"1270629.01";"#NE";"S";"-1";"06011942520266160000";"-3";"#NE";"-3";"#NE";"SIM";"Válido";2;"DEFERIDO";"S";"N";-1;-1;"2026-08-11 12:24:57";2;"DEFERIDO";"2";"DEFERIDO";"2";"DEFERIDO";-1;"#NULO";-1;"#NULO";-1;"#NULO";4;"FEMININO";"1";"BRANCA"
"26/09/2026";"19:31:16";2026;6259;160002547542;-3;"#NE";1;"BRASILEIRA NATA";-3;"PATO BRANCO";"35";"N";0;"NÃO INFORMADA";"1270629.01";"#NE";"S";"-1";"06011890320266160000";"-3";"#NE";"-3";"#NE";"SIM";"Válido";2;"DEFERIDO";"S";"N";-1;-1;"2026-08-11 12:24:57";2;"DEFERIDO";"2";"DEFERIDO";"2";"DEFERIDO";-1;"#NULO";-1;"#NULO";-1;"#NULO";2;"MASCULINO";"1";"BRANCA"
"26/09/2026";"19:31:16";2026;6259;160002542213;-3;"#NE";1;"BRASILEIRA NATA";-3;"SANTA MARIANA";"56";"N";0;"NÃO INFORMADA";"3176572.53";"#NE";"S";"-1";"06008651320266160000";"-3";"#NE";"-3";"#NE";"SIM";"Válido";2;"DEFERIDO";"S";"N";-1;-1;"2026-08-07 18:51:01";2;"DEFERIDO";"2";"DEFERIDO";"2";"DEFERIDO";-1;"#NULO";-1;"#NULO";-1;"#NULO";2;"MASCULINO";"3";"PARDA"
"26/09/2026";"19:31:16";2026;6259;160002547575;-3;"#NE";1;"BRASILEIRA NATA";-3;"PITANGA";"56";"N";0;"NÃO INFORMADA";"3176572.53";"#NE";"S";"-1";"06011734920266160000";"-3";"#NE";"-3";"#NE";"SIM";"Válido";2;"DEFERIDO";"S";"N";-1;-1;"2026-08-11 12:26:56";2;"DEFERIDO";"2";"DEFERIDO";"2";"DEFERIDO";-1;"#NULO";-1;"#NULO";-1;"#NULO";2;"MASCULINO";"1";"BRANCA"
"26/09/2026";"19:31:16";2026;6259;160002552828;-3;"#NE";1;"BRASILEIRA NATA";-3;"FIGUEIRA";"49";"N";0;"NÃO INFORMADA";"1270629.01";"#NE";"S";"-1";"06016402820266160000";"-3";"#NE";"-3";"#NE";"SIM";"Válido";2;"DEFERIDO";"S";"N";-1;-1;"2026-08-15 13:17:58";2;"DEFERIDO";"2";"DEFERIDO";"2";"DEFERIDO";-1;"#NULO";-1;"#NULO";-1;"#NULO";2;"MASCULINO";"4";"AMARELA"
"26/09/2026";"19:31:16";2026;6259;160002547681;-3;"#NE";1;"BRASILEIRA NATA";-3;"ARAPOTI";"35";"N";0;"NÃO INFORMADA";"1270629.01";"#NE";"N";"-1";"06012843320266160000";"-3";"#NE";"-3";"#NE";"SIM";"Válido";2;"DEFERIDO";"S";"N";-1;-1;"2026-08-11 12:35:16";2;"DEFERIDO";"2";"DEFERIDO";"2";"DEFERIDO";-1;"#NULO";-1;"#NULO";-1;"#NULO";4;"FEMININO";"1";"BRANCA"
"26/09/2026";"19:31:16";2026;6259;160002547761;-3;"#NE";1;"BRASILEIRA NATA";-3;"TELÊMACO BORBA";"44";"N";0;"NÃO INFORMADA";"1270629.01";"#NE";"S";"-1";"06013674920266160000";"-3";"#NE";"-3";"#NE";"SIM";"Válido";2;"DEFERIDO";"S";"N";-1;-1;"2026-08-11 12:36:21";2;"DEFERIDO";"2";"DEFERIDO";"2";"DEFERIDO";-1;"#NULO";-1;"#NULO";-1;"#NULO";2;"MASCULINO";"3";"PARDA"
"26/09/2026";"19:31:16";2026;6259;160002547741;-3;"#NE";1;"BRASILEIRA NATA";-3;"QUATIGUÁ";"60";"N";-1;"#NULO";"1270629.01";"#NE";"S";"-1";"06013882520266160000";"-3";"#NE";"-3";"#NE";"SIM";"Válido";2;"DEFERIDO";"S";"N";-1;-1;"2026-08-11 12:36:21";2;"DEFERIDO";"2";"DEFERIDO";"2";"DEFERIDO";-1;"#NULO";-1;"#NULO";-1;"#NULO";2;"MASCULINO";"1";"BRANCA"
"26/09/2026";"19:31:16";2026;6259;160002551157;-3;"#NE";1;"BRASILEIRA NATA";-3;"IVAIPORÃ";"30";"N";0;"NÃO INFORMADA";"1270629.01";"#NE";"N";"-1";"06015597920266160000";"-3";"#NE";"-3";"#NE";"SIM";"Válido";2;"DEFERIDO";"S";"N";-1;-1;"2026-08-13 14:59:10";2;"DEFERIDO";"2";"DEFERIDO";"2";"DEFERIDO";-1;"#NULO";-1;"#NULO";-1;"#NULO";2;"MASCULINO";"1";"BRANCA"
"26/09/2026";"19:31:16";2026;6259;160002542356;-3;"#NE";1;"BRASILEIRA NATA";-3;"RIO BRANCO DO SUL";"33";"N";0;"NÃO INFORMADA";"1270629.01";"#NE";"N";"-1";"06008929320266160000";"-3";"#NE";"-3";"#NE";"SIM";"Válido";2;"DEFERIDO";"S";"N";-1;-1;"2026-08-07 18:51:36";2;"DEFERIDO";"2";"DEFERIDO";"2";"DEFERIDO";-1;"#NULO";-1;"#NULO";-1;"#NULO";2;"MASCULINO";"1";"BRANCA"
"26/09/2026";"19:31:16";2026;6259;160002542375;-3;"#NE";1;"BRASILEIRA NATA";-3;"MARINGÁ";"45";"N";0;"NÃO INFORMADA";"1270629.01";"#NE";"N";"-1";"06008902620266160000";"-3";"#NE";"-3";"#NE";"SIM";"Válido";2;"DEFERIDO";"S";"N";-1;-1;"2026-08-07 18:51:36";2;"DEFERIDO";"2";"DEFERIDO";"2";"DEFERIDO";-1;"#NULO";-1;"#NULO";-1;"#NULO";4;"FEMININO";"2";"PRETA"
"26/09/2026";"19:31:16";2026;6259;160002542376;-3;"#NE";1;"BRASILEIRA NATA";-3;"MARINGÁ";"36";"N";0;"NÃO INFORMADA";"1270629.01";"#NE";"S";"-1";"06009223120266160000";"-3";"#NE";"-3";"#NE";"SIM";"Válido";2;"DEFERIDO";"S";"N";-1;-1;"2026-08-07 18:51:36";2;"DEFERIDO";"2";"DEFERIDO";"2";"DEFERIDO";-1;"#NULO";-1;"#NULO";-1;"#NULO";4;"FEMININO";"1";"BRANCA"
"26/09/2026";"19:31:16";2026;6259;160002542232;-3;"#NE";1;"BRASILEIRA NATA";-3;"PONTA GROSSA";"40";"N";0;"NÃO INFORMADA";"1270629.01";"#NE";"S";"-1";"06008097720266160000";"-3";"#NE";"-3";"#NE";"SIM";"Válido";2;"DEFERIDO";"S";"N";-1;-1;"2026-08-07 18:50:23";2;"DEFERIDO";"2";"DEFERIDO";"2";"DEFERIDO";-1;"#NULO";-1;"#NULO";-1;"#NULO";2;"MASCULINO";"1";"BRANCA"
"26/09/2026";"19:31:16";2026;6259;160002533453;-3;"#NE";1;"BRASILEIRA NATA";-3;"NOVA FÁTIMA";"60";"N";-1;"#NULO";"1270629.01";"#NE";"N";"-1";"06006183220266160000";"-3";"#NE";"-3";"#NE";"SIM";"Válido";2;"DEFERIDO";"S";"N";-1;-1;"2026-07-29 17:41:27";2;"DEFERIDO";"2";"DEFERIDO";"2";"DEFERIDO";-1;"#NULO";-1;"#NULO";-1;"#NULO";2;"MASCULINO";"1";"BRANCA"
"26/09/2026";"19:31:16";2026;6259;160002533450;-3;"#NE";1;"BRASILEIRA NATA";-3;"MARINGÁ";"49";"N";0;"NÃO INFORMADA";"1270629.01";"#NE";"S";"-1";"06006409020266160000";"-3";"#NE";"-3";"#NE";"SIM";"Válido";2;"DEFERIDO";"S";"N";-1;-1;"2026-07-29 17:41:27";2;"DEFERIDO";"2";"DEFERIDO";"2";"DEFERIDO";-1;"#NULO";-1;"#NULO";-1;"#NULO";2;"MASCULINO";"1";"BRANCA"
"26/09/2026";"19:31:16";2026;6259;160002547511;-3;"#NE";1;"BRASILEIRA NATA";-3;"ARAPONGAS";"68";"N";0;"NÃO INFORMADA";"1270629.01";"#NE";"S";"-1";"06011259020266160000";"-3";"#NE";"-3";"#NE";"SIM";"Válido";2;"DEFERIDO";"S";"N";-1;-1;"2026-08-11 12:24:00";2;"DEFERIDO";"2";"DEFERIDO";"2";"DEFERIDO";-1;"#NULO";-1;"#NULO";-1;"#NULO";2;"MASCULINO";"1";"BRANCA"
"26/09/2026";"19:31:16";2026;6259;160002547502;-3;"#NE";1;"BRASILEIRA NATA";-3;"MEDIANEIRA";"44";"N";0;"NÃO INFORMADA";"1270629.01";"#NE";"S";"-1";"06011163120266160000";"-3";"#NE";"-3";"#NE";"SIM";"Válido";2;"DEFERIDO";"S";"N";-1;-1;"2026-08-11 12:24:00";2;"DEFERIDO";"2";"DEFERIDO";"2";"DEFERIDO";-1;"#NULO";-1;"#NULO";-1;"#NULO";4;"FEMININO";"1";"BRANCA"
"26/09/2026";"19:31:16";2026;6259;160002546822;-3;"#NE";1;"BRASILEIRA NATA";-3;"SANTO INÁCIO";"45";"N";0;"NÃO INFORMADA";"1270629.01";"#NE";"S";"-1";"06009916320266160000";"-3";"#NE";"-3";"#NE";"SIM";"Válido";2;"DEFERIDO";"S";"N";-1;-1;"2026-08-11 11:57:23";2;"DEFERIDO";"2";"DEFERIDO";"2";"DEFERIDO";-1;"#NULO";-1;"#NULO";-1;"#NULO";2;"MASCULINO";"3";"PARDA"
"26/09/2026";"19:31:16";2026;6259;160002552562;-3;"#NE";1;"BRASILEIRA NATA";-3;"CURITIBA";"55";"N";0;"NÃO INFORMADA";"-1";"#NE";"N";"-1";"06016662620266160000";"-3";"#NE";"-3";"#NE";"SIM";"#NULO";4;"INDEFERIDO EM PRAZO RECURSAL OU COM RECURSO";"N";"N";-1;-1;"2026-08-15 13:22:11";4;"INDEFERIDO EM PRAZO RECURSAL OU COM RECURSO";"4";"INDEFERIDO EM PRAZO RECURSAL OU COM RECURSO";"4";"INDEFERIDO EM PRAZO RECURSAL OU COM RECURSO";-1;"#NULO";-1;"#NULO";-1;"#NULO";2;"MASCULINO";"1";"BRANCA"
"26/09/2026";"19:31:16";2026;6259;160002542333;-3;"#NE";1;"BRASILEIRA NATA";-3;"PARANAVAÍ";"37";"N";0;"NÃO INFORMADA";"3176572.53";"#NE";"S";"-1";"06009396720266160000";"-3";"#NE";"-3";"#NE";"SIM";"Válido";16;"DEFERIDO COM RECURSO";"S";"N";-1;-1;"2026-08-07 18:52:37";16;"DEFERIDO EM PRAZO RECURSAL OU COM RECURSO";"16";"DEFERIDO COM RECURSO";"17";"PENDENTE DE JULGAMENTO";-1;"#NULO";-1;"#NULO";-1;"#NULO";2;"MASCULINO";"1";"BRANCA"
"26/09/2026";"19:31:16";2026;6259;160002547952;-3;"#NE";1;"BRASILEIRA NATA";-3;"LONDRINA";"59";"N";-1;"#NULO";"1270629.01";"#NE";"S";"-1";"06014142320266160000";"-3";"#NE";"-3";"#NE";"SIM";"Válido";2;"DEFERIDO";"S";"N";-1;-1;"2026-08-11 12:36:56";2;"DEFERIDO";"2";"DEFERIDO";"2";"DEFERIDO";-1;"#NULO";-1;"#NULO";-1;"#NULO";2;"MASCULINO";"1";"BRANCA"
"26/09/2026";"19:31:16";2026;6259;160002547607;-3;"#NE";1;"BRASILEIRA NATA";-3;"MARINGÁ";"44";"N";0;"NÃO INFORMADA";"1270629.01";"#NE";"S";"-1";"06012306720266160000";"-3";"#NE";"-3";"#NE";"SIM";"Válido";2;"DEFERIDO";"S";"N";-1;-1;"2026-08-11 12:29:53";2;"DEFERIDO";"2";"DEFERIDO";"2";"DEFERIDO";-1;"#NULO";-1;"#NULO";-1;"#NULO";4;"FEMININO";"1";"BRANCA"
"26/09/2026";"19:31:16";2026;6259;160002547621;-3;"#NE";1;"BRASILEIRA NATA";-3;"ARARUNA";"44";"N";0;"NÃO INFORMADA";"1270629.01";"#NE";"S";"-1";"06012644220266160000";"-3";"#NE";"-3";"#NE";"SIM";"Válido";2;"DEFERIDO";"S";"N";-1;-1;"2026-08-11 12:29:53";2;"DEFERIDO";"2";"DEFERIDO";"2";"DEFERIDO";-1;"#NULO";-1;"#NULO";-1;"#NULO";2;"MASCULINO";"1";"BRANCA"
"26/09/2026";"19:31:16";2026;6259;160002547597;-3;"#NE";1;"BRASILEIRA NATA";-3;"BRASÍLIA";"48";"N";0;"NÃO INFORMADA";"1270629.01";"#NE";"S";"-1";"06012298220266160000";"-3";"#NE";"-3";"#NE";"SIM";"Válido";2;"DEFERIDO";"S";"N";-1;-1;"2026-08-11 12:29:53";2;"DEFERIDO";"2";"DEFERIDO";"2";"DEFERIDO";-1;"#NULO";-1;"#NULO";-1;"#NULO";4;"FEMININO";"1";"BRANCA"
"26/09/2026";"19:31:16";2026;6259;160002546851;-3;"#NE";1;"BRASILEIRA NATA";-3;"ARAGUARI";"49";"N";0;"NÃO INFORMADA";"1270629.01";"#NE";"S";"-1";"06010418920266160000";"-3";"#NE";"-3";"#NE";"SIM";"Válido";2;"DEFERIDO";"S";"N";-1;-1;"2026-08-11 12:01:37";2;"DEFERIDO";"2";"DEFERIDO";"2";"DEFERIDO";-1;"#NULO";-1;"#NULO";-1;"#NULO";2;"MASCULINO";"2";"PRETA"
"26/09/2026";"19:31:16";2026;6259;160002546860;-3;"#NE";1;"BRASILEIRA NATA";-3;"QUATRO BARRAS";"41";"N";0;"NÃO INFORMADA";"1270629.01";"#NE";"S";"-1";"06010400720266160000";"-3";"#NE";"-3";"#NE";"SIM";"Válido";2;"DEFERIDO";"S";"N";-1;-1;"2026-08-11 12:01:37";2;"DEFERIDO";"2";"DEFERIDO";"2";"DEFERIDO";-1;"#NULO";-1;"#NULO";-1;"#NULO";4;"FEMININO";"1";"BRANCA"
"26/09/2026";"19:31:16";2026;6259;160002546864;-3;"#NE";1;"BRASILEIRA NATA";-3;"APUCARANA";"46";"N";0;"NÃO INFORMADA";"1270629.01";"#NE";"S";"-1";"06010721220266160000";"-3";"#NE";"-3";"#NE";"SIM";"Válido";2;"DEFERIDO";"S";"N";-1;-1;"2026-08-11 12:01:37";2;"DEFERIDO";"2";"DEFERIDO";"2";"DEFERIDO";-1;"#NULO";-1;"#NULO";-1;"#NULO";4;"FEMININO";"1";"BRANCA"
"26/09/2026";"19:31:16";2026;6259;160002546845;-3;"#NE";1;"BRASILEIRA NATA";-3;"UMUARAMA";"57";"N";0;"NÃO INFORMADA";"1270629.01";"#NE";"S";"-1";"06010236820266160000";"-3";"#NE";"-3";"#NE";"SIM";"Válido";2;"DEFERIDO";"N";"N";-1;-1;"2026-08-11 11:57:23";2;"DEFERIDO";"2";"DEFERIDO";"2";"DEFERIDO";-1;"#NULO";-1;"#NULO";-1;"#NULO";2;"MASCULINO";"2";"PRETA"
"26/09/2026";"19:31:16";2026;6259;160002552823;-3;"#NE";1;"BRASILEIRA NATA";-3;"BARRA DE SÃO FRANCISCO";"45";"N";-1;"#NULO";"1270629.01";"#NE";"S";"-1";"06016368820266160000";"-3";"#NE";"-3";"#NE";"SIM";"Válido";2;"DEFERIDO";"S";"N";-1;-1;"2026-08-15 13:17:58";2;"DEFERIDO";"2";"DEFERIDO";"2";"DEFERIDO";-1;"#NULO";-1;"#NULO";-1;"#NULO";2;"MASCULINO";"3";"PARDA"
"26/09/2026";"19:31:16";2026;6259;160002542284;-3;"#NE";1;"BRASILEIRA NATA";-3;"RIO BRANCO DO SUL";"47";"N";0;"NÃO INFORMADA";"3176572.53";"#NE";"S";"-1";"06009612820266160000";"-3";"#NE";"-3";"#NE";"SIM";"Válido";2;"DEFERIDO";"S";"N";-1;-1;"2026-08-07 18:52:09";2;"DEFERIDO";"2";"DEFERIDO";"2";"DEFERIDO";-1;"#NULO";-1;"#NULO";-1;"#NULO";2;"MASCULINO";"1";"BRANCA"
"26/09/2026";"19:31:16";2026;6259;160002542301;-3;"#NE";1;"BRASILEIRA NATA";-3;"CURITIBA";"55";"N";0;"NÃO INFORMADA";"3176572.53";"#NE";"S";"-1";"06009673520266160000";"-3";"#NE";"-3";"#NE";"SIM";"Válido";2;"DEFERIDO";"S";"N";-1;-1;"2026-08-07 18:52:09";2;"DEFERIDO";"2";"DEFERIDO";"2";"DEFERIDO";-1;"#NULO";-1;"#NULO";-1;"#NULO";2;"MASCULINO";"1";"BRANCA"
"26/09/2026";"19:31:16";2026;6259;160002551039;-3;"#NE";1;"BRASILEIRA NATA";-3;"NITERÓI";"33";"N";0;"NÃO INFORMADA";"3176572.53";"#NE";"S";"-1";"06015363620266160000";"-3";"#NE";"-3";"#NE";"SIM";"Válido";2;"DEFERIDO";"S";"N";-1;-1;"2026-08-13 14:52:35";2;"DEFERIDO";"2";"DEFERIDO";"2";"DEFERIDO";-1;"#NULO";-1;"#NULO";-1;"#NULO";2;"MASCULINO";"3";"PARDA"
"26/09/2026";"19:31:16";2026;6259;160002551031;-3;"#NE";1;"BRASILEIRA NATA";-3;"CURITIBA";"27";"N";0;"NÃO INFORMADA";"3176572.53";"#NE";"N";"-1";"06015208220266160000";"-3";"#NE";"-3";"#NE";"SIM";"Válido";2;"DEFERIDO";"S";"N";-1;-1;"2026-08-13 14:52:35";2;"DEFERIDO";"2";"DEFERIDO";"2";"DEFERIDO";-1;"#NULO";-1;"#NULO";-1;"#NULO";4;"FEMININO";"1";"BRANCA"
"26/09/2026";"19:31:16";2026;6259;160002547474;-3;"#NE";1;"BRASILEIRA NATA";-3;"ASSIS";"58";"N";0;"NÃO INFORMADA";"3176572.53";"#NE";"S";"-1";"06010781920266160000";"-3";"#NE";"-3";"#NE";"SIM";"Válido";2;"DEFERIDO";"S";"N";-1;-1;"2026-08-11 12:05:18";2;"DEFERIDO";"2";"DEFERIDO";"2";"DEFERIDO";-1;"#NULO";-1;"#NULO";-1;"#NULO";2;"MASCULINO";"1";"BRANCA"
"26/09/2026";"19:31:16";2026;6259;160002547473;-3;"#NE";1;"BRASILEIRA NATA";-3;"SANTA CRUZ DO SUL";"49";"N";0;"NÃO INFORMADA";"3176572.53";"#NE";"N";"-1";"06010955520266160000";"-3";"#NE";"-3";"#NE";"SIM";"Válido";2;"DEFERIDO";"S";"N";-1;-1;"2026-08-11 12:05:18";2;"DEFERIDO";"2";"DEFERIDO";"2";"DEFERIDO";-1;"#NULO";-1;"#NULO";-1;"#NULO";2;"MASCULINO";"1";"BRANCA"
"26/09/2026";"19:31:16";2026;6259;160002546895;-3;"#NE";1;"BRASILEIRA NATA";-3;"ASSIS CHATEAUBRIAND";"30";"N";0;"NÃO INFORMADA";"3176572.53";"#NE";"S";"-1";"06010938520266160000";"-3";"#NE";"-3";"#NE";"SIM";"Válido";2;"DEFERIDO";"S";"N";-1;-1;"2026-08-11 12:05:18";2;"DEFERIDO";"2";"DEFERIDO";"2";"DEFERIDO";-1;"#NULO";-1;"#NULO";-1;"#NULO";2;"MASCULINO";"1";"BRANCA"
"26/09/2026";"19:31:16";2026;6259;160002542327;-3;"#NE";1;"BRASILEIRA NATA";-3;"CURITIBA";"63";"N";0;"NÃO INFORMADA";"3176572.53";"#NE";"S";"-1";"06009084720266160000";"-3";"#NE";"-3";"#NE";"SIM";"Válido";2;"DEFERIDO";"S";"N";-1;-1;"2026-08-07 18:52:37";2;"DEFERIDO";"2";"DEFERIDO";"2";"DEFERIDO";-1;"#NULO";-1;"#NULO";-1;"#NULO";4;"FEMININO";"1";"BRANCA"
"26/09/2026";"19:31:16";2026;6259;160002542317;-3;"#NE";1;"BRASILEIRA NATA";-3;"IRATI";"66";"N";-1;"#NULO";"3176572.53";"#NE";"S";"-1";"06009197620266160000";"-3";"#NE";"-3";"#NE";"SIM";"Válido";2;"DEFERIDO";"S";"N";-1;-1;"2026-08-07 18:52:37";2;"DEFERIDO";"2";"DEFERIDO";"2";"DEFERIDO";-1;"#NULO";-1;"#NULO";-1;"#NULO";2;"MASCULINO";"1";"BRANCA"
"26/09/2026";"19:31:16";2026;6259;160002542313;-3;"#NE";1;"BRASILEIRA NATA";-3;"PONTA GROSSA";"56";"N";0;"NÃO INFORMADA";"3176572.53";"#NE";"S";"-1";"06009336020266160000";"-3";"#NE";"-3";"#NE";"SIM";"Válido";2;"DEFERIDO";"S";"N";-1;-1;"2026-08-07 18:52:37";2;"DEFERIDO";"2";"DEFERIDO";"2";"DEFERIDO";-1;"#NULO";-1;"#NULO";-1;"#NULO";2;"MASCULINO";"1";"BRANCA"
"26/09/2026";"19:31:16";2026;6259;160002532604;-3;"#NE";1;"BRASILEIRA NATA";-3;"ABATIÁ";"55";"N";0;"NÃO INFORMADA";"3176572.53";"#NE";"S";"-1";"06005309120266160000";"-3";"#NE";"-3";"#NE";"SIM";"Válido";2;"DEFERIDO";"S";"N";-1;-1;"2026-07-27 16:24:27";2;"DEFERIDO";"2";"DEFERIDO";"2";"DEFERIDO";-1;"#NULO";-1;"#NULO";-1;"#NULO";2;"MASCULINO";"1";"BRANCA"
"26/09/2026";"19:31:16";2026;6259;160002536515;-3;"#NE";1;"BRASILEIRA NATA";-3;"CURITIBA";"44";"N";-1;"#NULO";"3176572.53";"#NE";"N";"-1";"06007031820266160000";"-3";"#NE";"-3";"#NE";"SIM";"Válido";2;"DEFERIDO";"S";"N";-1;-1;"2026-08-04 17:55:10";2;"DEFERIDO";"2";"DEFERIDO";"2";"DEFERIDO";-1;"#NULO";-1;"#NULO";-1;"#NULO";2;"MASCULINO";"1";"BRANCA"
"26/09/2026";"19:31:16";2026;6259;160002542229;-3;"#NE";1;"BRASILEIRA NATA";-3;"SANTO ANDRÉ";"46";"N";0;"NÃO INFORMADA";"3176572.53";"#NE";"N";"-1";"06008504420266160000";"-3";"#NE";"-3";"#NE";"SIM";"Válido";2;"DEFERIDO";"S";"N";-1;-1;"2026-08-07 18:51:01";2;"DEFERIDO";"2";"DEFERIDO";"2";"DEFERIDO";-1;"#NULO";-1;"#NULO";-1;"#NULO";2;"MASCULINO";"3";"PARDA"
"26/09/2026";"19:31:16";2026;6259;160002547590;-3;"#NE";1;"BRASILEIRA NATA";-3;"UMUARAMA";"55";"N";-1;"#NULO";"3176572.53";"#NE";"S";"-1";"06011787120266160000";"-3";"#NE";"-3";"#NE";"SIM";"Válido";2;"DEFERIDO";"S";"N";-1;-1;"2026-08-11 12:26:56";2;"DEFERIDO";"2";"DEFERIDO";"2";"DEFERIDO";-1;"#NULO";-1;"#NULO";-1;"#NULO";2;"MASCULINO";"1";"BRANCA"
"26/09/2026";"19:31:16";2026;6259;160002547589;-3;"#NE";1;"BRASILEIRA NATA";-3;"UMUARAMA";"65";"N";0;"NÃO INFORMADA";"3176572.53";"#NE";"S";"-1";"06011579520266160000";"-3";"#NE";"-3";"#NE";"SIM";"Válido";2;"DEFERIDO";"S";"N";-1;-1;"2026-08-11 12:26:56";2;"DEFERIDO";"2";"DEFERIDO";"2";"DEFERIDO";-1;"#NULO";-1;"#NULO";-1;"#NULO";2;"MASCULINO";"1";"BRANCA"
"26/09/2026";"19:31:16";2026;6259;160002547713;-3;"#NE";1;"BRASILEIRA NATA";-3;"ARAPONGAS";"54";"N";-1;"#NULO";"3176572.53";"#NE";"N";"-1";"06013310720266160000";"-3";"#NE";"-3";"#NE";"SIM";"Válido";2;"DEFERIDO";"S";"N";-1;-1;"2026-08-11 12:34:01";2;"DEFERIDO";"2";"DEFERIDO";"2";"DEFERIDO";-1;"#NULO";-1;"#NULO";-1;"#NULO";2;"MASCULINO";"3";"PARDA"
"26/09/2026";"19:31:16";2026;6259;160002552826;-3;"#NE";1;"BRASILEIRA NATA";-3;"SÃO PAULO";"49";"N";0;"NÃO INFORMADA";"1270629.01";"#NE";"S";"-1";"06016195220266160000";"-3";"#NE";"-3";"#NE";"SIM";"Válido";2;"DEFERIDO";"S";"N";-1;-1;"2026-08-15 13:17:58";2;"DEFERIDO";"2";"DEFERIDO";"2";"DEFERIDO";-1;"#NULO";-1;"#NULO";-1;"#NULO";2;"MASCULINO";"1";"BRANCA"
"26/09/2026";"19:31:16";2026;6259;160002547685;-3;"#NE";1;"BRASILEIRA NATA";-3;"CAMPO MOURÃO";"52";"N";0;"NÃO INFORMADA";"1270629.01";"#NE";"S";"-1";"06012912520266160000";"-3";"#NE";"-3";"#NE";"SIM";"Válido";2;"DEFERIDO";"S";"N";-1;-1;"2026-08-11 12:35:16";2;"DEFERIDO";"2";"DEFERIDO";"2";"DEFERIDO";-1;"#NULO";-1;"#NULO";-1;"#NULO";2;"MASCULINO";"1";"BRANCA"
"26/09/2026";"19:31:16";2026;6259;160002547759;-3;"#NE";1;"BRASILEIRA NATA";-3;"CURITIBA";"37";"N";0;"NÃO INFORMADA";"1270629.01";"#NE";"N";"-1";"06013891020266160000";"-3";"#NE";"-3";"#NE";"SIM";"Válido";2;"DEFERIDO";"S";"N";-1;-1;"2026-08-11 12:36:21";2;"DEFERIDO";"2";"DEFERIDO";"2";"DEFERIDO";-1;"#NULO";-1;"#NULO";-1;"#NULO";2;"MASCULINO";"1";"BRANCA"
"26/09/2026";"19:31:16";2026;6259;160002547626;-3;"#NE";1;"BRASILEIRA NATA";-3;"CURITIBA";"66";"N";0;"NÃO INFORMADA";"1270629.01";"#NE";"N";"-1";"06012566520266160000";"-3";"#NE";"-3";"#NE";"SIM";"Válido";2;"DEFERIDO";"S";"N";-1;-1;"2026-08-11 12:29:53";2;"DEFERIDO";"2";"DEFERIDO";"2";"DEFERIDO";-1;"#NULO";-1;"#NULO";-1;"#NULO";4;"FEMININO";"1";"BRANCA"
"26/09/2026";"19:31:16";2026;6259;160002547635;-3;"#NE";1;"BRASILEIRA NATA";-3;"POMPÉIA";"74";"N";0;"NÃO INFORMADA";"1270629.01";"#NE";"S";"-1";"06012462120266160000";"-3";"#NE";"-3";"#NE";"SIM";"Válido";2;"DEFERIDO";"S";"N";-1;-1;"2026-08-11 12:29:53";2;"DEFERIDO";"2";"DEFERIDO";"2";"DEFERIDO";-1;"#NULO";-1;"#NULO";-1;"#NULO";2;"MASCULINO";"1";"BRANCA"
"26/09/2026";"19:31:16";2026;6259;160002547714;-3;"#NE";1;"BRASILEIRA NATA";-3;"ARAPONGAS";"50";"N";-1;"#NULO";"3176572.53";"#NE";"S";"-1";"06013354420266160000";"-3";"#NE";"-3";"#NE";"SIM";"Válido";2;"DEFERIDO";"S";"N";-1;-1;"2026-08-11 12:34:01";2;"DEFERIDO";"2";"DEFERIDO";"2";"DEFERIDO";-1;"#NULO";-1;"#NULO";-1;"#NULO";2;"MASCULINO";"3";"PARDA"
"26/09/2026";"19:31:16";2026;6259;160002540797;-3;"#NE";1;"BRASILEIRA NATA";-3;"CURITIBA";"36";"N";0;"NÃO INFORMADA";"3176572.53";"#NE";"S";"-1";"06007811220266160000";"-3";"#NE";"-3";"#NE";"SIM";"Válido";2;"DEFERIDO";"S";"N";-1;-1;"2026-08-07 13:56:41";2;"DEFERIDO";"2";"DEFERIDO";"2";"DEFERIDO";-1;"#NULO";-1;"#NULO";-1;"#NULO";4;"FEMININO";"1";"BRANCA"
"26/09/2026";"19:31:16";2026;6259;160002542308;-3;"#NE";1;"BRASILEIRA NATA";-3;"PIRAQUARA";"25";"N";0;"NÃO INFORMADA";"3176572.53";"#NE";"N";"-1";"06009552120266160000";"-3";"#NE";"-3";"#NE";"SIM";"Válido";2;"DEFERIDO";"S";"N";-1;-1;"2026-08-07 18:52:09";2;"DEFERIDO";"2";"DEFERIDO";"2";"DEFERIDO";-1;"#NULO";-1;"#NULO";-1;"#NULO";4;"FEMININO";"3";"PARDA"
"26/09/2026";"19:31:16";2026;6259;160002551042;-3;"#NE";1;"BRASILEIRA NATA";-3;"SÃO PAULO";"29";"N";0;"NÃO INFORMADA";"3176572.53";"#NE";"S";"-1";"06015242220266160000";"-3";"#NE";"-3";"#NE";"SIM";"Válido";2;"DEFERIDO";"S";"N";-1;-1;"2026-08-13 14:52:35";2;"DEFERIDO";"2";"DEFERIDO";"2";"DEFERIDO";-1;"#NULO";-1;"#NULO";-1;"#NULO";4;"FEMININO";"1";"BRANCA"
"26/09/2026";"19:31:16";2026;6259;160002540760;-3;"#NE";1;"BRASILEIRA NATA";-3;"PONTA GROSSA";"65";"N";0;"NÃO INFORMADA";"3176572.53";"#NE";"S";"-1";"06007508920266160000";"-3";"#NE";"-3";"#NE";"SIM";"Válido";2;"DEFERIDO";"S";"N";-1;-1;"2026-08-07 13:55:28";2;"DEFERIDO";"2";"DEFERIDO";"2";"DEFERIDO";-1;"#NULO";-1;"#NULO";-1;"#NULO";2;"MASCULINO";"1";"BRANCA"
"26/09/2026";"19:31:16";2026;6259;160002532858;-3;"#NE";1;"BRASILEIRA NATA";-3;"PARANAVAÍ";"44";"N";0;"NÃO INFORMADA";"3176572.53";"#NE";"S";"-1";"06005828720266160000";"-3";"#NE";"-3";"#NE";"SIM";"Válido";2;"DEFERIDO";"S";"N";-1;-1;"2026-07-28 15:24:25";2;"DEFERIDO";"2";"DEFERIDO";"2";"DEFERIDO";-1;"#NULO";-1;"#NULO";-1;"#NULO";2;"MASCULINO";"1";"BRANCA"
"26/09/2026";"19:31:16";2026;6259;160002546892;-3;"#NE";1;"BRASILEIRA NATA";-3;"PONTA GROSSA";"50";"N";0;"NÃO INFORMADA";"3176572.53";"#NE";"S";"-1";"06010808620266160000";"-3";"#NE";"-3";"#NE";"SIM";"Válido";2;"DEFERIDO";"S";"N";-1;-1;"2026-08-11 12:05:18";2;"DEFERIDO";"2";"DEFERIDO";"2";"DEFERIDO";-1;"#NULO";-1;"#NULO";-1;"#NULO";2;"MASCULINO";"1";"BRANCA"
"26/09/2026";"19:31:16";2026;6259;160002532616;-3;"#NE";1;"BRASILEIRA NATA";-3;"GRAJAÚ";"40";"N";0;"NÃO INFORMADA";"3176572.53";"#NE";"S";"-1";"06005568920266160000";"-3";"#NE";"-3";"#NE";"SIM";"Válido";2;"DEFERIDO";"S";"N";-1;-1;"2026-07-27 16:24:27";2;"DEFERIDO";"2";"DEFERIDO";"2";"DEFERIDO";-1;"#NULO";-1;"#NULO";-1;"#NULO";2;"MASCULINO";"2";"PRETA"
"26/09/2026";"19:31:16";2026;6259;160002532599;-3;"#NE";1;"BRASILEIRA NATA";-3;"PONTA GROSSA";"40";"N";0;"NÃO INFORMADA";"3176572.53";"#NE";"S";"-1";"06005481520266160000";"-3";"#NE";"-3";"#NE";"SIM";"Válido";2;"DEFERIDO";"S";"N";-1;-1;"2026-07-27 16:24:27";2;"DEFERIDO";"2";"DEFERIDO";"2";"DEFERIDO";-1;"#NULO";-1;"#NULO";-1;"#NULO";2;"MASCULINO";"1";"BRANCA"
"26/09/2026";"19:31:16";2026;6259;160002536504;-3;"#NE";1;"BRASILEIRA NATA";-3;"PONTA GROSSA";"55";"N";-1;"#NULO";"3176572.53";"#NE";"S";"-1";"06007006320266160000";"-3";"#NE";"-3";"#NE";"SIM";"Válido";2;"DEFERIDO";"S";"N";-1;-1;"2026-08-04 17:55:10";2;"DEFERIDO";"2";"DEFERIDO";"2";"DEFERIDO";-1;"#NULO";-1;"#NULO";-1;"#NULO";2;"MASCULINO";"1";"BRANCA"
"26/09/2026";"19:31:16";2026;6259;160002536501;-3;"#NE";1;"BRASILEIRA NATA";-3;"PARANAGUÁ";"57";"N";-1;"#NULO";"3176572.53";"#NE";"S";"-1";"06007136220266160000";"-3";"#NE";"-3";"#NE";"SIM";"Válido";2;"DEFERIDO";"S";"N";-1;-1;"2026-08-04 17:55:10";2;"DEFERIDO";"2";"DEFERIDO";"2";"DEFERIDO";-1;"#NULO";-1;"#NULO";-1;"#NULO";2;"MASCULINO";"1";"BRANCA"
"26/09/2026";"19:31:16";2026;6259;160002536517;-3;"#NE";1;"BRASILEIRA NATA";-3;"TOLEDO";"58";"N";0;"NÃO INFORMADA";"3176572.53";"#NE";"S";"-1";"06006989320266160000";"-3";"#NE";"-3";"#NE";"SIM";"Válido";2;"DEFERIDO";"S";"N";-1;-1;"2026-08-04 17:55:10";2;"DEFERIDO";"2";"DEFERIDO";"2";"DEFERIDO";-1;"#NULO";-1;"#NULO";-1;"#NULO";2;"MASCULINO";"1";"BRANCA"
"26/09/2026";"19:31:16";2026;6259;160002536510;-3;"#NE";1;"BRASILEIRA NATA";-3;"CORONEL VIVIDA";"60";"N";0;"NÃO INFORMADA";"3176572.53";"#NE";"S";"-1";"06007075520266160000";"-3";"#NE";"-3";"#NE";"SIM";"Válido";2;"DEFERIDO";"S";"N";-1;-1;"2026-08-04 17:55:10";2;"DEFERIDO";"2";"DEFERIDO";"2";"DEFERIDO";-1;"#NULO";-1;"#NULO";-1;"#NULO";4;"FEMININO";"3";"PARDA"
"26/09/2026";"19:31:16";2026;6259;160002542222;-3;"#NE";1;"BRASILEIRA NATA";-3;"SANTA HELENA";"47";"N";-1;"#NULO";"3176572.53";"#NE";"S";"-1";"06008686520266160000";"-3";"#NE";"-3";"#NE";"SIM";"Válido";2;"DEFERIDO";"S";"N";-1;-1;"2026-08-07 18:51:01";2;"DEFERIDO";"2";"DEFERIDO";"2";"DEFERIDO";-1;"#NULO";-1;"#NULO";-1;"#NULO";2;"MASCULINO";"1";"BRANCA"
"26/09/2026";"19:31:16";2026;6259;160002541990;-3;"#NE";1;"BRASILEIRA NATA";-3;"LONDRINA";"47";"N";0;"NÃO INFORMADA";"3176572.53";"#NE";"N";"-1";"06008322320266160000";"-3";"#NE";"-3";"#NE";"SIM";"Válido";2;"DEFERIDO";"S";"N";-1;-1;"2026-08-07 18:51:01";2;"DEFERIDO";"2";"DEFERIDO";"2";"DEFERIDO";-1;"#NULO";-1;"#NULO";-1;"#NULO";4;"FEMININO";"1";"BRANCA"
"26/09/2026";"19:31:16";2026;6259;160002542215;-3;"#NE";1;"BRASILEIRA NATA";-3;"CURITIBA";"68";"N";0;"NÃO INFORMADA";"3176572.53";"#NE";"S";"-1";"06008712020266160000";"-3";"#NE";"-3";"#NE";"SIM";"Válido";2;"DEFERIDO";"S";"N";-1;-1;"2026-08-07 18:51:01";2;"DEFERIDO";"2";"DEFERIDO";"2";"DEFERIDO";-1;"#NULO";-1;"#NULO";-1;"#NULO";2;"MASCULINO";"1";"BRANCA"
"26/09/2026";"19:31:16";2026;6259;160002547579;-3;"#NE";1;"BRASILEIRA NATA";-3;"CASTRO";"47";"N";0;"NÃO INFORMADA";"3176572.53";"#NE";"S";"-1";"06011605020266160000";"-3";"#NE";"-3";"#NE";"SIM";"Válido";2;"DEFERIDO";"S";"N";-1;-1;"2026-08-11 12:26:56";2;"DEFERIDO";"2";"DEFERIDO";"2";"DEFERIDO";-1;"#NULO";-1;"#NULO";-1;"#NULO";4;"FEMININO";"1";"BRANCA"
"26/09/2026";"19:31:16";2026;6259;160002547687;-3;"#NE";1;"BRASILEIRA NATA";-3;"CRUZEIRO DO OESTE";"47";"N";0;"NÃO INFORMADA";"1270629.01";"#NE";"S";"-1";"06013216020266160000";"-3";"#NE";"-3";"#NE";"SIM";"Válido";2;"DEFERIDO";"S";"N";-1;-1;"2026-08-11 12:35:16";2;"DEFERIDO";"2";"DEFERIDO";"2";"DEFERIDO";-1;"#NULO";-1;"#NULO";-1;"#NULO";4;"FEMININO";"1";"BRANCA"
"26/09/2026";"19:31:16";2026;6259;160002547743;-3;"#NE";1;"BRASILEIRA NATA";-3;"SIMÕES";"57";"N";-1;"#NULO";"1270629.01";"#NE";"S";"-1";"06013804820266160000";"-3";"#NE";"-3";"#NE";"SIM";"Válido";2;"DEFERIDO";"S";"N";-1;-1;"2026-08-11 12:36:21";2;"DEFERIDO";"2";"DEFERIDO";"2";"DEFERIDO";-1;"#NULO";-1;"#NULO";-1;"#NULO";2;"MASCULINO";"1";"BRANCA"
"26/09/2026";"19:31:16";2026;6259;160002547745;-3;"#NE";1;"BRASILEIRA NATA";-3;"CLEVELÂNDIA";"61";"N";-1;"#NULO";"1270629.01";"#NE";"N";"-1";"06013727120266160000";"-3";"#NE";"-3";"#NE";"SIM";"Válido";2;"DEFERIDO";"S";"N";-1;-1;"2026-08-11 12:36:21";2;"DEFERIDO";"2";"DEFERIDO";"2";"DEFERIDO";-1;"#NULO";-1;"#NULO";-1;"#NULO";2;"MASCULINO";"1";"BRANCA"
"26/09/2026";"19:31:16";2026;6259;160002547763;-3;"#NE";1;"BRASILEIRA NATA";-3;"UMUARAMA";"55";"N";0;"NÃO INFORMADA";"1270629.01";"#NE";"N";"-1";"06013909220266160000";"-3";"#NE";"-3";"#NE";"SIM";"Válido";2;"DEFERIDO";"S";"N";-1;-1;"2026-08-11 12:36:21";2;"DEFERIDO";"2";"DEFERIDO";"2";"DEFERIDO";-1;"#NULO";-1;"#NULO";-1;"#NULO";2;"MASCULINO";"3";"PARDA"
"26/09/2026";"19:31:16";2026;6259;160002547728;-3;"#NE";1;"BRASILEIRA NATA";-3;"ELDORADO";"55";"N";0;"NÃO INFORMADA";"1270629.01";"#NE";"S";"-1";"06013830320266160000";"-3";"#NE";"-3";"#NE";"SIM";"Válido";2;"DEFERIDO";"S";"N";-1;-1;"2026-08-11 12:36:21";2;"DEFERIDO";"2";"DEFERIDO";"2";"DEFERIDO";-1;"#NULO";-1;"#NULO";-1;"#NULO";2;"MASCULINO";"3";"PARDA"
"26/09/2026";"19:31:16";2026;6259;160002547652;-3;"#NE";1;"BRASILEIRA NATA";-3;"CURITIBA";"37";"N";-1;"#NULO";"1270629.01";"#NE";"N";"-1";"06012704920266160000";"-3";"#NE";"-3";"#NE";"SIM";"Válido";2;"DEFERIDO";"S";"N";-1;-1;"2026-08-11 12:27:40";2;"DEFERIDO";"2";"DEFERIDO";"2";"DEFERIDO";-1;"#NULO";-1;"#NULO";-1;"#NULO";2;"MASCULINO";"1";"BRANCA"
"26/09/2026";"19:31:16";2026;6259;160002542279;-3;"#NE";1;"BRASILEIRA NATA";-3;"CAMPOS SALES";"51";"N";0;"NÃO INFORMADA";"1270629.01";"#NE";"S";"-1";"06007941120266160000";"-3";"#NE";"-3";"#NE";"SIM";"Válido";2;"DEFERIDO";"S";"N";-1;-1;"2026-08-07 18:50:23";2;"DEFERIDO";"2";"DEFERIDO";"2";"DEFERIDO";-1;"#NULO";-1;"#NULO";-1;"#NULO";4;"FEMININO";"2";"PRETA"
"26/09/2026";"19:31:16";2026;6259;160002533486;-3;"#NE";1;"BRASILEIRA NATA";-3;"UMUARAMA";"63";"N";0;"NÃO INFORMADA";"1270629.01";"#NE";"S";"-1";"06006503720266160000";"-3";"#NE";"-3";"#NE";"SIM";"Válido";2;"DEFERIDO";"S";"N";-1;-1;"2026-07-29 17:41:27";2;"DEFERIDO";"2";"DEFERIDO";"2";"DEFERIDO";-1;"#NULO";-1;"#NULO";-1;"#NULO";2;"MASCULINO";"1";"BRANCA"
"26/09/2026";"19:31:16";2026;6259;160002533485;-3;"#NE";1;"BRASILEIRA NATA";-3;"TOLEDO";"36";"N";0;"NÃO INFORMADA";"1270629.01";"#NE";"S";"-1";"06006538920266160000";"-3";"#NE";"-3";"#NE";"SIM";"Válido";2;"DEFERIDO";"S";"N";-1;-1;"2026-07-29 17:41:27";2;"DEFERIDO";"2";"DEFERIDO";"2";"DEFERIDO";-1;"#NULO";-1;"#NULO";-1;"#NULO";2;"MASCULINO";"1";"BRANCA"
"26/09/2026";"19:31:16";2026;6259;160002533484;-3;"#NE";1;"BRASILEIRA NATA";-3;"TELÊMACO BORBA";"35";"N";0;"NÃO INFORMADA";"1270629.01";"#NE";"S";"-1";"06006166220266160000";"-3";"#NE";"-3";"#NE";"SIM";"Válido";2;"DEFERIDO";"S";"N";-1;-1;"2026-07-29 17:41:27";2;"DEFERIDO";"2";"DEFERIDO";"2";"DEFERIDO";-1;"#NULO";-1;"#NULO";-1;"#NULO";2;"MASCULINO";"3";"PARDA"
"26/09/2026";"19:31:16";2026;6259;160002547520;-3;"#NE";1;"BRASILEIRA NATA";-3;"CURITIBA";"53";"N";0;"NÃO INFORMADA";"1270629.01";"#NE";"S";"-1";"06011102420266160000";"-3";"#NE";"-3";"#NE";"SIM";"Válido";2;"DEFERIDO";"S";"N";-1;-1;"2026-08-11 12:24:00";2;"DEFERIDO";"2";"DEFERIDO";"2";"DEFERIDO";-1;"#NULO";-1;"#NULO";-1;"#NULO";4;"FEMININO";"2";"PRETA"
"26/09/2026";"19:31:16";2026;6259;160002547594;-3;"#NE";1;"BRASILEIRA NATA";-3;"CURITIBA";"55";"N";0;"NÃO INFORMADA";"11562724";"#NE";"S";"-1";"06012713420266160000";"-3";"#NE";"-3";"#NE";"SIM";"Válido";2;"DEFERIDO";"S";"N";-1;-1;"2026-08-11 12:26:05";2;"DEFERIDO";"2";"DEFERIDO";"2";"DEFERIDO";-1;"#NULO";-1;"#NULO";-1;"#NULO";2;"MASCULINO";"1";"BRANCA"
"26/09/2026";"19:31:16";2026;6259;160002546840;-3;"#NE";1;"BRASILEIRA NATA";-3;"CURITIBA";"53";"N";0;"NÃO INFORMADA";"1270629.01";"#NE";"S";"-1";"06009941820266160000";"-3";"#NE";"-3";"#NE";"SIM";"Válido";2;"DEFERIDO";"S";"N";-1;-1;"2026-08-11 11:57:23";2;"DEFERIDO";"2";"DEFERIDO";"2";"DEFERIDO";-1;"#NULO";-1;"#NULO";-1;"#NULO";2;"MASCULINO";"1";"BRANCA"
"26/09/2026";"19:31:16";2026;6259;160002547609;-3;"#NE";1;"BRASILEIRA NATA";-3;"ORTIGUEIRA";"55";"N";0;"NÃO INFORMADA";"1270629.01";"#NE";"N";"-1";"06012246020266160000";"-3";"#NE";"-3";"#NE";"SIM";"Válido";2;"DEFERIDO";"S";"N";-1;-1;"2026-08-11 12:29:53";2;"DEFERIDO";"2";"DEFERIDO";"2";"DEFERIDO";-1;"#NULO";-1;"#NULO";-1;"#NULO";4;"FEMININO";"1";"BRANCA"
"26/09/2026";"19:31:16";2026;6259;160002547603;-3;"#NE";1;"BRASILEIRA NATA";-3;"LARANJAL";"54";"N";0;"NÃO INFORMADA";"1270629.01";"#NE";"S";"-1";"06012661220266160000";"-3";"#NE";"-3";"#NE";"SIM";"Válido";2;"DEFERIDO";"S";"N";-1;-1;"2026-08-11 12:29:53";2;"DEFERIDO";"2";"DEFERIDO";"2";"DEFERIDO";-1;"#NULO";-1;"#NULO";-1;"#NULO";4;"FEMININO";"1";"BRANCA"
"26/09/2026";"19:31:16";2026;6259;160002546809;-3;"#NE";1;"BRASILEIRA NATA";-3;"LONDRINA";"44";"N";0;"NÃO INFORMADA";"1270629.01";"#NE";"S";"-1";"06010297520266160000";"-3";"#NE";"-3";"#NE";"SIM";"Válido";2;"DEFERIDO";"S";"N";-1;-1;"2026-08-11 11:57:23";2;"DEFERIDO";"2";"DEFERIDO";"2";"DEFERIDO";-1;"#NULO";-1;"#NULO";-1;"#NULO";4;"FEMININO";"1";"BRANCA"
"26/09/2026";"19:31:16";2026;6259;160002552788;-3;"#NE";1;"BRASILEIRA NATA";-3;"CURITIBA";"53";"N";-1;"#NULO";"1270629.01";"#NE";"N";"-1";"06016541220266160000";"-3";"#NE";"-3";"#NE";"SIM";"Válido";2;"DEFERIDO";"S";"N";-1;-1;"2026-08-15 13:17:58";2;"DEFERIDO";"2";"DEFERIDO";"2";"DEFERIDO";-1;"#NULO";-1;"#NULO";-1;"#NULO";4;"FEMININO";"1";"BRANCA"
"26/09/2026";"19:31:16";2026;6259;160002547659;-3;"#NE";1;"BRASILEIRA NATA";-3;"GUAÍRA";"63";"N";0;"NÃO INFORMADA";"-1";"#NE";"S";"-1";"06012774120266160000";"-3";"#NE";"-3";"#NE";"SIM";"#NULO";2;"DEFERIDO";"N";"N";-1;-1;"2026-08-11 12:31:29";2;"DEFERIDO";"2";"DEFERIDO";"2";"DEFERIDO";-1;"#NULO";-1;"#NULO";-1;"#NULO";2;"MASCULINO";"1";"BRANCA"
"26/09/2026";"19:31:16";2026;6259;160002542296;-3;"#NE";1;"BRASILEIRA NATA";-3;"SÃO PAULO";"25";"N";0;"NÃO INFORMADA";"3176572.53";"#NE";"S";"-1";"06009509620266160000";"-3";"#NE";"-3";"#NE";"SIM";"Válido";2;"DEFERIDO";"S";"N";-1;-1;"2026-08-07 18:52:09";2;"DEFERIDO";"2";"DEFERIDO";"2";"DEFERIDO";-1;"#NULO";-1;"#NULO";-1;"#NULO";2;"MASCULINO";"1";"BRANCA"
"26/09/2026";"19:31:16";2026;6259;160002553367;-3;"#NE";1;"BRASILEIRA NATA";-3;"CURITIBA";"75";"N";0;"NÃO INFORMADA";"3176572.53";"#NE";"S";"-1";"06016991620266160000";"-3";"#NE";"-3";"#NE";"SIM";"Válido";2;"DEFERIDO";"S";"N";-1;-1;"2026-08-15 17:46:06";2;"DEFERIDO";"2";"DEFERIDO";"2";"DEFERIDO";-1;"#NULO";-1;"#NULO";-1;"#NULO";2;"MASCULINO";"3";"PARDA"
"26/09/2026";"19:31:16";2026;6259;160002553357;-3;"#NE";1;"BRASILEIRA NATA";-3;"IBIPORÃ";"48";"N";0;"NÃO INFORMADA";"3176572.53";"#NE";"S";"-1";"06016930920266160000";"-3";"#NE";"-3";"#NE";"SIM";"Válido";2;"DEFERIDO";"S";"N";-1;-1;"2026-08-15 17:46:06";2;"DEFERIDO";"2";"DEFERIDO";"2";"DEFERIDO";-1;"#NULO";-1;"#NULO";-1;"#NULO";4;"FEMININO";"1";"BRANCA"
"26/09/2026";"19:31:16";2026;6259;160002551013;-3;"#NE";1;"BRASILEIRA NATA";-3;"BRASÍLIA";"28";"N";0;"NÃO INFORMADA";"3176572.53";"#NE";"N";"-1";"06015294420266160000";"-3";"#NE";"-3";"#NE";"SIM";"Válido";2;"DEFERIDO";"S";"N";-1;-1;"2026-08-13 14:52:35";2;"DEFERIDO";"2";"DEFERIDO";"2";"DEFERIDO";-1;"#NULO";-1;"#NULO";-1;"#NULO";4;"FEMININO";"1";"BRANCA"
"26/09/2026";"19:31:16";2026;6259;160002551014;-3;"#NE";1;"BRASILEIRA NATA";-3;"ARAGARÇAS";"45";"N";0;"NÃO INFORMADA";"3176572.53";"#NE";"S";"-1";"06015485020266160000";"-3";"#NE";"-3";"#NE";"SIM";"Válido";2;"DEFERIDO";"S";"N";-1;-1;"2026-08-13 14:52:35";2;"DEFERIDO";"2";"DEFERIDO";"2";"DEFERIDO";-1;"#NULO";-1;"#NULO";-1;"#NULO";2;"MASCULINO";"1";"BRANCA"
"26/09/2026";"19:31:16";2026;6259;160002532854;-3;"#NE";1;"BRASILEIRA NATA";-3;"LONDRINA";"48";"N";0;"NÃO INFORMADA";"3176572.53";"#NE";"S";"-1";"06005638120266160000";"-3";"#NE";"-3";"#NE";"SIM";"Válido";2;"DEFERIDO";"S";"N";-1;-1;"2026-07-28 15:24:25";2;"DEFERIDO";"2";"DEFERIDO";"2";"DEFERIDO";-1;"#NULO";-1;"#NULO";-1;"#NULO";4;"FEMININO";"1";"BRANCA"
"26/09/2026";"19:31:16";2026;6259;160002547462;-3;"#NE";1;"BRASILEIRA NATA";-3;"CURITIBA";"40";"N";0;"NÃO INFORMADA";"3176572.53";"#NE";"S";"-1";"06010825620266160000";"-3";"#NE";"-3";"#NE";"SIM";"Válido";2;"DEFERIDO";"S";"N";-1;-1;"2026-08-11 12:05:18";2;"DEFERIDO";"2";"DEFERIDO";"2";"DEFERIDO";-1;"#NULO";-1;"#NULO";-1;"#NULO";2;"MASCULINO";"1";"BRANCA"
"26/09/2026";"19:31:16";2026;6259;160002536506;-3;"#NE";1;"BRASILEIRA NATA";-3;"ASSAÍ";"63";"N";-1;"#NULO";"3176572.53";"#NE";"S";"-1";"06006971120266160000";"-3";"#NE";"-3";"#NE";"SIM";"Válido";2;"DEFERIDO";"S";"N";-1;-1;"2026-08-04 17:55:10";2;"DEFERIDO";"2";"DEFERIDO";"2";"DEFERIDO";-1;"#NULO";-1;"#NULO";-1;"#NULO";2;"MASCULINO";"1";"BRANCA"
"26/09/2026";"19:31:16";2026;6259;160002541989;-3;"#NE";1;"BRASILEIRA NATA";-3;"MANDAGUARI";"64";"N";0;"NÃO INFORMADA";"3176572.53";"#NE";"S";"-1";"06008383020266160000";"-3";"#NE";"-3";"#NE";"SIM";"Válido";2;"DEFERIDO";"S";"N";-1;-1;"2026-08-07 18:51:01";2;"DEFERIDO";"2";"DEFERIDO";"2";"DEFERIDO";-1;"#NULO";-1;"#NULO";-1;"#NULO";4;"FEMININO";"1";"BRANCA"
"26/09/2026";"19:31:16";2026;6259;160002554274;-3;"#NE";1;"BRASILEIRA NATA";-3;"LARANJEIRAS DO SUL";"37";"N";0;"NÃO INFORMADA";"3176572.53";"#NE";"N";"-1";"06019312820266160000";"-3";"#NE";"-3";"#NE";"SIM";"Válido";2;"DEFERIDO";"S";"N";160002547723;-1;"2026-08-27 20:46:40";2;"DEFERIDO";"2";"DEFERIDO";"2";"DEFERIDO";-1;"#NULO";-1;"#NULO";-1;"#NULO";-1;"#NULO";"-1";"#NULO"
"26/09/2026";"19:31:16";2026;6259;160002542348;-3;"#NE";1;"BRASILEIRA NATA";-3;"MARINGÁ";"28";"N";0;"NÃO INFORMADA";"1270629.01";"#NE";"S";"-1";"06009145420266160000";"-3";"#NE";"-3";"#NE";"SIM";"Válido";2;"DEFERIDO";"S";"N";-1;-1;"2026-08-07 18:51:36";2;"DEFERIDO";"2";"DEFERIDO";"2";"DEFERIDO";-1;"#NULO";-1;"#NULO";-1;"#NULO";2;"MASCULINO";"1";"BRANCA"
"26/09/2026";"19:31:16";2026;6259;160002542244;-3;"#NE";1;"BRASILEIRA NATA";-3;"LONDRINA";"38";"N";-1;"#NULO";"1270629.01";"#NE";"S";"-1";"06008565120266160000";"-3";"#NE";"-3";"#NE";"SIM";"Válido";2;"DEFERIDO";"S";"N";-1;-1;"2026-08-07 18:50:23";2;"DEFERIDO";"2";"DEFERIDO";"2";"DEFERIDO";-1;"#NULO";-1;"#NULO";-1;"#NULO";4;"FEMININO";"1";"BRANCA"
"26/09/2026";"19:31:16";2026;6259;160002547513;-3;"#NE";1;"BRASILEIRA NATA";-3;"CAMPO LARGO";"49";"N";0;"NÃO INFORMADA";"1270629.01";"#NE";"S";"-1";"06011405920266160000";"-3";"#NE";"-3";"#NE";"SIM";"Válido";2;"DEFERIDO";"S";"N";-1;-1;"2026-08-11 12:24:00";2;"DEFERIDO";"2";"DEFERIDO";"2";"DEFERIDO";-1;"#NULO";-1;"#NULO";-1;"#NULO";2;"MASCULINO";"1";"BRANCA"
"26/09/2026";"19:31:16";2026;6259;160002549556;-3;"#NE";1;"BRASILEIRA NATA";-3;"SARANDI";"53";"N";-1;"#NULO";"-1";"#NE";"S";"-1";"06014948420266160000";"-3";"#NE";"-3";"#NE";"NÃO";"#NULO";-1;"#NULO";"N";"S";-1;-1;"2026-08-12 12:39:21";6;"RENÚNCIA";"-1";"#NULO";"-1";"#NULO";-1;"#NULO";-1;"#NULO";-1;"#NULO";2;"MASCULINO";"1";"BRANCA"
"26/09/2026";"19:31:16";2026;6259;160002549542;-3;"#NE";1;"BRASILEIRA NATA";-3;"ARAUCÁRIA";"32";"N";0;"NÃO INFORMADA";"3176572.53";"#NE";"S";"-1";"06014774820266160000";"-3";"#NE";"-3";"#NE";"SIM";"Válido";2;"DEFERIDO";"S";"N";-1;-1;"2026-08-12 12:38:35";2;"DEFERIDO";"2";"DEFERIDO";"2";"DEFERIDO";-1;"#NULO";-1;"#NULO";-1;"#NULO";4;"FEMININO";"1";"BRANCA"
"26/09/2026";"19:31:16";2026;6259;160002552564;-3;"#NE";1;"BRASILEIRA NATA";-3;"BLUMENAU";"35";"N";0;"NÃO INFORMADA";"-1";"#NE";"N";"-1";"06016767020266160000";"-3";"#NE";"-3";"#NE";"SIM";"#NULO";4;"INDEFERIDO EM PRAZO RECURSAL OU COM RECURSO";"N";"N";-1;-1;"2026-08-15 13:22:11";4;"INDEFERIDO EM PRAZO RECURSAL OU COM RECURSO";"4";"INDEFERIDO EM PRAZO RECURSAL OU COM RECURSO";"4";"INDEFERIDO EM PRAZO RECURSAL OU COM RECURSO";-1;"#NULO";-1;"#NULO";-1;"#NULO";2;"MASCULINO";"1";"BRANCA"
"26/09/2026";"19:31:16";2026;6259;160002547595;-3;"#NE";1;"BRASILEIRA NATA";-3;"SÃO JOSÉ DOS PINHAIS";"39";"N";0;"NÃO INFORMADA";"-1";"#NE";"S";"-1";"06012080920266160000";"-3";"#NE";"-3";"#NE";"SIM";"#NULO";2;"DEFERIDO";"N";"N";-1;-1;"2026-08-11 12:26:05";2;"DEFERIDO";"2";"DEFERIDO";"2";"DEFERIDO";-1;"#NULO";-1;"#NULO";-1;"#NULO";4;"FEMININO";"1";"BRANCA"
"26/09/2026";"19:31:16";2026;6259;160002546884;-3;"#NE";1;"BRASILEIRA NATA";-3;"ASSIS";"45";"N";0;"NÃO INFORMADA";"1270629.01";"#NE";"S";"-1";"06010678720266160000";"-3";"#NE";"-3";"#NE";"SIM";"Válido";2;"DEFERIDO";"S";"N";-1;-1;"2026-08-11 12:01:37";2;"DEFERIDO";"2";"DEFERIDO";"2";"DEFERIDO";-1;"#NULO";-1;"#NULO";-1;"#NULO";2;"MASCULINO";"1";"BRANCA"
"26/09/2026";"19:31:16";2026;6259;160002546815;-3;"#NE";1;"BRASILEIRA NATA";-3;"PALMITAL";"49";"N";0;"NÃO INFORMADA";"1270629.01";"#NE";"N";"-1";"06009994020266160000";"-3";"#NE";"-3";"#NE";"SIM";"Válido";2;"DEFERIDO";"S";"N";-1;-1;"2026-08-11 11:57:23";2;"DEFERIDO";"2";"DEFERIDO";"2";"DEFERIDO";-1;"#NULO";-1;"#NULO";-1;"#NULO";4;"FEMININO";"1";"BRANCA"
"26/09/2026";"19:31:16";2026;6259;160002552815;-3;"#NE";1;"BRASILEIRA NATA";-3;"CURITIBA";"66";"N";0;"NÃO INFORMADA";"1270629.01";"#NE";"S";"-1";"06016472020266160000";"-3";"#NE";"-3";"#NE";"SIM";"Válido";2;"DEFERIDO";"S";"N";-1;-1;"2026-08-15 13:17:58";2;"DEFERIDO";"2";"DEFERIDO";"2";"DEFERIDO";-1;"#NULO";-1;"#NULO";-1;"#NULO";2;"MASCULINO";"1";"BRANCA"
"26/09/2026";"19:31:16";2026;6259;160002552814;-3;"#NE";1;"BRASILEIRA NATA";-3;"CAÇADOR";"46";"N";-1;"#NULO";"1270629.01";"#NE";"N";"-1";"06016394320266160000";"-3";"#NE";"-3";"#NE";"NÃO";"#NULO";-1;"#NULO";"N";"N";-1;-1;"2026-08-15 13:17:58";14;"INDEFERIDO";"-1";"#NULO";"-1";"#NULO";-1;"#NULO";-1;"#NULO";-1;"#NULO";4;"FEMININO";"1";"BRANCA"
"26/09/2026";"19:31:16";2026;6259;160002540771;-3;"#NE";1;"BRASILEIRA NATA";-3;"CURITIBA";"59";"N";-1;"#NULO";"3176572.53";"#NE";"S";"-1";"06007595120266160000";"-3";"#NE";"-3";"#NE";"SIM";"Válido";2;"DEFERIDO";"S";"N";-1;-1;"2026-08-07 13:55:28";2;"DEFERIDO";"2";"DEFERIDO";"2";"DEFERIDO";-1;"#NULO";-1;"#NULO";-1;"#NULO";2;"MASCULINO";"1";"BRANCA"
"26/09/2026";"19:31:16";2026;6259;160002542221;-3;"#NE";1;"BRASILEIRA NATA";-3;"CURITIBA";"44";"N";0;"NÃO INFORMADA";"3176572.53";"#NE";"S";"-1";"06008349020266160000";"-3";"#NE";"-3";"#NE";"SIM";"Válido";2;"DEFERIDO";"S";"N";-1;-1;"2026-08-07 18:51:01";2;"DEFERIDO";"2";"DEFERIDO";"2";"DEFERIDO";-1;"#NULO";-1;"#NULO";-1;"#NULO";4;"FEMININO";"1";"BRANCA"
"26/09/2026";"19:31:16";2026;6259;160002541988;-3;"#NE";1;"BRASILEIRA NATA";-3;"CURITIBA";"33";"N";0;"NÃO INFORMADA";"3176572.53";"#NE";"S";"-1";"06008634320266160000";"-3";"#NE";"-3";"#NE";"SIM";"Válido";2;"DEFERIDO";"S";"N";-1;-1;"2026-08-07 18:51:01";2;"DEFERIDO";"2";"DEFERIDO";"2";"DEFERIDO";-1;"#NULO";-1;"#NULO";-1;"#NULO";4;"FEMININO";"1";"BRANCA"
"26/09/2026";"19:31:16";2026;6259;160002541986;-3;"#NE";1;"BRASILEIRA NATA";-3;"ATALÉIA";"51";"N";0;"NÃO INFORMADA";"3176572.53";"#NE";"S";"-1";"06008703520266160000";"-3";"#NE";"-3";"#NE";"SIM";"Válido";2;"DEFERIDO";"S";"N";-1;-1;"2026-08-07 18:51:01";2;"DEFERIDO";"2";"DEFERIDO";"2";"DEFERIDO";-1;"#NULO";-1;"#NULO";-1;"#NULO";2;"MASCULINO";"3";"PARDA"
"26/09/2026";"19:31:16";2026;6259;160002542230;-3;"#NE";1;"BRASILEIRA NATA";-3;"SANTO ANDRÉ";"60";"N";0;"NÃO INFORMADA";"3176572.53";"#NE";"S";"-1";"06008305320266160000";"-3";"#NE";"-3";"#NE";"SIM";"Válido";2;"DEFERIDO";"S";"N";-1;-1;"2026-08-07 18:51:01";2;"DEFERIDO";"2";"DEFERIDO";"2";"DEFERIDO";-1;"#NULO";-1;"#NULO";-1;"#NULO";4;"FEMININO";"2";"PRETA"
"26/09/2026";"19:31:16";2026;6259;160002542227;-3;"#NE";1;"BRASILEIRA NATA";-3;"COTIPORÃ";"68";"N";0;"NÃO INFORMADA";"3176572.53";"#NE";"N";"-1";"06008669520266160000";"-3";"#NE";"-3";"#NE";"SIM";"Válido";2;"DEFERIDO";"S";"N";-1;-1;"2026-08-07 18:51:01";2;"DEFERIDO";"2";"DEFERIDO";"2";"DEFERIDO";-1;"#NULO";-1;"#NULO";-1;"#NULO";2;"MASCULINO";"1";"BRANCA"
"26/09/2026";"19:31:16";2026;6259;160002542226;-3;"#NE";1;"BRASILEIRA NATA";-3;"TOMAZINA";"59";"N";0;"NÃO INFORMADA";"3176572.53";"#NE";"S";"-1";"06008720520266160000";"-3";"#NE";"-3";"#NE";"SIM";"Válido";2;"DEFERIDO";"S";"N";-1;-1;"2026-08-07 18:51:01";2;"DEFERIDO";"2";"DEFERIDO";"2";"DEFERIDO";-1;"#NULO";-1;"#NULO";-1;"#NULO";4;"FEMININO";"1";"BRANCA"
"26/09/2026";"19:31:16";2026;6259;160002547582;-3;"#NE";1;"BRASILEIRA NATA";-3;"CURITIBA";"61";"N";0;"NÃO INFORMADA";"3176572.53";"#NE";"S";"-1";"06011812620266160000";"-3";"#NE";"-3";"#NE";"SIM";"Válido";2;"DEFERIDO";"S";"N";-1;-1;"2026-08-11 12:26:56";2;"DEFERIDO";"2";"DEFERIDO";"2";"DEFERIDO";-1;"#NULO";-1;"#NULO";-1;"#NULO";2;"MASCULINO";"1";"BRANCA"
"26/09/2026";"19:31:16";2026;6259;160002547717;-3;"#NE";1;"BRASILEIRA NATA";-3;"CURITIBA";"37";"N";-1;"#NULO";"3176572.53";"#NE";"S";"-1";"06013233020266160000";"-3";"#NE";"-3";"#NE";"SIM";"Válido";2;"DEFERIDO";"S";"N";-1;-1;"2026-08-11 12:34:01";2;"DEFERIDO";"2";"DEFERIDO";"2";"DEFERIDO";-1;"#NULO";-1;"#NULO";-1;"#NULO";4;"FEMININO";"1";"BRANCA"
"26/09/2026";"19:31:16";2026;6259;160002547708;-3;"#NE";1;"BRASILEIRA NATA";-3;"MARINGÁ";"50";"N";0;"NÃO INFORMADA";"3176572.53";"#NE";"S";"-1";"06013432120266160000";"-3";"#NE";"-3";"#NE";"SIM";"Válido";2;"DEFERIDO";"S";"N";-1;-1;"2026-08-11 12:34:01";2;"DEFERIDO";"2";"DEFERIDO";"2";"DEFERIDO";-1;"#NULO";-1;"#NULO";-1;"#NULO";2;"MASCULINO";"1";"BRANCA"
"26/09/2026";"19:31:16";2026;6259;160002547710;-3;"#NE";1;"BRASILEIRA NATA";-3;"PALMITAL";"50";"N";-1;"#NULO";"3176572.53";"#NE";"N";"-1";"06013371420266160000";"-3";"#NE";"-3";"#NE";"SIM";"Válido";2;"DEFERIDO";"S";"N";-1;-1;"2026-08-11 12:34:01";2;"DEFERIDO";"2";"DEFERIDO";"2";"DEFERIDO";-1;"#NULO";-1;"#NULO";-1;"#NULO";2;"MASCULINO";"1";"BRANCA"
"26/09/2026";"19:31:16";2026;6259;160002552794;-3;"#NE";1;"BRASILEIRA NATA";-3;"SAPIRANGA";"48";"N";0;"NÃO INFORMADA";"1270629.01";"#NE";"S";"-1";"06016438020266160000";"-3";"#NE";"-3";"#NE";"SIM";"Válido";2;"DEFERIDO";"S";"N";-1;-1;"2026-08-15 13:17:58";2;"DEFERIDO";"2";"DEFERIDO";"2";"DEFERIDO";-1;"#NULO";-1;"#NULO";-1;"#NULO";2;"MASCULINO";"1";"BRANCA"
"26/09/2026";"19:31:16";2026;6259;160002552808;-3;"#NE";1;"BRASILEIRA NATA";-3;"CRUZEIRO DO OESTE";"30";"N";0;"NÃO INFORMADA";"1270629.01";"#NE";"N";"-1";"06016350620266160000";"-3";"#NE";"-3";"#NE";"SIM";"Válido";2;"DEFERIDO";"S";"N";-1;-1;"2026-08-15 13:17:58";2;"DEFERIDO";"2";"DEFERIDO";"2";"DEFERIDO";-1;"#NULO";-1;"#NULO";-1;"#NULO";2;"MASCULINO";"3";"PARDA"
"26/09/2026";"19:31:16";2026;6259;160002547691;-3;"#NE";1;"BRASILEIRA NATA";-3;"CURITIBA";"55";"N";0;"NÃO INFORMADA";"1270629.01";"#NE";"S";"-1";"06012904020266160000";"-3";"#NE";"-3";"#NE";"SIM";"Válido";2;"DEFERIDO";"S";"N";-1;-1;"2026-08-11 12:35:16";2;"DEFERIDO";"2";"DEFERIDO";"2";"DEFERIDO";-1;"#NULO";-1;"#NULO";-1;"#NULO";4;"FEMININO";"1";"BRANCA"
"26/09/2026";"19:31:16";2026;6259;160002547667;-3;"#NE";1;"BRASILEIRA NATA";-3;"FRANCISCO BELTRÃO";"69";"N";0;"NÃO INFORMADA";"1270629.01";"#NE";"N";"-1";"06012887020266160000";"-3";"#NE";"-3";"#NE";"SIM";"Válido";2;"DEFERIDO";"S";"N";-1;-1;"2026-08-11 12:35:16";2;"DEFERIDO";"2";"DEFERIDO";"2";"DEFERIDO";-1;"#NULO";-1;"#NULO";-1;"#NULO";2;"MASCULINO";"1";"BRANCA"
"26/09/2026";"19:31:16";2026;6259;160002553381;-3;"#NE";1;"BRASILEIRA NATA";-3;"CURITIBA";"54";"N";-1;"#NULO";"1270629.01";"#NE";"S";"-1";"06017190720266160000";"-3";"#NE";"-3";"#NE";"SIM";"Válido";2;"DEFERIDO";"S";"N";-1;-1;"2026-08-15 17:47:33";2;"DEFERIDO";"2";"DEFERIDO";"2";"DEFERIDO";-1;"#NULO";-1;"#NULO";-1;"#NULO";4;"FEMININO";"2";"PRETA"
"26/09/2026";"19:31:16";2026;6259;160002542384;-3;"#NE";1;"BRASILEIRA NATA";-3;"TOMAZINA";"42";"N";0;"NÃO INFORMADA";"1270629.01";"#NE";"S";"-1";"06008911120266160000";"-3";"#NE";"-3";"#NE";"SIM";"Válido";2;"DEFERIDO";"S";"N";-1;-1;"2026-08-07 18:51:36";2;"DEFERIDO";"2";"DEFERIDO";"2";"DEFERIDO";-1;"#NULO";-1;"#NULO";-1;"#NULO";2;"MASCULINO";"1";"BRANCA"
"26/09/2026";"19:31:16";2026;6259;160002542345;-3;"#NE";1;"BRASILEIRA NATA";-3;"FRANCISCO BELTRÃO";"43";"N";-1;"#NULO";"1270629.01";"#NE";"S";"-1";"06008816420266160000";"-3";"#NE";"-3";"#NE";"SIM";"Válido";2;"DEFERIDO";"S";"N";-1;-1;"2026-08-07 18:51:36";2;"DEFERIDO";"2";"DEFERIDO";"2";"DEFERIDO";-1;"#NULO";-1;"#NULO";-1;"#NULO";4;"FEMININO";"1";"BRANCA"
"26/09/2026";"19:31:16";2026;6259;160002542276;-3;"#NE";1;"BRASILEIRA NATA";-3;"PATO BRANCO";"30";"N";-1;"#NULO";"1270629.01";"#NE";"S";"-1";"06008114720266160000";"-3";"#NE";"-3";"#NE";"SIM";"Válido";2;"DEFERIDO";"S";"N";-1;-1;"2026-08-07 18:50:23";2;"DEFERIDO";"2";"DEFERIDO";"2";"DEFERIDO";-1;"#NULO";-1;"#NULO";-1;"#NULO";4;"FEMININO";"1";"BRANCA"
"26/09/2026";"19:31:16";2026;6259;160002542231;-3;"#NE";1;"BRASILEIRA NATA";-3;"PARANAGUÁ";"71";"N";0;"NÃO INFORMADA";"1270629.01";"#NE";"S";"-1";"06007976320266160000";"-3";"#NE";"-3";"#NE";"SIM";"Válido";2;"DEFERIDO";"S";"N";-1;-1;"2026-08-07 18:50:23";2;"DEFERIDO";"2";"DEFERIDO";"2";"DEFERIDO";-1;"#NULO";-1;"#NULO";-1;"#NULO";2;"MASCULINO";"1";"BRANCA"
"26/09/2026";"19:31:16";2026;6259;160002542251;-3;"#NE";1;"BRASILEIRA NATA";-3;"CURITIBA";"44";"N";0;"NÃO INFORMADA";"1270629.01";"#NE";"S";"-1";"06008037020266160000";"-3";"#NE";"-3";"#NE";"SIM";"Válido";2;"DEFERIDO";"S";"N";-1;-1;"2026-08-07 18:50:23";2;"DEFERIDO";"2";"DEFERIDO";"2";"DEFERIDO";-1;"#NULO";-1;"#NULO";-1;"#NULO";2;"MASCULINO";"2";"PRETA"
"26/09/2026";"19:31:16";2026;6259;160002533472;-3;"#NE";1;"BRASILEIRA NATA";-3;"COLORADO";"38";"N";0;"NÃO INFORMADA";"1270629.01";"#NE";"S";"-1";"06006390820266160000";"-3";"#NE";"-3";"#NE";"SIM";"Válido";2;"DEFERIDO";"S";"N";-1;-1;"2026-07-29 17:41:27";2;"DEFERIDO";"2";"DEFERIDO";"2";"DEFERIDO";-1;"#NULO";-1;"#NULO";-1;"#NULO";4;"FEMININO";"4";"AMARELA"
"26/09/2026";"19:31:16";2026;6259;160002540833;-3;"#NE";1;"BRASILEIRA NATA";-3;"MARINGÁ";"54";"N";0;"NÃO INFORMADA";"11562724";"#NE";"S";"-1";"06007880420266160000";"-3";"#NE";"-3";"#NE";"SIM";"Válido";2;"DEFERIDO";"S";"N";-1;-1;"2026-08-07 13:56:00";2;"DEFERIDO";"2";"DEFERIDO";"2";"DEFERIDO";-1;"#NULO";-1;"#NULO";-1;"#NULO";2;"MASCULINO";"1";"BRANCA"
"26/09/2026";"19:31:16";2026;6259;160002549521;-3;"#NE";1;"BRASILEIRA NATA";-3;"GUARAPUAVA";"39";"N";0;"NÃO INFORMADA";"3176572.53";"#NE";"S";"-1";"06014861020266160000";"-3";"#NE";"-3";"#NE";"SIM";"Válido";2;"DEFERIDO";"S";"N";-1;-1;"2026-08-12 12:38:35";2;"DEFERIDO";"2";"DEFERIDO";"2";"DEFERIDO";-1;"#NULO";-1;"#NULO";-1;"#NULO";2;"MASCULINO";"1";"BRANCA"
"26/09/2026";"19:31:16";2026;6259;160002552568;-3;"#NE";1;"BRASILEIRA NATA";-3;"CAMPINA DA LAGOA";"46";"N";-1;"#NULO";"1270629.01";"#NE";"N";"-1";"06016792520266160000";"-3";"#NE";"-3";"#NE";"SIM";"Anulado sub judice";4;"INDEFERIDO EM PRAZO RECURSAL OU COM RECURSO";"S";"N";-1;-1;"2026-08-15 13:23:43";4;"INDEFERIDO EM PRAZO RECURSAL OU COM RECURSO";"4";"INDEFERIDO EM PRAZO RECURSAL OU COM RECURSO";"4";"INDEFERIDO EM PRAZO RECURSAL OU COM RECURSO";-1;"#NULO";-1;"#NULO";-1;"#NULO";4;"FEMININO";"1";"BRANCA"
"26/09/2026";"19:31:16";2026;6259;160002549541;-3;"#NE";1;"BRASILEIRA NATA";-3;"CORNÉLIO PROCÓPIO";"48";"N";0;"NÃO INFORMADA";"3176572.53";"#NE";"S";"-1";"06014800320266160000";"-3";"#NE";"-3";"#NE";"SIM";"Anulado sub judice";4;"INDEFERIDO EM PRAZO RECURSAL OU COM RECURSO";"S";"N";-1;-1;"2026-08-12 12:38:35";4;"INDEFERIDO EM PRAZO RECURSAL OU COM RECURSO";"4";"INDEFERIDO EM PRAZO RECURSAL OU COM RECURSO";"17";"PENDENTE DE JULGAMENTO";-1;"#NULO";-1;"#NULO";-1;"#NULO";4;"FEMININO";"1";"BRANCA"
"26/09/2026";"19:31:16";2026;6259;160002551012;-3;"#NE";1;"BRASILEIRA NATA";-3;"SÃO LUÍS";"38";"N";0;"NÃO INFORMADA";"3176572.53";"#NE";"S";"-1";"06015329620266160000";"-3";"#NE";"-3";"#NE";"SIM";"Anulado sub judice";4;"INDEFERIDO EM PRAZO RECURSAL OU COM RECURSO";"S";"N";-1;-1;"2026-08-13 14:52:35";4;"INDEFERIDO EM PRAZO RECURSAL OU COM RECURSO";"4";"INDEFERIDO EM PRAZO RECURSAL OU COM RECURSO";"4";"INDEFERIDO EM PRAZO RECURSAL OU COM RECURSO";-1;"#NULO";-1;"#NULO";-1;"#NULO";4;"FEMININO";"3";"PARDA"
"26/09/2026";"19:31:16";2026;6259;160002547559;-3;"#NE";1;"BRASILEIRA NATA";-3;"RIO DE JANEIRO";"75";"N";0;"NÃO INFORMADA";"1270629.01";"#NE";"N";"-1";"06011864820266160000";"-3";"#NE";"-3";"#NE";"SIM";"Válido";16;"DEFERIDO COM RECURSO";"S";"N";-1;-1;"2026-08-11 12:24:57";16;"DEFERIDO EM PRAZO RECURSAL OU COM RECURSO";"16";"DEFERIDO COM RECURSO";"2";"DEFERIDO";-1;"#NULO";-1;"#NULO";-1;"#NULO";2;"MASCULINO";"1";"BRANCA"
"26/09/2026";"19:31:16";2026;6259;160002549516;-3;"#NE";1;"BRASILEIRA NATA";-3;"TIBAGI";"52";"N";-1;"#NULO";"1270629.01";"#NE";"N";"-1";"06014445820266160000";"-3";"#NE";"-3";"#NE";"SIM";"Válido";16;"DEFERIDO COM RECURSO";"N";"N";-1;-1;"2026-08-12 12:34:54";16;"DEFERIDO EM PRAZO RECURSAL OU COM RECURSO";"16";"DEFERIDO COM RECURSO";"4";"INDEFERIDO EM PRAZO RECURSAL OU COM RECURSO";-1;"#NULO";-1;"#NULO";-1;"#NULO";4;"FEMININO";"3";"PARDA"
"26/09/2026";"19:31:16";2026;6259;160002554128;-3;"#NE";1;"BRASILEIRA NATA";-3;"PONTA GROSSA";"66";"N";-1;"#NULO";"1270629.01";"#NE";"N";"-1";"06018091520266160000";"-3";"#NE";"-3";"#NE";"NÃO";"#NULO";-1;"#NULO";"N";"N";-1;-1;"2026-08-20 11:07:12";14;"INDEFERIDO";"-1";"#NULO";"-1";"#NULO";-1;"#NULO";-1;"#NULO";-1;"#NULO";-1;"#NULO";"-1";"#NULO"
"26/09/2026";"19:31:16";2026;6259;160002554123;-3;"#NE";1;"BRASILEIRA NATA";-3;"CAÇADOR";"61";"N";-1;"#NULO";"3176572.53";"#NE";"N";"-1";"06018057520266160000";"-3";"#NE";"-3";"#NE";"NÃO";"#NULO";-1;"#NULO";"N";"N";-1;-1;"2026-08-20 11:01:21";14;"INDEFERIDO";"-1";"#NULO";"-1";"#NULO";-1;"#NULO";-1;"#NULO";-1;"#NULO";-1;"#NULO";"-1";"#NULO"
"26/09/2026";"19:31:16";2026;6259;160002547526;-3;"#NE";1;"BRASILEIRA NATA";-3;"CURITIBA";"75";"N";0;"NÃO INFORMADA";"1270629.01";"#NE";"S";"-1";"06011466620266160000";"-3";"#NE";"-3";"#NE";"SIM";"Válido";2;"DEFERIDO";"S";"N";-1;-1;"2026-08-11 12:24:00";2;"DEFERIDO";"2";"DEFERIDO";"2";"DEFERIDO";-1;"#NULO";-1;"#NULO";-1;"#NULO";2;"MASCULINO";"1";"BRANCA"
"26/09/2026";"19:31:16";2026;6259;160002547617;-3;"#NE";1;"BRASILEIRA NATA";-3;"SANTO ANTÔNIO DA PLATINA";"38";"N";-1;"#NULO";"1270629.01";"#NE";"S";"-1";"06012176820266160000";"-3";"#NE";"-3";"#NE";"SIM";"Válido";2;"DEFERIDO";"S";"N";-1;-1;"2026-08-11 12:29:53";2;"DEFERIDO";"2";"DEFERIDO";"2";"DEFERIDO";-1;"#NULO";-1;"#NULO";-1;"#NULO";4;"FEMININO";"1";"BRANCA"
"26/09/2026";"19:31:16";2026;6259;160002547629;-3;"#NE";1;"BRASILEIRA NATA";-3;"CURITIBA";"55";"N";0;"NÃO INFORMADA";"1270629.01";"#NE";"S";"-1";"06012575020266160000";"-3";"#NE";"-3";"#NE";"SIM";"Válido";2;"DEFERIDO";"S";"N";-1;-1;"2026-08-11 12:29:53";2;"DEFERIDO";"2";"DEFERIDO";"2";"DEFERIDO";-1;"#NULO";-1;"#NULO";-1;"#NULO";2;"MASCULINO";"1";"BRANCA"
"26/09/2026";"19:31:16";2026;6259;160002553389;-3;"#NE";1;"BRASILEIRA NATA";-3;"SÃO CAETANO DO SUL";"48";"N";0;"NÃO INFORMADA";"1270629.01";"#NE";"S";"-1";"06017165220266160000";"-3";"#NE";"-3";"#NE";"SIM";"Válido";2;"DEFERIDO";"S";"N";-1;-1;"2026-08-15 17:47:33";2;"DEFERIDO";"2";"DEFERIDO";"2";"DEFERIDO";-1;"#NULO";-1;"#NULO";-1;"#NULO";2;"MASCULINO";"2";"PRETA"
"26/09/2026";"19:31:16";2026;6259;160002551155;-3;"#NE";1;"BRASILEIRA NATA";-3;"GOIOERÊ";"33";"N";0;"NÃO INFORMADA";"1270629.01";"#NE";"N";"-1";"06015822520266160000";"-3";"#NE";"-3";"#NE";"SIM";"Válido";2;"DEFERIDO";"S";"N";-1;-1;"2026-08-13 14:59:10";2;"DEFERIDO";"2";"DEFERIDO";"2";"DEFERIDO";-1;"#NULO";-1;"#NULO";-1;"#NULO";2;"MASCULINO";"1";"BRANCA"
"26/09/2026";"19:31:16";2026;6259;160002551160;-3;"#NE";1;"BRASILEIRA NATA";-3;"LONDRINA";"49";"N";0;"NÃO INFORMADA";"1270629.01";"#NE";"S";"-1";"06015857720266160000";"-3";"#NE";"-3";"#NE";"SIM";"Válido";2;"DEFERIDO";"S";"N";-1;-1;"2026-08-13 14:59:10";2;"DEFERIDO";"2";"DEFERIDO";"2";"DEFERIDO";-1;"#NULO";-1;"#NULO";-1;"#NULO";2;"MASCULINO";"1";"BRANCA"
"26/09/2026";"19:31:16";2026;6259;160002551162;-3;"#NE";1;"BRASILEIRA NATA";-3;"LONDRINA";"38";"N";0;"NÃO INFORMADA";"1270629.01";"#NE";"S";"-1";"06015545720266160000";"-3";"#NE";"-3";"#NE";"SIM";"Válido";2;"DEFERIDO";"S";"N";-1;-1;"2026-08-13 14:59:10";2;"DEFERIDO";"2";"DEFERIDO";"2";"DEFERIDO";-1;"#NULO";-1;"#NULO";-1;"#NULO";4;"FEMININO";"3";"PARDA"
"26/09/2026";"19:31:16";2026;6259;160002551156;-3;"#NE";1;"BRASILEIRA NATA";-3;"GUAÍRA";"46";"N";0;"NÃO INFORMADA";"1270629.01";"#NE";"S";"-1";"06015849220266160000";"-3";"#NE";"-3";"#NE";"SIM";"Válido";2;"DEFERIDO";"S";"N";-1;-1;"2026-08-13 14:59:10";2;"DEFERIDO";"2";"DEFERIDO";"2";"DEFERIDO";-1;"#NULO";-1;"#NULO";-1;"#NULO";4;"FEMININO";"1";"BRANCA"
"26/09/2026";"19:31:16";2026;6259;160002547547;-3;"#NE";1;"BRASILEIRA NATA";-3;"CIANORTE";"52";"N";0;"NÃO INFORMADA";"1270629.01";"#NE";"N";"-1";"06012072420266160000";"-3";"#NE";"-3";"#NE";"SIM";"Válido";2;"DEFERIDO";"S";"N";-1;-1;"2026-08-11 12:24:57";2;"DEFERIDO";"2";"DEFERIDO";"2";"DEFERIDO";-1;"#NULO";-1;"#NULO";-1;"#NULO";4;"FEMININO";"1";"BRANCA"
"26/09/2026";"19:31:16";2026;6259;160002547562;-3;"#NE";1;"BRASILEIRA NATA";-3;"SANTO ANDRÉ";"53";"N";0;"NÃO INFORMADA";"1270629.01";"#NE";"S";"-1";"06011839320266160000";"-3";"#NE";"-3";"#NE";"SIM";"Válido";2;"DEFERIDO";"S";"N";-1;-1;"2026-08-11 12:24:57";2;"DEFERIDO";"2";"DEFERIDO";"2";"DEFERIDO";-1;"#NULO";-1;"#NULO";-1;"#NULO";2;"MASCULINO";"1";"BRANCA"
"26/09/2026";"19:31:16";2026;6259;160002542377;-3;"#NE";1;"BRASILEIRA NATA";-3;"LONDRINA";"38";"N";0;"NÃO INFORMADA";"1270629.01";"#NE";"S";"-1";"06008850420266160000";"-3";"#NE";"-3";"#NE";"SIM";"Válido";2;"DEFERIDO";"S";"N";-1;-1;"2026-08-07 18:51:36";2;"DEFERIDO";"2";"DEFERIDO";"2";"DEFERIDO";-1;"#NULO";-1;"#NULO";-1;"#NULO";2;"MASCULINO";"1";"BRANCA"
"26/09/2026";"19:31:16";2026;6259;160002542355;-3;"#NE";1;"BRASILEIRA NATA";-3;"CURITIBA";"44";"N";0;"NÃO INFORMADA";"1270629.01";"#NE";"N";"-1";"06009249820266160000";"-3";"#NE";"-3";"#NE";"SIM";"Válido";2;"DEFERIDO";"S";"N";-1;-1;"2026-08-07 18:51:36";2;"DEFERIDO";"2";"DEFERIDO";"2";"DEFERIDO";-1;"#NULO";-1;"#NULO";-1;"#NULO";2;"MASCULINO";"1";"BRANCA"
"26/09/2026";"19:31:16";2026;6259;160002533475;-3;"#NE";1;"BRASILEIRA NATA";-3;"CURITIBA";"44";"N";-1;"#NULO";"1270629.01";"#NE";"S";"-1";"06006061820266160000";"-3";"#NE";"-3";"#NE";"SIM";"Válido";2;"DEFERIDO";"S";"N";-1;-1;"2026-07-29 17:41:27";2;"DEFERIDO";"2";"DEFERIDO";"2";"DEFERIDO";-1;"#NULO";-1;"#NULO";-1;"#NULO";4;"FEMININO";"1";"BRANCA"
"26/09/2026";"19:31:16";2026;6259;160002547497;-3;"#NE";1;"BRASILEIRA NATA";-3;"GUARAPUAVA";"47";"N";0;"NÃO INFORMADA";"1270629.01";"#NE";"N";"-1";"06011414420266160000";"-3";"#NE";"-3";"#NE";"SIM";"Válido";2;"DEFERIDO";"S";"N";-1;-1;"2026-08-11 12:24:00";2;"DEFERIDO";"2";"DEFERIDO";"2";"DEFERIDO";-1;"#NULO";-1;"#NULO";-1;"#NULO";2;"MASCULINO";"1";"BRANCA"
"26/09/2026";"19:31:16";2026;6259;160002547503;-3;"#NE";1;"BRASILEIRA NATA";-3;"PALMAS";"55";"N";0;"NÃO INFORMADA";"1270629.01";"#NE";"S";"-1";"06011085420266160000";"-3";"#NE";"-3";"#NE";"SIM";"Válido";2;"DEFERIDO";"S";"N";-1;-1;"2026-08-11 12:24:00";2;"DEFERIDO";"2";"DEFERIDO";"2";"DEFERIDO";-1;"#NULO";-1;"#NULO";-1;"#NULO";2;"MASCULINO";"1";"BRANCA"
"26/09/2026";"19:31:16";2026;6259;160002553374;-3;"#NE";1;"BRASILEIRA NATA";-3;"CABO FRIO";"55";"N";0;"NÃO INFORMADA";"3176572.53";"#NE";"S";"-1";"06016913920266160000";"-3";"#NE";"-3";"#NE";"SIM";"Válido";16;"DEFERIDO COM RECURSO";"S";"N";-1;-1;"2026-08-15 17:46:06";16;"DEFERIDO EM PRAZO RECURSAL OU COM RECURSO";"16";"DEFERIDO COM RECURSO";"17";"PENDENTE DE JULGAMENTO";-1;"#NULO";-1;"#NULO";-1;"#NULO";2;"MASCULINO";"1";"BRANCA"
"26/09/2026";"19:31:16";2026;6259;160002553668;-3;"#NE";1;"BRASILEIRA NATA";-3;"MARINGÁ";"73";"N";-1;"#NULO";"1270629.01";"#NE";"S";"-1";"06017278120266160000";"-3";"#NE";"-3";"#NE";"NÃO";"#NULO";-1;"#NULO";"N";"N";-1;-1;"2026-08-15 18:24:02";14;"INDEFERIDO";"-1";"#NULO";"-1";"#NULO";-1;"#NULO";-1;"#NULO";-1;"#NULO";2;"MASCULINO";"3";"PARDA"
"26/09/2026";"19:31:16";2026;6259;160002547496;-3;"#NE";1;"BRASILEIRA NATA";-3;"GOIOERÊ";"49";"N";0;"NÃO INFORMADA";"1270629.01";"#NE";"S";"-1";"06011093920266160000";"-3";"#NE";"-3";"#NE";"SIM";"Válido";2;"DEFERIDO";"S";"N";-1;-1;"2026-08-11 12:24:00";2;"DEFERIDO";"2";"DEFERIDO";"2";"DEFERIDO";-1;"#NULO";-1;"#NULO";-1;"#NULO";2;"MASCULINO";"3";"PARDA"
"26/09/2026";"19:31:16";2026;6259;160002546824;-3;"#NE";1;"BRASILEIRA NATA";-3;"BUJARU";"51";"N";266;"GAVIÃO PARKATEJÊ	";"1270629.01";"#NE";"N";"-1";"06009933320266160000";"-3";"#NE";"-3";"#NE";"SIM";"Válido";2;"DEFERIDO";"S";"N";-1;-1;"2026-08-11 11:57:23";2;"DEFERIDO";"2";"DEFERIDO";"2";"DEFERIDO";-1;"#NULO";-1;"#NULO";-1;"#NULO";4;"FEMININO";"5";"INDÍGENA"
"26/09/2026";"19:31:16";2026;6259;160002552795;-3;"#NE";1;"BRASILEIRA NATA";-3;"GOIOERÊ";"61";"N";0;"NÃO INFORMADA";"1270629.01";"#NE";"S";"-1";"06016090820266160000";"-3";"#NE";"-3";"#NE";"SIM";"Válido";2;"DEFERIDO";"S";"N";-1;-1;"2026-08-15 13:17:58";2;"DEFERIDO";"2";"DEFERIDO";"2";"DEFERIDO";-1;"#NULO";-1;"#NULO";-1;"#NULO";2;"MASCULINO";"3";"PARDA"
"26/09/2026";"19:31:16";2026;6259;160002547721;-3;"#NE";1;"BRASILEIRA NATA";-3;"PELOTAS";"57";"N";0;"NÃO INFORMADA";"3176572.53";"#NE";"S";"-1";"06013345920266160000";"-3";"#NE";"-3";"#NE";"SIM";"Válido";2;"DEFERIDO";"S";"N";-1;-1;"2026-08-11 12:34:01";2;"DEFERIDO";"2";"DEFERIDO";"2";"DEFERIDO";-1;"#NULO";-1;"#NULO";-1;"#NULO";2;"MASCULINO";"1";"BRANCA"
"26/09/2026";"19:31:16";2026;6259;160002549545;-3;"#NE";1;"BRASILEIRA NATA";-3;"MARIALVA";"52";"N";0;"NÃO INFORMADA";"3176572.53";"#NE";"S";"-1";"06014636420266160000";"-3";"#NE";"-3";"#NE";"SIM";"Válido";2;"DEFERIDO";"S";"N";-1;-1;"2026-08-12 12:38:35";2;"DEFERIDO";"2";"DEFERIDO";"2";"DEFERIDO";-1;"#NULO";-1;"#NULO";-1;"#NULO";4;"FEMININO";"3";"PARDA"
"26/09/2026";"19:31:16";2026;6259;160002542305;-3;"#NE";1;"BRASILEIRA NATA";-3;"ASSIS CHATEAUBRIAND";"40";"N";0;"NÃO INFORMADA";"3176572.53";"#NE";"S";"-1";"06009543620266160000";"-3";"#NE";"-3";"#NE";"SIM";"Válido";2;"DEFERIDO";"S";"N";-1;-1;"2026-08-07 18:52:09";2;"DEFERIDO";"2";"DEFERIDO";"2";"DEFERIDO";-1;"#NULO";-1;"#NULO";-1;"#NULO";4;"FEMININO";"1";"BRANCA"
"26/09/2026";"19:31:16";2026;6259;160002540767;-3;"#NE";1;"BRASILEIRA NATA";-3;"CURITIBA";"47";"N";0;"NÃO INFORMADA";"3176572.53";"#NE";"S";"-1";"06007439720266160000";"-3";"#NE";"-3";"#NE";"SIM";"Válido";2;"DEFERIDO";"S";"N";-1;-1;"2026-08-07 13:55:28";2;"DEFERIDO";"2";"DEFERIDO";"2";"DEFERIDO";-1;"#NULO";-1;"#NULO";-1;"#NULO";2;"MASCULINO";"1";"BRANCA"
"26/09/2026";"19:31:16";2026;6259;160002552581;-3;"#NE";1;"BRASILEIRA NATA";-3;"MARINGÁ";"56";"N";-1;"#NULO";"3176572.53";"#NE";"S";"-1";"06016827720266160000";"-3";"#NE";"-3";"#NE";"SIM";"Válido";2;"DEFERIDO";"N";"N";160002532869;-1;"2026-08-15 13:33:38";2;"DEFERIDO";"2";"DEFERIDO";"2";"DEFERIDO";-1;"#NULO";-1;"#NULO";-1;"#NULO";2;"MASCULINO";"4";"AMARELA"
"26/09/2026";"19:31:16";2026;6259;160002547467;-3;"#NE";1;"BRASILEIRA NATA";-3;"CURITIBA";"47";"N";0;"NÃO INFORMADA";"3176572.53";"#NE";"S";"-1";"06010981020266160000";"-3";"#NE";"-3";"#NE";"SIM";"Válido";2;"DEFERIDO";"S";"N";-1;-1;"2026-08-11 12:05:18";2;"DEFERIDO";"2";"DEFERIDO";"2";"DEFERIDO";-1;"#NULO";-1;"#NULO";-1;"#NULO";2;"MASCULINO";"3";"PARDA"
"26/09/2026";"19:31:16";2026;6259;160002536512;-3;"#NE";1;"BRASILEIRA NATA";-3;"CURITIBA";"44";"N";0;"NÃO INFORMADA";"3176572.53";"#NE";"S";"-1";"06007119220266160000";"-3";"#NE";"-3";"#NE";"SIM";"Válido";2;"DEFERIDO";"S";"N";-1;-1;"2026-08-04 17:55:10";2;"DEFERIDO";"2";"DEFERIDO";"2";"DEFERIDO";-1;"#NULO";-1;"#NULO";-1;"#NULO";4;"FEMININO";"2";"PRETA"
"26/09/2026";"19:31:16";2026;6259;160002547664;-3;"#NE";1;"BRASILEIRA NATA";-3;"SÃO PAULO";"62";"N";0;"NÃO INFORMADA";"-1";"#NE";"S";"-1";"06012956220266160000";"-3";"#NE";"-3";"#NE";"SIM";"#NULO";2;"DEFERIDO";"N";"N";-1;-1;"2026-08-11 12:31:29";2;"DEFERIDO";"2";"DEFERIDO";"2";"DEFERIDO";-1;"#NULO";-1;"#NULO";-1;"#NULO";2;"MASCULINO";"1";"BRANCA"
"26/09/2026";"19:31:16";2026;6259;160002554216;-3;"#NE";1;"BRASILEIRA NATA";-3;"TERRA ROXA";"46";"N";-1;"#NULO";"-1";"#NE";"S";"-1";"06019339520266160000";"-3";"#NE";"-3";"#NE";"SIM";"#NULO";2;"DEFERIDO";"N";"N";160002549556;-1;"2026-08-27 20:44:14";2;"DEFERIDO";"2";"DEFERIDO";"2";"DEFERIDO";-1;"#NULO";-1;"#NULO";-1;"#NULO";-1;"#NULO";"-1";"#NULO"
"26/09/2026";"19:31:16";2026;6259;160002547569;-3;"#NE";1;"BRASILEIRA NATA";-3;"LONDRINA";"63";"N";0;"NÃO INFORMADA";"3176572.53";"#NE";"S";"-1";"06011743420266160000";"-3";"#NE";"-3";"#NE";"SIM";"Válido";2;"DEFERIDO";"S";"N";-1;-1;"2026-08-11 12:26:56";2;"DEFERIDO";"2";"DEFERIDO";"2";"DEFERIDO";-1;"#NULO";-1;"#NULO";-1;"#NULO";2;"MASCULINO";"1";"BRANCA"
"26/09/2026";"19:31:16";2026;6259;160002552806;-3;"#NE";1;"BRASILEIRA NATA";-3;"PONTA GROSSA";"63";"N";-1;"#NULO";"1270629.01";"#NE";"N";"-1";"06016498720266160000";"-3";"#NE";"-3";"#NE";"SIM";"Válido";2;"DEFERIDO";"S";"N";-1;-1;"2026-08-15 13:17:58";2;"DEFERIDO";"2";"DEFERIDO";"2";"DEFERIDO";-1;"#NULO";-1;"#NULO";-1;"#NULO";2;"MASCULINO";"1";"BRANCA"
"26/09/2026";"19:31:16";2026;6259;160002547700;-3;"#NE";2;"BRASILEIRA (NATURALIZADA)";-3;"PORTO ALEGRE";"71";"N";0;"NÃO INFORMADA";"1270629.01";"#NE";"S";"-1";"06012981720266160000";"-3";"#NE";"-3";"#NE";"SIM";"Válido";2;"DEFERIDO";"S";"N";-1;-1;"2026-08-11 12:35:16";2;"DEFERIDO";"2";"DEFERIDO";"2";"DEFERIDO";-1;"#NULO";-1;"#NULO";-1;"#NULO";2;"MASCULINO";"1";"BRANCA"
"26/09/2026";"19:31:16";2026;6259;160002547767;-3;"#NE";1;"BRASILEIRA NATA";-3;"ROLÂNDIA";"58";"N";-1;"#NULO";"1270629.01";"#NE";"N";"-1";"06013700420266160000";"-3";"#NE";"-3";"#NE";"SIM";"Válido";2;"DEFERIDO";"S";"N";-1;-1;"2026-08-11 12:36:21";2;"DEFERIDO";"2";"DEFERIDO";"2";"DEFERIDO";-1;"#NULO";-1;"#NULO";-1;"#NULO";2;"MASCULINO";"1";"BRANCA"
"26/09/2026";"19:31:16";2026;6259;160002553378;-3;"#NE";1;"BRASILEIRA NATA";-3;"PARANAGUÁ";"49";"N";0;"NÃO INFORMADA";"1270629.01";"#NE";"S";"-1";"06017104520266160000";"-3";"#NE";"-3";"#NE";"SIM";"Válido";2;"DEFERIDO";"S";"N";-1;-1;"2026-08-15 17:47:33";2;"DEFERIDO";"2";"DEFERIDO";"2";"DEFERIDO";-1;"#NULO";-1;"#NULO";-1;"#NULO";2;"MASCULINO";"3";"PARDA"
"26/09/2026";"19:31:16";2026;6259;160002553383;-3;"#NE";1;"BRASILEIRA NATA";-3;"CURITIBA";"43";"N";-1;"#NULO";"1270629.01";"#NE";"S";"-1";"06017148220266160000";"-3";"#NE";"-3";"#NE";"SIM";"Válido";2;"DEFERIDO";"S";"N";-1;-1;"2026-08-15 17:47:33";2;"DEFERIDO";"2";"DEFERIDO";"2";"DEFERIDO";-1;"#NULO";-1;"#NULO";-1;"#NULO";4;"FEMININO";"1";"BRANCA"
"26/09/2026";"19:31:16";2026;6259;160002542363;-3;"#NE";1;"BRASILEIRA NATA";-3;"TELÊMACO BORBA";"42";"N";0;"NÃO INFORMADA";"1270629.01";"#NE";"S";"-1";"06009266820266160000";"-3";"#NE";"-3";"#NE";"SIM";"Válido";2;"DEFERIDO";"S";"N";-1;-1;"2026-08-07 18:51:36";2;"DEFERIDO";"2";"DEFERIDO";"2";"DEFERIDO";-1;"#NULO";-1;"#NULO";-1;"#NULO";4;"FEMININO";"1";"BRANCA"
"26/09/2026";"19:31:16";2026;6259;160002542370;-3;"#NE";1;"BRASILEIRA NATA";-3;"GUARAPUAVA";"53";"N";0;"NÃO INFORMADA";"1270629.01";"#NE";"S";"-1";"06008877120266160000";"-3";"#NE";"-3";"#NE";"SIM";"Válido";2;"DEFERIDO";"S";"N";-1;-1;"2026-08-07 18:51:36";2;"DEFERIDO";"2";"DEFERIDO";"2";"DEFERIDO";-1;"#NULO";-1;"#NULO";-1;"#NULO";2;"MASCULINO";"1";"BRANCA"
"26/09/2026";"19:31:16";2026;6259;160002542372;-3;"#NE";1;"BRASILEIRA NATA";-3;"CURITIBA";"53";"N";-1;"#NULO";"1270629.01";"#NE";"N";"-1";"06008946320266160000";"-3";"#NE";"-3";"#NE";"SIM";"Válido";2;"DEFERIDO";"S";"N";-1;-1;"2026-08-07 18:51:36";2;"DEFERIDO";"2";"DEFERIDO";"2";"DEFERIDO";-1;"#NULO";-1;"#NULO";-1;"#NULO";2;"MASCULINO";"3";"PARDA"
"26/09/2026";"19:31:16";2026;6259;160002533489;-3;"#NE";1;"BRASILEIRA NATA";-3;"SÃO CARLOS DO IVAÍ";"40";"N";0;"NÃO INFORMADA";"1270629.01";"#NE";"N";"-1";"06006382320266160000";"-3";"#NE";"-3";"#NE";"SIM";"Válido";2;"DEFERIDO";"S";"N";-1;-1;"2026-07-29 17:41:27";2;"DEFERIDO";"2";"DEFERIDO";"2";"DEFERIDO";-1;"#NULO";-1;"#NULO";-1;"#NULO";4;"FEMININO";"1";"BRANCA"
"26/09/2026";"19:31:16";2026;6259;160002533465;-3;"#NE";1;"BRASILEIRA NATA";-3;"ALTÔNIA";"33";"N";0;"NÃO INFORMADA";"1270629.01";"#NE";"S";"-1";"06006356820266160000";"-3";"#NE";"-3";"#NE";"SIM";"Válido";2;"DEFERIDO";"S";"N";-1;-1;"2026-07-29 17:41:27";2;"DEFERIDO";"2";"DEFERIDO";"2";"DEFERIDO";-1;"#NULO";-1;"#NULO";-1;"#NULO";2;"MASCULINO";"3";"PARDA"
"26/09/2026";"19:31:16";2026;6259;160002533458;-3;"#NE";1;"BRASILEIRA NATA";-3;"PITANGA";"37";"N";0;"NÃO INFORMADA";"1270629.01";"#NE";"S";"-1";"06006555920266160000";"-3";"#NE";"-3";"#NE";"SIM";"Válido";2;"DEFERIDO";"S";"N";-1;-1;"2026-07-29 17:41:27";2;"DEFERIDO";"2";"DEFERIDO";"2";"DEFERIDO";-1;"#NULO";-1;"#NULO";-1;"#NULO";2;"MASCULINO";"1";"BRANCA"
"26/09/2026";"19:31:16";2026;6259;160002533457;-3;"#NE";1;"BRASILEIRA NATA";-3;"PATO BRANCO";"40";"N";0;"NÃO INFORMADA";"1270629.01";"#NE";"N";"-1";"06006260920266160000";"-3";"#NE";"-3";"#NE";"SIM";"Válido";2;"DEFERIDO";"S";"N";-1;-1;"2026-07-29 17:41:27";2;"DEFERIDO";"2";"DEFERIDO";"2";"DEFERIDO";-1;"#NULO";-1;"#NULO";-1;"#NULO";4;"FEMININO";"1";"BRANCA"
"26/09/2026";"19:31:16";2026;6259;160002546841;-3;"#NE";1;"BRASILEIRA NATA";-3;"CURITIBA";"49";"N";0;"NÃO INFORMADA";"1270629.01";"#NE";"S";"-1";"06010219820266160000";"-3";"#NE";"-3";"#NE";"SIM";"Válido";2;"DEFERIDO";"S";"N";-1;-1;"2026-08-11 11:57:23";2;"DEFERIDO";"2";"DEFERIDO";"2";"DEFERIDO";-1;"#NULO";-1;"#NULO";-1;"#NULO";2;"MASCULINO";"1";"BRANCA"
"26/09/2026";"19:31:16";2026;6259;160002549524;-3;"#NE";1;"BRASILEIRA NATA";-3;"CAMPO MOURÃO";"59";"N";-1;"#NULO";"3176572.53";"#NE";"S";"-1";"06014913220266160000";"-3";"#NE";"-3";"#NE";"SIM";"Válido";2;"DEFERIDO";"S";"N";-1;-1;"2026-08-12 12:38:35";2;"DEFERIDO";"2";"DEFERIDO";"2";"DEFERIDO";-1;"#NULO";-1;"#NULO";-1;"#NULO";2;"MASCULINO";"3";"PARDA"
"26/09/2026";"19:31:16";2026;6259;160002547602;-3;"#NE";1;"BRASILEIRA NATA";-3;"JATAIZINHO";"53";"N";0;"NÃO INFORMADA";"1270629.01";"#NE";"N";"-1";"06012419620266160000";"-3";"#NE";"-3";"#NE";"SIM";"Anulado sub judice";4;"INDEFERIDO EM PRAZO RECURSAL OU COM RECURSO";"S";"N";-1;-1;"2026-08-11 12:29:53";4;"INDEFERIDO EM PRAZO RECURSAL OU COM RECURSO";"4";"INDEFERIDO EM PRAZO RECURSAL OU COM RECURSO";"4";"INDEFERIDO EM PRAZO RECURSAL OU COM RECURSO";-1;"#NULO";-1;"#NULO";-1;"#NULO";4;"FEMININO";"1";"BRANCA"
"26/09/2026";"19:31:16";2026;6259;160002552563;-3;"#NE";1;"BRASILEIRA NATA";-3;"CURITIBA";"59";"N";-1;"#NULO";"4447201.54";"#NE";"N";"-1";"06016801020266160000";"-3";"#NE";"-3";"#NE";"SIM";"Anulado sub judice";4;"INDEFERIDO EM PRAZO RECURSAL OU COM RECURSO";"S";"N";-1;-1;"2026-08-15 13:22:11";4;"INDEFERIDO EM PRAZO RECURSAL OU COM RECURSO";"4";"INDEFERIDO EM PRAZO RECURSAL OU COM RECURSO";"4";"INDEFERIDO EM PRAZO RECURSAL OU COM RECURSO";-1;"#NULO";-1;"#NULO";-1;"#NULO";2;"MASCULINO";"1";"BRANCA"
"26/09/2026";"19:31:16";2026;6259;160002552577;-3;"#NE";1;"BRASILEIRA NATA";-3;"ITAMBÉ";"76";"N";-1;"#NULO";"1270629.01";"#NE";"S";"-1";"06016706320266160000";"-3";"#NE";"-3";"#NE";"SIM";"Válido";2;"DEFERIDO";"S";"N";-1;-1;"2026-08-15 13:28:44";2;"DEFERIDO";"2";"DEFERIDO";"2";"DEFERIDO";-1;"#NULO";-1;"#NULO";-1;"#NULO";4;"FEMININO";"2";"PRETA"
"26/09/2026";"19:31:16";2026;6259;160002547397;-3;"#NE";1;"BRASILEIRA NATA";-3;"CURITIBA";"45";"N";0;"NÃO INFORMADA";"1270629.01";"#NE";"S";"-1";"06013995420266160000";"-3";"#NE";"-3";"#NE";"SIM";"Válido";2;"DEFERIDO";"S";"N";-1;-1;"2026-08-11 12:36:56";2;"DEFERIDO";"2";"DEFERIDO";"2";"DEFERIDO";-1;"#NULO";-1;"#NULO";-1;"#NULO";2;"MASCULINO";"1";"BRANCA"
"26/09/2026";"19:31:16";2026;6259;160002547634;-3;"#NE";1;"BRASILEIRA NATA";-3;"CURIÚVA";"64";"N";0;"NÃO INFORMADA";"1270629.01";"#NE";"S";"-1";"06012133120266160000";"-3";"#NE";"-3";"#NE";"SIM";"Válido";2;"DEFERIDO";"S";"N";-1;-1;"2026-08-11 12:29:53";2;"DEFERIDO";"2";"DEFERIDO";"2";"DEFERIDO";-1;"#NULO";-1;"#NULO";-1;"#NULO";2;"MASCULINO";"1";"BRANCA"
"26/09/2026";"19:31:16";2026;6259;160002546862;-3;"#NE";1;"BRASILEIRA NATA";-3;"RIO BRANCO DO SUL";"64";"N";0;"NÃO INFORMADA";"1270629.01";"#NE";"S";"-1";"06010530620266160000";"-3";"#NE";"-3";"#NE";"SIM";"Válido";2;"DEFERIDO";"S";"N";-1;-1;"2026-08-11 12:01:37";2;"DEFERIDO";"2";"DEFERIDO";"2";"DEFERIDO";-1;"#NULO";-1;"#NULO";-1;"#NULO";2;"MASCULINO";"1";"BRANCA"
"26/09/2026";"19:31:16";2026;6259;160002547675;-3;"#NE";1;"BRASILEIRA NATA";-3;"NOVA AURORA";"30";"N";0;"NÃO INFORMADA";"1270629.01";"#NE";"S";"-1";"06013016920266160000";"-3";"#NE";"-3";"#NE";"SIM";"Válido";2;"DEFERIDO";"S";"N";-1;-1;"2026-08-11 12:35:16";2;"DEFERIDO";"2";"DEFERIDO";"2";"DEFERIDO";-1;"#NULO";-1;"#NULO";-1;"#NULO";4;"FEMININO";"3";"PARDA"
"26/09/2026";"19:31:16";2026;6259;160002547673;-3;"#NE";1;"BRASILEIRA NATA";-3;"LONDRINA";"64";"N";0;"NÃO INFORMADA";"1270629.01";"#NE";"S";"-1";"06013025420266160000";"-3";"#NE";"-3";"#NE";"SIM";"Válido";2;"DEFERIDO";"S";"N";-1;-1;"2026-08-11 12:35:16";2;"DEFERIDO";"2";"DEFERIDO";"2";"DEFERIDO";-1;"#NULO";-1;"#NULO";-1;"#NULO";2;"MASCULINO";"3";"PARDA"
"26/09/2026";"19:31:16";2026;6259;160002547702;-3;"#NE";1;"BRASILEIRA NATA";-3;"MONDAÍ";"62";"N";0;"NÃO INFORMADA";"1270629.01";"#NE";"S";"-1";"06013111620266160000";"-3";"#NE";"-3";"#NE";"SIM";"Válido";2;"DEFERIDO";"S";"N";-1;-1;"2026-08-11 12:35:16";2;"DEFERIDO";"2";"DEFERIDO";"2";"DEFERIDO";-1;"#NULO";-1;"#NULO";-1;"#NULO";2;"MASCULINO";"1";"BRANCA"
"26/09/2026";"19:31:16";2026;6259;160002547740;-3;"#NE";1;"BRASILEIRA NATA";-3;"PITANGA";"34";"N";0;"NÃO INFORMADA";"1270629.01";"#NE";"N";"-1";"06013683420266160000";"-3";"#NE";"-3";"#NE";"SIM";"Válido";2;"DEFERIDO";"S";"N";-1;-1;"2026-08-11 12:36:21";2;"DEFERIDO";"2";"DEFERIDO";"2";"DEFERIDO";-1;"#NULO";-1;"#NULO";-1;"#NULO";2;"MASCULINO";"2";"PRETA"
"26/09/2026";"19:31:16";2026;6259;160002547758;-3;"#NE";1;"BRASILEIRA NATA";-3;"CURITIBA";"48";"N";0;"NÃO INFORMADA";"1270629.01";"#NE";"N";"-1";"06013735620266160000";"-3";"#NE";"-3";"#NE";"SIM";"Válido";2;"DEFERIDO";"S";"N";-1;-1;"2026-08-11 12:36:21";2;"DEFERIDO";"2";"DEFERIDO";"2";"DEFERIDO";-1;"#NULO";-1;"#NULO";-1;"#NULO";4;"FEMININO";"2";"PRETA"
"26/09/2026";"19:31:16";2026;6259;160002551152;-3;"#NE";1;"BRASILEIRA NATA";-3;"FOZ DO IGUAÇU";"30";"N";0;"NÃO INFORMADA";"1270629.01";"#NE";"S";"-1";"06015623420266160000";"-3";"#NE";"-3";"#NE";"SIM";"Válido";2;"DEFERIDO";"S";"N";-1;-1;"2026-08-13 14:59:10";2;"DEFERIDO";"2";"DEFERIDO";"2";"DEFERIDO";-1;"#NULO";-1;"#NULO";-1;"#NULO";4;"FEMININO";"3";"PARDA"
"26/09/2026";"19:31:16";2026;6259;160002547561;-3;"#NE";1;"BRASILEIRA NATA";-3;"ADAMANTINA";"61";"N";0;"NÃO INFORMADA";"1270629.01";"#NE";"S";"-1";"06012046920266160000";"-3";"#NE";"-3";"#NE";"SIM";"Válido";2;"DEFERIDO";"S";"N";-1;-1;"2026-08-11 12:24:57";2;"DEFERIDO";"2";"DEFERIDO";"2";"DEFERIDO";-1;"#NULO";-1;"#NULO";-1;"#NULO";4;"FEMININO";"1";"BRANCA"
"26/09/2026";"19:31:16";2026;6259;160002547560;-3;"#NE";1;"BRASILEIRA NATA";-3;"PORTO UNIÃO";"38";"N";0;"NÃO INFORMADA";"1270629.01";"#NE";"S";"-1";"06011951020266160000";"-3";"#NE";"-3";"#NE";"SIM";"Válido";2;"DEFERIDO";"S";"N";-1;-1;"2026-08-11 12:24:57";2;"DEFERIDO";"2";"DEFERIDO";"2";"DEFERIDO";-1;"#NULO";-1;"#NULO";-1;"#NULO";2;"MASCULINO";"1";"BRANCA"
"26/09/2026";"19:31:16";2026;6259;160002542265;-3;"#NE";1;"BRASILEIRA NATA";-3;"UMUARAMA";"61";"N";0;"NÃO INFORMADA";"1270629.01";"#NE";"S";"-1";"06008478920266160000";"-3";"#NE";"-3";"#NE";"SIM";"Válido";2;"DEFERIDO";"S";"N";-1;-1;"2026-08-07 18:50:23";2;"DEFERIDO";"2";"DEFERIDO";"2";"DEFERIDO";-1;"#NULO";-1;"#NULO";-1;"#NULO";4;"FEMININO";"1";"BRANCA"
"26/09/2026";"19:31:16";2026;6259;160002542236;-3;"#NE";1;"BRASILEIRA NATA";-3;"LONDRINA";"57";"N";0;"NÃO INFORMADA";"1270629.01";"#NE";"S";"-1";"06008166920266160000";"-3";"#NE";"-3";"#NE";"SIM";"Válido";2;"DEFERIDO";"S";"N";-1;-1;"2026-08-07 18:50:23";2;"DEFERIDO";"2";"DEFERIDO";"2";"DEFERIDO";-1;"#NULO";-1;"#NULO";-1;"#NULO";4;"FEMININO";"1";"BRANCA"
"26/09/2026";"19:31:16";2026;6259;160002533443;-3;"#NE";1;"BRASILEIRA NATA";-3;"GUARATUBA";"44";"N";0;"NÃO INFORMADA";"1270629.01";"#NE";"N";"-1";"06006564420266160000";"-3";"#NE";"-3";"#NE";"SIM";"Válido";2;"DEFERIDO";"S";"N";-1;-1;"2026-07-29 17:41:27";2;"DEFERIDO";"2";"DEFERIDO";"2";"DEFERIDO";-1;"#NULO";-1;"#NULO";-1;"#NULO";2;"MASCULINO";"1";"BRANCA"
"26/09/2026";"19:31:16";2026;6259;160002533455;-3;"#NE";1;"BRASILEIRA NATA";-3;"PARANAGUÁ";"39";"N";-1;"#NULO";"1270629.01";"#NE";"S";"-1";"06006339820266160000";"-3";"#NE";"-3";"#NE";"SIM";"Válido";2;"DEFERIDO";"S";"N";-1;-1;"2026-07-29 17:41:27";2;"DEFERIDO";"2";"DEFERIDO";"2";"DEFERIDO";-1;"#NULO";-1;"#NULO";-1;"#NULO";4;"FEMININO";"2";"PRETA"
"26/09/2026";"19:31:16";2026;6259;160002552580;-3;"#NE";1;"BRASILEIRA NATA";-3;"CURITIBA";"54";"N";0;"NÃO INFORMADA";"1270629.01";"#NE";"S";"-1";"06016723320266160000";"-3";"#NE";"-3";"#NE";"SIM";"Válido";2;"DEFERIDO";"S";"N";-1;-1;"2026-08-15 13:27:54";2;"DEFERIDO";"2";"DEFERIDO";"2";"DEFERIDO";-1;"#NULO";-1;"#NULO";-1;"#NULO";2;"MASCULINO";"1";"BRANCA"
"26/09/2026";"19:31:16";2026;6259;160002546812;-3;"#NE";1;"BRASILEIRA NATA";-3;"MARINGÁ";"55";"N";0;"NÃO INFORMADA";"1270629.01";"#NE";"S";"-1";"06010184620266160000";"-3";"#NE";"-3";"#NE";"SIM";"Válido";2;"DEFERIDO";"S";"N";-1;-1;"2026-08-11 11:57:23";2;"DEFERIDO";"2";"DEFERIDO";"2";"DEFERIDO";-1;"#NULO";-1;"#NULO";-1;"#NULO";4;"FEMININO";"1";"BRANCA"
"26/09/2026";"19:31:16";2026;6259;160002552812;-3;"#NE";1;"BRASILEIRA NATA";-3;"LONDRINA";"47";"N";0;"NÃO INFORMADA";"1270629.01";"#NE";"S";"-1";"06016238920266160000";"-3";"#NE";"-3";"#NE";"SIM";"Anulado sub judice";4;"INDEFERIDO EM PRAZO RECURSAL OU COM RECURSO";"S";"N";-1;-1;"2026-08-15 13:17:58";4;"INDEFERIDO EM PRAZO RECURSAL OU COM RECURSO";"4";"INDEFERIDO EM PRAZO RECURSAL OU COM RECURSO";"4";"INDEFERIDO EM PRAZO RECURSAL OU COM RECURSO";-1;"#NULO";-1;"#NULO";-1;"#NULO";2;"MASCULINO";"1";"BRANCA"
"26/09/2026";"19:31:16";2026;6259;160002547630;-3;"#NE";1;"BRASILEIRA NATA";-3;"CURITIBA";"44";"N";0;"NÃO INFORMADA";"1270629.01";"#NE";"S";"-1";"06012193820266160000";"-3";"#NE";"-3";"#NE";"SIM";"Anulado sub judice";4;"INDEFERIDO EM PRAZO RECURSAL OU COM RECURSO";"S";"N";-1;-1;"2026-08-11 12:29:53";4;"INDEFERIDO EM PRAZO RECURSAL OU COM RECURSO";"4";"INDEFERIDO EM PRAZO RECURSAL OU COM RECURSO";"4";"INDEFERIDO EM PRAZO RECURSAL OU COM RECURSO";-1;"#NULO";-1;"#NULO";-1;"#NULO";2;"MASCULINO";"1";"BRANCA"
"26/09/2026";"19:31:16";2026;6259;160002553388;-3;"#NE";1;"BRASILEIRA NATA";-3;"UMUARAMA";"53";"N";-1;"#NULO";"1270629.01";"#NE";"N";"-1";"06017208920266160000";"-3";"#NE";"-3";"#NE";"SIM";"Nulo técnico";14;"INDEFERIDO";"S";"N";-1;-1;"2026-08-15 17:47:33";14;"INDEFERIDO";"14";"INDEFERIDO";"4";"INDEFERIDO EM PRAZO RECURSAL OU COM RECURSO";-1;"#NULO";-1;"#NULO";-1;"#NULO";4;"FEMININO";"3";"PARDA"
"26/09/2026";"19:31:16";2026;6259;160002547947;-3;"#NE";1;"BRASILEIRA NATA";-3;"LONDRINA";"52";"N";-1;"#NULO";"1270629.01";"#NE";"N";"-1";"06013951720266160000";"-3";"#NE";"-3";"#NE";"SIM";"Válido";16;"DEFERIDO COM RECURSO";"S";"N";-1;-1;"2026-08-11 12:36:56";16;"DEFERIDO EM PRAZO RECURSAL OU COM RECURSO";"16";"DEFERIDO COM RECURSO";"4";"INDEFERIDO EM PRAZO RECURSAL OU COM RECURSO";-1;"#NULO";-1;"#NULO";-1;"#NULO";4;"FEMININO";"1";"BRANCA"
"26/09/2026";"19:31:16";2026;6259;160002547392;-3;"#NE";1;"BRASILEIRA NATA";-3;"PORTO ALEGRE";"43";"N";-1;"#NULO";"1270629.01";"#NE";"N";"-1";"06014133820266160000";"-3";"#NE";"-3";"#NE";"SIM";"Válido";17;"PENDENTE DE JULGAMENTO";"S";"N";-1;-1;"2026-08-11 12:36:56";17;"PENDENTE DE JULGAMENTO";"17";"PENDENTE DE JULGAMENTO";"17";"PENDENTE DE JULGAMENTO";-1;"#NULO";-1;"#NULO";-1;"#NULO";2;"MASCULINO";"3";"PARDA"
"26/09/2026";"19:31:16";2026;6259;160002553961;-3;"#NE";1;"BRASILEIRA NATA";-3;"PARANAGUÁ";"36";"N";-1;"#NULO";"3176572.53";"#NE";"N";"-1";"06018022320266160000";"-3";"#NE";"-3";"#NE";"NÃO";"#NULO";-1;"#NULO";"N";"N";-1;-1;"2026-08-20 11:01:21";6;"RENÚNCIA";"-1";"#NULO";"-1";"#NULO";-1;"#NULO";-1;"#NULO";-1;"#NULO";-1;"#NULO";"-1";"#NULO"
"26/09/2026";"19:31:16";2026;6259;160002547622;-3;"#NE";1;"BRASILEIRA NATA";-3;"ASSAÍ";"34";"N";0;"NÃO INFORMADA";"1270629.01";"#NE";"S";"-1";"06012522820266160000";"-3";"#NE";"-3";"#NE";"SIM";"Válido";2;"DEFERIDO";"S";"N";-1;-1;"2026-08-11 12:29:53";2;"DEFERIDO";"2";"DEFERIDO";"2";"DEFERIDO";-1;"#NULO";-1;"#NULO";-1;"#NULO";2;"MASCULINO";"1";"BRANCA"
"26/09/2026";"19:31:16";2026;6259;160002547949;-3;"#NE";1;"BRASILEIRA NATA";-3;"MARINGÁ";"56";"N";-1;"#NULO";"1270629.01";"#NE";"S";"-1";"06014125320266160000";"-3";"#NE";"-3";"#NE";"SIM";"Válido";2;"DEFERIDO";"S";"N";-1;-1;"2026-08-11 12:36:56";2;"DEFERIDO";"2";"DEFERIDO";"2";"DEFERIDO";-1;"#NULO";-1;"#NULO";-1;"#NULO";2;"MASCULINO";"1";"BRANCA"
"26/09/2026";"19:31:16";2026;6259;160002547613;-3;"#NE";1;"BRASILEIRA NATA";-3;"PARANAGUÁ";"55";"N";-1;"#NULO";"1270629.01";"#NE";"S";"-1";"06012141620266160000";"-3";"#NE";"-3";"#NE";"SIM";"Válido";2;"DEFERIDO";"S";"N";-1;-1;"2026-08-11 12:29:53";2;"DEFERIDO";"2";"DEFERIDO";"2";"DEFERIDO";-1;"#NULO";-1;"#NULO";-1;"#NULO";2;"MASCULINO";"1";"BRANCA"
"26/09/2026";"19:31:16";2026;6259;160002546836;-3;"#NE";1;"BRASILEIRA NATA";-3;"CURITIBA";"54";"N";-1;"#NULO";"1270629.01";"#NE";"N";"-1";"06009907820266160000";"-3";"#NE";"-3";"#NE";"SIM";"Válido";2;"DEFERIDO";"S";"N";-1;-1;"2026-08-11 11:57:23";2;"DEFERIDO";"2";"DEFERIDO";"2";"DEFERIDO";-1;"#NULO";-1;"#NULO";-1;"#NULO";2;"MASCULINO";"1";"BRANCA"
"26/09/2026";"19:31:16";2026;6259;160002552785;-3;"#NE";1;"BRASILEIRA NATA";-3;"COLOMBO";"48";"N";0;"NÃO INFORMADA";"1270629.01";"#NE";"S";"-1";"06016272920266160000";"-3";"#NE";"-3";"#NE";"SIM";"Válido";2;"DEFERIDO";"S";"N";-1;-1;"2026-08-15 13:17:58";2;"DEFERIDO";"2";"DEFERIDO";"2";"DEFERIDO";-1;"#NULO";-1;"#NULO";-1;"#NULO";2;"MASCULINO";"1";"BRANCA"
"26/09/2026";"19:31:16";2026;6259;160002540801;-3;"#NE";1;"BRASILEIRA NATA";-3;"GUARAPUAVA";"42";"N";0;"NÃO INFORMADA";"3176572.53";"#NE";"S";"-1";"06007708020266160000";"-3";"#NE";"-3";"#NE";"SIM";"Válido";2;"DEFERIDO";"S";"N";-1;-1;"2026-08-07 13:56:41";2;"DEFERIDO";"2";"DEFERIDO";"2";"DEFERIDO";-1;"#NULO";-1;"#NULO";-1;"#NULO";2;"MASCULINO";"1";"BRANCA"
"26/09/2026";"19:31:16";2026;6259;160002540792;-3;"#NE";1;"BRASILEIRA NATA";-3;"PARAÍSO DO NORTE";"64";"N";0;"NÃO INFORMADA";"3176572.53";"#NE";"S";"-1";"06007750520266160000";"-3";"#NE";"-3";"#NE";"SIM";"Válido";2;"DEFERIDO";"S";"N";-1;-1;"2026-08-07 13:56:41";2;"DEFERIDO";"2";"DEFERIDO";"2";"DEFERIDO";-1;"#NULO";-1;"#NULO";-1;"#NULO";2;"MASCULINO";"1";"BRANCA"
"26/09/2026";"19:31:16";2026;6259;160002542282;-3;"#NE";1;"BRASILEIRA NATA";-3;"APUCARANA";"53";"N";0;"NÃO INFORMADA";"3176572.53";"#NE";"S";"-1";"06009535120266160000";"-3";"#NE";"-3";"#NE";"SIM";"Válido";2;"DEFERIDO";"S";"N";-1;-1;"2026-08-07 18:52:09";2;"DEFERIDO";"2";"DEFERIDO";"2";"DEFERIDO";-1;"#NULO";-1;"#NULO";-1;"#NULO";2;"MASCULINO";"4";"AMARELA"
"26/09/2026";"19:31:16";2026;6259;160002542312;-3;"#NE";1;"BRASILEIRA NATA";-3;"ITAJAÍ";"46";"N";0;"NÃO INFORMADA";"3176572.53";"#NE";"S";"-1";"06009734220266160000";"-3";"#NE";"-3";"#NE";"SIM";"Válido";2;"DEFERIDO";"S";"N";-1;-1;"2026-08-07 18:52:09";2;"DEFERIDO";"2";"DEFERIDO";"4";"INDEFERIDO EM PRAZO RECURSAL OU COM RECURSO";-1;"#NULO";-1;"#NULO";-1;"#NULO";2;"MASCULINO";"1";"BRANCA"
"26/09/2026";"19:31:16";2026;6259;160002542303;-3;"#NE";1;"BRASILEIRA NATA";-3;"APUCARANA";"28";"N";0;"NÃO INFORMADA";"3176572.53";"#NE";"S";"-1";"06009560620266160000";"-3";"#NE";"-3";"#NE";"SIM";"Válido";2;"DEFERIDO";"S";"N";-1;-1;"2026-08-07 18:52:09";2;"DEFERIDO";"2";"DEFERIDO";"2";"DEFERIDO";-1;"#NULO";-1;"#NULO";-1;"#NULO";2;"MASCULINO";"1";"BRANCA"
"26/09/2026";"19:31:16";2026;6259;160002542292;-3;"#NE";1;"BRASILEIRA NATA";-3;"CURITIBA";"38";"N";0;"NÃO INFORMADA";"3176572.53";"#NE";"N";"-1";"06009690520266160000";"-3";"#NE";"-3";"#NE";"SIM";"Válido";2;"DEFERIDO";"S";"N";-1;-1;"2026-08-07 18:52:09";2;"DEFERIDO";"2";"DEFERIDO";"2";"DEFERIDO";-1;"#NULO";-1;"#NULO";-1;"#NULO";2;"MASCULINO";"1";"BRANCA"
"26/09/2026";"19:31:16";2026;6259;160002551023;-3;"#NE";1;"BRASILEIRA NATA";-3;"BANDEIRANTES";"25";"N";0;"NÃO INFORMADA";"3176572.53";"#NE";"N";"-1";"06015311420266160000";"-3";"#NE";"-3";"#NE";"SIM";"Válido";2;"DEFERIDO";"S";"N";-1;-1;"2026-08-13 14:52:35";2;"DEFERIDO";"2";"DEFERIDO";"2";"DEFERIDO";-1;"#NULO";-1;"#NULO";-1;"#NULO";2;"MASCULINO";"1";"BRANCA"
"26/09/2026";"19:31:16";2026;6259;160002532856;-3;"#NE";1;"BRASILEIRA NATA";-3;"LONDRINA";"55";"N";0;"NÃO INFORMADA";"3176572.53";"#NE";"S";"-1";"06005906420266160000";"-3";"#NE";"-3";"#NE";"SIM";"Válido";2;"DEFERIDO";"S";"N";-1;-1;"2026-07-28 15:24:25";2;"DEFERIDO";"2";"DEFERIDO";"2";"DEFERIDO";-1;"#NULO";-1;"#NULO";-1;"#NULO";2;"MASCULINO";"1";"BRANCA"
"26/09/2026";"19:31:16";2026;6259;160002532850;-3;"#NE";1;"BRASILEIRA NATA";-3;"FOZ DO IGUAÇU";"41";"N";0;"NÃO INFORMADA";"3176572.53";"#NE";"S";"-1";"06005845720266160000";"-3";"#NE";"-3";"#NE";"SIM";"Válido";2;"DEFERIDO";"S";"N";-1;-1;"2026-07-28 15:24:25";2;"DEFERIDO";"2";"DEFERIDO";"2";"DEFERIDO";-1;"#NULO";-1;"#NULO";-1;"#NULO";2;"MASCULINO";"1";"BRANCA"
"26/09/2026";"19:31:16";2026;6259;160002546898;-3;"#NE";1;"BRASILEIRA NATA";-3;"CURITIBA";"37";"N";-1;"#NULO";"3176572.53";"#NE";"S";"-1";"06010877820266160000";"-3";"#NE";"-3";"#NE";"SIM";"Válido";2;"DEFERIDO";"S";"N";-1;-1;"2026-08-11 12:05:18";2;"DEFERIDO";"2";"DEFERIDO";"2";"DEFERIDO";-1;"#NULO";-1;"#NULO";-1;"#NULO";2;"MASCULINO";"1";"BRANCA"
"26/09/2026";"19:31:16";2026;6259;160002542340;-3;"#NE";1;"BRASILEIRA NATA";-3;"PÉROLA";"59";"N";-1;"#NULO";"3176572.53";"#NE";"S";"-1";"06009361520266160000";"-3";"#NE";"-3";"#NE";"SIM";"Válido";2;"DEFERIDO";"S";"N";-1;-1;"2026-08-07 18:52:37";2;"DEFERIDO";"2";"DEFERIDO";"2";"DEFERIDO";-1;"#NULO";-1;"#NULO";-1;"#NULO";2;"MASCULINO";"1";"BRANCA"
"26/09/2026";"19:31:16";2026;6259;160002542329;-3;"#NE";1;"BRASILEIRA NATA";-3;"CURITIBA";"54";"N";-1;"#NULO";"3176572.53";"#NE";"S";"-1";"06009413720266160000";"-3";"#NE";"-3";"#NE";"SIM";"Válido";2;"DEFERIDO";"S";"N";-1;-1;"2026-08-07 18:52:37";2;"DEFERIDO";"2";"DEFERIDO";"2";"DEFERIDO";-1;"#NULO";-1;"#NULO";-1;"#NULO";2;"MASCULINO";"1";"BRANCA"
"26/09/2026";"19:31:16";2026;6259;160002532611;-3;"#NE";1;"BRASILEIRA NATA";-3;"CURITIBA";"50";"N";0;"NÃO INFORMADA";"3176572.53";"#NE";"S";"-1";"06005420820266160000";"-3";"#NE";"-3";"#NE";"SIM";"Válido";2;"DEFERIDO";"S";"N";-1;-1;"2026-07-27 16:24:27";2;"DEFERIDO";"2";"DEFERIDO";"2";"DEFERIDO";-1;"#NULO";-1;"#NULO";-1;"#NULO";4;"FEMININO";"1";"BRANCA"
"26/09/2026";"19:31:16";2026;6259;160002532589;-3;"#NE";1;"BRASILEIRA NATA";-3;"PONTA GROSSA";"69";"N";0;"NÃO INFORMADA";"3176572.53";"#NE";"S";"-1";"06005265420266160000";"-3";"#NE";"-3";"#NE";"SIM";"Válido";2;"DEFERIDO";"S";"N";-1;-1;"2026-07-27 16:24:27";2;"DEFERIDO";"2";"DEFERIDO";"2";"DEFERIDO";-1;"#NULO";-1;"#NULO";-1;"#NULO";2;"MASCULINO";"1";"BRANCA"
"26/09/2026";"19:31:16";2026;6259;160002536516;-3;"#NE";1;"BRASILEIRA NATA";-3;"CURITIBA";"26";"N";0;"NÃO INFORMADA";"3176572.53";"#NE";"S";"-1";"06007084020266160000";"-3";"#NE";"-3";"#NE";"SIM";"Válido";2;"DEFERIDO";"S";"N";-1;-1;"2026-08-04 17:55:10";2;"DEFERIDO";"2";"DEFERIDO";"2";"DEFERIDO";-1;"#NULO";-1;"#NULO";-1;"#NULO";4;"FEMININO";"1";"BRANCA"
"26/09/2026";"19:31:16";2026;6259;160002542225;-3;"#NE";1;"BRASILEIRA NATA";-3;"TRÊS BARRAS DO PARANÁ";"40";"N";0;"NÃO INFORMADA";"3176572.53";"#NE";"N";"-1";"06008366020266160000";"-3";"#NE";"-3";"#NE";"SIM";"Válido";2;"DEFERIDO";"S";"N";-1;-1;"2026-08-07 18:51:01";2;"DEFERIDO";"2";"DEFERIDO";"2";"DEFERIDO";-1;"#NULO";-1;"#NULO";-1;"#NULO";4;"FEMININO";"1";"BRANCA"
"26/09/2026";"19:31:16";2026;6259;160002547574;-3;"#NE";1;"BRASILEIRA NATA";-3;"MEDIANEIRA";"60";"N";0;"NÃO INFORMADA";"3176572.53";"#NE";"S";"-1";"06011778620266160000";"-3";"#NE";"-3";"#NE";"SIM";"Válido";2;"DEFERIDO";"S";"N";-1;-1;"2026-08-11 12:26:56";2;"DEFERIDO";"2";"DEFERIDO";"2";"DEFERIDO";-1;"#NULO";-1;"#NULO";-1;"#NULO";2;"MASCULINO";"1";"BRANCA"
"26/09/2026";"19:31:16";2026;6259;160002547694;-3;"#NE";1;"BRASILEIRA NATA";-3;"CURITIBA";"29";"N";0;"NÃO INFORMADA";"1270629.01";"#NE";"S";"-1";"06013086120266160000";"-3";"#NE";"-3";"#NE";"SIM";"Válido";2;"DEFERIDO";"S";"N";-1;-1;"2026-08-11 12:35:16";2;"DEFERIDO";"2";"DEFERIDO";"2";"DEFERIDO";-1;"#NULO";-1;"#NULO";-1;"#NULO";2;"MASCULINO";"1";"BRANCA"
"26/09/2026";"19:31:16";2026;6259;160002547669;-3;"#NE";1;"BRASILEIRA NATA";-3;"GUARAPUAVA";"39";"N";0;"NÃO INFORMADA";"1270629.01";"#NE";"S";"-1";"06013069120266160000";"-3";"#NE";"-3";"#NE";"SIM";"Válido";2;"DEFERIDO";"S";"N";-1;-1;"2026-08-11 12:35:16";2;"DEFERIDO";"2";"DEFERIDO";"2";"DEFERIDO";-1;"#NULO";-1;"#NULO";-1;"#NULO";2;"MASCULINO";"1";"BRANCA"
"26/09/2026";"19:31:16";2026;6259;160002551151;-3;"#NE";2;"BRASILEIRA (NATURALIZADA)";-3;"GOIÂNIA";"41";"N";0;"NÃO INFORMADA";"1270629.01";"#NE";"N";"-1";"06015631920266160000";"-3";"#NE";"-3";"#NE";"SIM";"Válido";2;"DEFERIDO";"S";"N";-1;-1;"2026-08-13 14:59:10";2;"DEFERIDO";"2";"DEFERIDO";"2";"DEFERIDO";-1;"#NULO";-1;"#NULO";-1;"#NULO";2;"MASCULINO";"1";"BRANCA"
"26/09/2026";"19:31:16";2026;6259;160002546856;-3;"#NE";1;"BRASILEIRA NATA";-3;"MARINGÁ";"55";"N";0;"NÃO INFORMADA";"1270629.01";"#NE";"S";"-1";"06010522120266160000";"-3";"#NE";"-3";"#NE";"SIM";"Válido";2;"DEFERIDO";"S";"N";-1;-1;"2026-08-11 12:01:37";2;"DEFERIDO";"2";"DEFERIDO";"2";"DEFERIDO";-1;"#NULO";-1;"#NULO";-1;"#NULO";2;"MASCULINO";"1";"BRANCA"
"26/09/2026";"19:31:16";2026;6259;160002549529;-3;"#NE";1;"BRASILEIRA NATA";-3;"RIO BRANCO DO SUL";"43";"N";-1;"#NULO";"3176572.53";"#NE";"S";"-1";"06014653420266160000";"-3";"#NE";"-3";"#NE";"SIM";"Válido";2;"DEFERIDO";"S";"N";-1;-1;"2026-08-12 12:38:35";2;"DEFERIDO";"2";"DEFERIDO";"2";"DEFERIDO";-1;"#NULO";-1;"#NULO";-1;"#NULO";2;"MASCULINO";"1";"BRANCA"
"26/09/2026";"19:31:16";2026;6259;160002553656;-3;"#NE";1;"BRASILEIRA NATA";-3;"CURITIBA";"39";"N";-1;"#NULO";"3176572.53";"#NE";"N";"-1";"06017372820266160000";"-3";"#NE";"-3";"#NE";"SIM";"Válido";2;"DEFERIDO";"N";"N";-1;-1;"2026-08-15 18:23:52";2;"DEFERIDO";"2";"DEFERIDO";"2";"DEFERIDO";-1;"#NULO";-1;"#NULO";-1;"#NULO";2;"MASCULINO";"3";"PARDA"
"26/09/2026";"19:31:16";2026;6259;160002542310;-3;"#NE";1;"BRASILEIRA NATA";-3;"PONTA GROSSA";"32";"N";0;"NÃO INFORMADA";"3176572.53";"#NE";"N";"-1";"06009518120266160000";"-3";"#NE";"-3";"#NE";"SIM";"Válido";2;"DEFERIDO";"S";"N";-1;-1;"2026-08-07 18:52:09";2;"DEFERIDO";"2";"DEFERIDO";"2";"DEFERIDO";-1;"#NULO";-1;"#NULO";-1;"#NULO";4;"FEMININO";"1";"BRANCA"
"26/09/2026";"19:31:16";2026;6259;160002553372;-3;"#NE";1;"BRASILEIRA NATA";-3;"SÃO JORGE D OESTE";"62";"N";0;"NÃO INFORMADA";"3176572.53";"#NE";"S";"-1";"06016949120266160000";"-3";"#NE";"-3";"#NE";"SIM";"Válido";2;"DEFERIDO";"S";"N";-1;-1;"2026-08-15 17:46:06";2;"DEFERIDO";"2";"DEFERIDO";"2";"DEFERIDO";-1;"#NULO";-1;"#NULO";-1;"#NULO";2;"MASCULINO";"1";"BRANCA"
"26/09/2026";"19:31:16";2026;6259;160002553377;-3;"#NE";1;"BRASILEIRA NATA";-3;"SÃO PAULO";"69";"N";-1;"#NULO";"3176572.53";"#NE";"S";"-1";"06017018320266160000";"-3";"#NE";"-3";"#NE";"SIM";"Válido";2;"DEFERIDO";"S";"N";-1;-1;"2026-08-15 17:46:06";2;"DEFERIDO";"2";"DEFERIDO";"2";"DEFERIDO";-1;"#NULO";-1;"#NULO";-1;"#NULO";2;"MASCULINO";"1";"BRANCA"
"26/09/2026";"19:31:16";2026;6259;160002551037;-3;"#NE";1;"BRASILEIRA NATA";-3;"SÃO MATEUS DO SUL";"38";"N";0;"NÃO INFORMADA";"3176572.53";"#NE";"N";"-1";"06015432820266160000";"-3";"#NE";"-3";"#NE";"SIM";"Válido";2;"DEFERIDO";"S";"N";-1;-1;"2026-08-13 14:52:35";2;"DEFERIDO";"2";"DEFERIDO";"2";"DEFERIDO";-1;"#NULO";-1;"#NULO";-1;"#NULO";4;"FEMININO";"1";"BRANCA"
"26/09/2026";"19:31:16";2026;6259;160002540761;-3;"#NE";1;"BRASILEIRA NATA";-3;"SERTANÓPOLIS";"64";"N";-1;"#NULO";"3176572.53";"#NE";"S";"-1";"06007542920266160000";"-3";"#NE";"-3";"#NE";"SIM";"Válido";2;"DEFERIDO";"S";"N";-1;-1;"2026-08-07 13:55:28";2;"DEFERIDO";"2";"DEFERIDO";"2";"DEFERIDO";-1;"#NULO";-1;"#NULO";-1;"#NULO";2;"MASCULINO";"1";"BRANCA"
"26/09/2026";"19:31:16";2026;6259;160002540763;-3;"#NE";1;"BRASILEIRA NATA";-3;"OURINHOS";"55";"N";0;"NÃO INFORMADA";"3176572.53";"#NE";"S";"-1";"06007360820266160000";"-3";"#NE";"-3";"#NE";"SIM";"Válido";2;"DEFERIDO";"S";"N";-1;-1;"2026-08-07 13:55:28";2;"DEFERIDO";"2";"DEFERIDO";"2";"DEFERIDO";-1;"#NULO";-1;"#NULO";-1;"#NULO";2;"MASCULINO";"1";"BRANCA"
"26/09/2026";"19:31:16";2026;6259;160002540774;-3;"#NE";1;"BRASILEIRA NATA";-3;"PATO BRANCO";"70";"N";0;"NÃO INFORMADA";"3176572.53";"#NE";"S";"-1";"06007448220266160000";"-3";"#NE";"-3";"#NE";"SIM";"Válido";2;"DEFERIDO";"S";"N";-1;-1;"2026-08-07 13:55:28";2;"DEFERIDO";"2";"DEFERIDO";"2";"DEFERIDO";-1;"#NULO";-1;"#NULO";-1;"#NULO";4;"FEMININO";"1";"BRANCA"
"26/09/2026";"19:31:16";2026;6259;160002546897;-3;"#NE";1;"BRASILEIRA NATA";-3;"CURITIBA";"46";"N";0;"NÃO INFORMADA";"3176572.53";"#NE";"S";"-1";"06010790420266160000";"-3";"#NE";"-3";"#NE";"SIM";"Válido";2;"DEFERIDO";"S";"N";-1;-1;"2026-08-11 12:05:18";2;"DEFERIDO";"2";"DEFERIDO";"2";"DEFERIDO";-1;"#NULO";-1;"#NULO";-1;"#NULO";4;"FEMININO";"1";"BRANCA"
"26/09/2026";"19:31:16";2026;6259;160002547468;-3;"#NE";1;"BRASILEIRA NATA";-3;"CURITIBA";"50";"N";0;"NÃO INFORMADA";"3176572.53";"#NE";"S";"-1";"06010817120266160000";"-3";"#NE";"-3";"#NE";"SIM";"Válido";2;"DEFERIDO";"S";"N";-1;-1;"2026-08-11 12:05:18";2;"DEFERIDO";"2";"DEFERIDO";"2";"DEFERIDO";-1;"#NULO";-1;"#NULO";-1;"#NULO";4;"FEMININO";"1";"BRANCA"
"26/09/2026";"19:31:16";2026;6259;160002532598;-3;"#NE";1;"BRASILEIRA NATA";-3;"CORNÉLIO PROCÓPIO";"32";"N";0;"NÃO INFORMADA";"3176572.53";"#NE";"S";"-1";"06005508220266160000";"-3";"#NE";"-3";"#NE";"SIM";"Válido";2;"DEFERIDO";"S";"N";-1;-1;"2026-07-27 16:24:27";2;"DEFERIDO";"2";"DEFERIDO";"2";"DEFERIDO";-1;"#NULO";-1;"#NULO";-1;"#NULO";2;"MASCULINO";"1";"BRANCA"
"26/09/2026";"19:31:16";2026;6259;160002542214;-3;"#NE";1;"BRASILEIRA NATA";-3;"PARANAVAÍ";"57";"N";0;"NÃO INFORMADA";"3176572.53";"#NE";"S";"-1";"06008487420266160000";"-3";"#NE";"-3";"#NE";"SIM";"Válido";2;"DEFERIDO";"S";"N";-1;-1;"2026-08-07 18:51:01";2;"DEFERIDO";"2";"DEFERIDO";"2";"DEFERIDO";-1;"#NULO";-1;"#NULO";-1;"#NULO";2;"MASCULINO";"1";"BRANCA"
"26/09/2026";"19:31:16";2026;6259;160002551119;-3;"#NE";1;"BRASILEIRA NATA";-3;"CURITIBA";"41";"N";0;"NÃO INFORMADA";"-1";"#NE";"S";"-1";"06015891720266160000";"-3";"#NE";"-3";"#NE";"SIM";"#NULO";2;"DEFERIDO";"N";"N";-1;-1;"2026-08-13 14:56:25";2;"DEFERIDO";"2";"DEFERIDO";"2";"DEFERIDO";-1;"#NULO";-1;"#NULO";-1;"#NULO";2;"MASCULINO";"1";"BRANCA"
"26/09/2026";"19:31:16";2026;6259;160002547711;-3;"#NE";1;"BRASILEIRA NATA";-3;"PONTA GROSSA";"48";"N";-1;"#NULO";"3176572.53";"#NE";"S";"-1";"06013268220266160000";"-3";"#NE";"-3";"#NE";"SIM";"Válido";2;"DEFERIDO";"S";"N";-1;-1;"2026-08-11 12:34:01";2;"DEFERIDO";"2";"DEFERIDO";"2";"DEFERIDO";-1;"#NULO";-1;"#NULO";-1;"#NULO";2;"MASCULINO";"1";"BRANCA"
"26/09/2026";"19:31:16";2026;6259;160002547705;-3;"#NE";2;"BRASILEIRA (NATURALIZADA)";-3;"PERCHES";"40";"N";0;"NÃO INFORMADA";"1270629.01";"#NE";"S";"-1";"06012851820266160000";"-3";"#NE";"-3";"#NE";"SIM";"Válido";2;"DEFERIDO";"S";"N";-1;-1;"2026-08-11 12:35:16";2;"DEFERIDO";"2";"DEFERIDO";"2";"DEFERIDO";-1;"#NULO";-1;"#NULO";-1;"#NULO";2;"MASCULINO";"2";"PRETA"
"26/09/2026";"19:31:16";2026;6259;160002547703;-3;"#NE";1;"BRASILEIRA NATA";-3;"SETE BARRAS";"37";"N";0;"NÃO INFORMADA";"1270629.01";"#NE";"S";"-1";"06013180820266160000";"-3";"#NE";"-3";"#NE";"SIM";"Válido";2;"DEFERIDO";"S";"N";-1;-1;"2026-08-11 12:35:16";2;"DEFERIDO";"2";"DEFERIDO";"2";"DEFERIDO";-1;"#NULO";-1;"#NULO";-1;"#NULO";4;"FEMININO";"3";"PARDA"
"26/09/2026";"19:31:16";2026;6259;160002547672;-3;"#NE";1;"BRASILEIRA NATA";-3;"LONDRINA";"65";"N";0;"NÃO INFORMADA";"1270629.01";"#NE";"S";"-1";"06013129820266160000";"-3";"#NE";"-3";"#NE";"SIM";"Válido";2;"DEFERIDO";"S";"N";-1;-1;"2026-08-11 12:35:16";2;"DEFERIDO";"2";"DEFERIDO";"2";"DEFERIDO";-1;"#NULO";-1;"#NULO";-1;"#NULO";4;"FEMININO";"1";"BRANCA"
"26/09/2026";"19:31:16";2026;6259;160002547752;-3;"#NE";1;"BRASILEIRA NATA";-3;"CURITIBA";"61";"N";-1;"#NULO";"1270629.01";"#NE";"N";"-1";"06013874020266160000";"-3";"#NE";"-3";"#NE";"SIM";"Válido";2;"DEFERIDO";"S";"N";-1;-1;"2026-08-11 12:36:21";2;"DEFERIDO";"2";"DEFERIDO";"2";"DEFERIDO";-1;"#NULO";-1;"#NULO";-1;"#NULO";4;"FEMININO";"1";"BRANCA"
"26/09/2026";"19:31:16";2026;6259;160002542247;-3;"#NE";1;"BRASILEIRA NATA";-3;"TERRA BOA";"51";"N";0;"NÃO INFORMADA";"1270629.01";"#NE";"N";"-1";"06007959320266160000";"-3";"#NE";"-3";"#NE";"SIM";"Válido";2;"DEFERIDO";"S";"N";-1;-1;"2026-08-07 18:50:23";2;"DEFERIDO";"2";"DEFERIDO";"2";"DEFERIDO";-1;"#NULO";-1;"#NULO";-1;"#NULO";4;"FEMININO";"2";"PRETA"
"26/09/2026";"19:31:16";2026;6259;160002542273;-3;"#NE";1;"BRASILEIRA NATA";-3;"CURITIBA";"50";"N";0;"NÃO INFORMADA";"1270629.01";"#NE";"S";"-1";"06008140220266160000";"-3";"#NE";"-3";"#NE";"SIM";"Válido";2;"DEFERIDO";"S";"N";-1;-1;"2026-08-07 18:50:23";2;"DEFERIDO";"2";"DEFERIDO";"2";"DEFERIDO";-1;"#NULO";-1;"#NULO";-1;"#NULO";4;"FEMININO";"1";"BRANCA"
"26/09/2026";"19:31:16";2026;6259;160002552569;-3;"#NE";1;"BRASILEIRA NATA";-3;"RIO DAS OSTRAS";"41";"N";0;"NÃO INFORMADA";"1270629.01";"#NE";"N";"-1";"06016654120266160000";"-3";"#NE";"-3";"#NE";"SIM";"Válido";2;"DEFERIDO";"S";"N";-1;-1;"2026-08-15 13:25:43";2;"DEFERIDO";"2";"DEFERIDO";"2";"DEFERIDO";-1;"#NULO";-1;"#NULO";-1;"#NULO";2;"MASCULINO";"3";"PARDA"
"26/09/2026";"19:31:16";2026;6259;160002533478;-3;"#NE";1;"BRASILEIRA NATA";-3;"CURITIBA";"55";"N";0;"NÃO INFORMADA";"1270629.01";"#NE";"S";"-1";"06006218420266160000";"-3";"#NE";"-3";"#NE";"SIM";"Válido";2;"DEFERIDO";"S";"N";-1;-1;"2026-07-29 17:41:27";2;"DEFERIDO";"2";"DEFERIDO";"2";"DEFERIDO";-1;"#NULO";-1;"#NULO";-1;"#NULO";2;"MASCULINO";"1";"BRANCA"
"26/09/2026";"19:31:16";2026;6259;160002533488;-3;"#NE";1;"BRASILEIRA NATA";-3;"URUSSANGA";"78";"N";0;"NÃO INFORMADA";"1270629.01";"#NE";"S";"-1";"06006478220266160000";"-3";"#NE";"-3";"#NE";"SIM";"Válido";2;"DEFERIDO";"S";"N";-1;-1;"2026-07-29 17:41:27";2;"DEFERIDO";"2";"DEFERIDO";"2";"DEFERIDO";-1;"#NULO";-1;"#NULO";-1;"#NULO";2;"MASCULINO";"1";"BRANCA"
"26/09/2026";"19:31:16";2026;6259;160002533444;-3;"#NE";1;"BRASILEIRA NATA";-3;"IRATI";"29";"N";0;"NÃO INFORMADA";"1270629.01";"#NE";"S";"-1";"06006070320266160000";"-3";"#NE";"-3";"#NE";"SIM";"Válido";2;"DEFERIDO";"S";"N";-1;-1;"2026-07-29 17:41:27";2;"DEFERIDO";"2";"DEFERIDO";"2";"DEFERIDO";-1;"#NULO";-1;"#NULO";-1;"#NULO";2;"MASCULINO";"1";"BRANCA"
"26/09/2026";"19:31:16";2026;6259;160002533477;-3;"#NE";1;"BRASILEIRA NATA";-3;"CURITIBA";"50";"N";0;"NÃO INFORMADA";"1270629.01";"#NE";"S";"-1";"06006200220266160000";"-3";"#NE";"-3";"#NE";"SIM";"Válido";2;"DEFERIDO";"S";"N";-1;-1;"2026-07-29 17:41:27";2;"DEFERIDO";"2";"DEFERIDO";"2";"DEFERIDO";-1;"#NULO";-1;"#NULO";-1;"#NULO";2;"MASCULINO";"1";"BRANCA"
"26/09/2026";"19:31:16";2026;6259;160002547509;-3;"#NE";1;"BRASILEIRA NATA";-3;"APUCARANA";"39";"N";0;"NÃO INFORMADA";"1270629.01";"#NE";"S";"-1";"06011110920266160000";"-3";"#NE";"-3";"#NE";"SIM";"Válido";2;"DEFERIDO";"S";"N";-1;-1;"2026-08-11 12:24:00";2;"DEFERIDO";"2";"DEFERIDO";"2";"DEFERIDO";-1;"#NULO";-1;"#NULO";-1;"#NULO";2;"MASCULINO";"1";"BRANCA"
"26/09/2026";"19:31:16";2026;6259;160002547504;-3;"#NE";1;"BRASILEIRA NATA";-3;"PATO BRANCO";"37";"N";0;"NÃO INFORMADA";"1270629.01";"#NE";"N";"-1";"06011137620266160000";"-3";"#NE";"-3";"#NE";"SIM";"Válido";2;"DEFERIDO";"S";"N";-1;-1;"2026-08-11 12:24:00";2;"DEFERIDO";"2";"DEFERIDO";"2";"DEFERIDO";-1;"#NULO";-1;"#NULO";-1;"#NULO";2;"MASCULINO";"1";"BRANCA"
"26/09/2026";"19:31:16";2026;6259;160002542223;-3;"#NE";1;"BRASILEIRA NATA";-3;"CURITIBA";"47";"N";-1;"#NULO";"3176572.53";"#NE";"N";"-1";"06008695020266160000";"-3";"#NE";"-3";"#NE";"NÃO";"#NULO";-1;"#NULO";"N";"S";-1;-1;"2026-08-07 18:51:01";6;"RENÚNCIA";"-1";"#NULO";"-1";"#NULO";-1;"#NULO";-1;"#NULO";-1;"#NULO";4;"FEMININO";"1";"BRANCA"
"26/09/2026";"19:31:16";2026;6259;160002547656;-3;"#NE";1;"BRASILEIRA NATA";-3;"CURITIBA";"61";"N";0;"NÃO INFORMADA";"4447201.54";"#NE";"S";"-1";"06012791120266160000";"-3";"#NE";"-3";"#NE";"SIM";"Válido";2;"DEFERIDO";"S";"N";-1;-1;"2026-08-11 12:28:43";2;"DEFERIDO";"2";"DEFERIDO";"2";"DEFERIDO";-1;"#NULO";-1;"#NULO";-1;"#NULO";4;"FEMININO";"1";"BRANCA"
"26/09/2026";"19:31:16";2026;6259;160002549555;-3;"#NE";1;"BRASILEIRA NATA";-3;"CURITIBA";"57";"N";0;"NÃO INFORMADA";"4447201.54";"#NE";"S";"-1";"06014619420266160000";"-3";"#NE";"-3";"#NE";"SIM";"Válido";2;"DEFERIDO";"S";"N";-1;-1;"2026-08-12 12:39:21";2;"DEFERIDO";"2";"DEFERIDO";"2";"DEFERIDO";-1;"#NULO";-1;"#NULO";-1;"#NULO";4;"FEMININO";"1";"BRANCA"
"26/09/2026";"19:31:16";2026;6259;160002549530;-3;"#NE";1;"BRASILEIRA NATA";-3;"SANTO ANTÔNIO DO SUDOESTE";"54";"N";0;"NÃO INFORMADA";"3176572.53";"#NE";"S";"-1";"06014818520266160000";"-3";"#NE";"-3";"#NE";"SIM";"Anulado sub judice";4;"INDEFERIDO EM PRAZO RECURSAL OU COM RECURSO";"S";"N";-1;-1;"2026-08-12 12:38:35";4;"INDEFERIDO EM PRAZO RECURSAL OU COM RECURSO";"4";"INDEFERIDO EM PRAZO RECURSAL OU COM RECURSO";"4";"INDEFERIDO EM PRAZO RECURSAL OU COM RECURSO";-1;"#NULO";-1;"#NULO";-1;"#NULO";2;"MASCULINO";"1";"BRANCA"
"26/09/2026";"19:31:16";2026;6259;160002547661;-3;"#NE";1;"BRASILEIRA NATA";-3;"PATO BRANCO";"47";"N";0;"NÃO INFORMADA";"4447201.54";"#NE";"S";"-1";"06012765620266160000";"-3";"#NE";"-3";"#NE";"SIM";"Válido";16;"DEFERIDO COM RECURSO";"S";"N";-1;-1;"2026-08-11 12:31:29";16;"DEFERIDO EM PRAZO RECURSAL OU COM RECURSO";"16";"DEFERIDO COM RECURSO";"16";"DEFERIDO COM RECURSO";-1;"#NULO";-1;"#NULO";-1;"#NULO";2;"MASCULINO";"1";"BRANCA"
"26/09/2026";"19:31:16";2026;6259;160002547466;-3;"#NE";1;"BRASILEIRA NATA";-3;"CURITIBA";"37";"N";0;"NÃO INFORMADA";"3176572.53";"#NE";"S";"-1";"06010886320266160000";"-3";"#NE";"-3";"#NE";"SIM";"Válido";17;"PENDENTE DE JULGAMENTO";"S";"N";-1;-1;"2026-08-11 12:05:18";17;"PENDENTE DE JULGAMENTO";"17";"PENDENTE DE JULGAMENTO";"17";"PENDENTE DE JULGAMENTO";-1;"#NULO";-1;"#NULO";-1;"#NULO";2;"MASCULINO";"1";"BRANCA"
"26/09/2026";"19:31:16";2026;6259;160002547616;-3;"#NE";1;"BRASILEIRA NATA";-3;"SALTO DO LONTRA";"41";"N";0;"NÃO INFORMADA";"1270629.01";"#NE";"S";"-1";"06012505820266160000";"-3";"#NE";"-3";"#NE";"SIM";"Válido";2;"DEFERIDO";"S";"N";-1;-1;"2026-08-11 12:29:53";2;"DEFERIDO";"2";"DEFERIDO";"2";"DEFERIDO";-1;"#NULO";-1;"#NULO";-1;"#NULO";2;"MASCULINO";"1";"BRANCA"
"26/09/2026";"19:31:16";2026;6259;160002547624;-3;"#NE";1;"BRASILEIRA NATA";-3;"CIANORTE";"63";"N";0;"NÃO INFORMADA";"1270629.01";"#NE";"S";"-1";"06012358920266160000";"-3";"#NE";"-3";"#NE";"SIM";"Válido";2;"DEFERIDO";"S";"N";-1;-1;"2026-08-11 12:29:53";2;"DEFERIDO";"2";"DEFERIDO";"2";"DEFERIDO";-1;"#NULO";-1;"#NULO";-1;"#NULO";2;"MASCULINO";"1";"BRANCA"
"26/09/2026";"19:31:16";2026;6259;160002546854;-3;"#NE";1;"BRASILEIRA NATA";-3;"JAGUAPITÃ";"47";"N";0;"NÃO INFORMADA";"1270629.01";"#NE";"N";"-1";"06010643520266160000";"-3";"#NE";"-3";"#NE";"SIM";"Válido";2;"DEFERIDO";"S";"N";-1;-1;"2026-08-11 12:01:37";2;"DEFERIDO";"2";"DEFERIDO";"2";"DEFERIDO";-1;"#NULO";-1;"#NULO";-1;"#NULO";2;"MASCULINO";"1";"BRANCA"
"26/09/2026";"19:31:16";2026;6259;160002546846;-3;"#NE";1;"BRASILEIRA NATA";-3;"UNIÃO DA VITÓRIA";"61";"N";0;"NÃO INFORMADA";"1270629.01";"#NE";"S";"-1";"06010071720266160000";"-3";"#NE";"-3";"#NE";"SIM";"Válido";2;"DEFERIDO";"S";"N";-1;-1;"2026-08-11 11:57:23";2;"DEFERIDO";"2";"DEFERIDO";"2";"DEFERIDO";-1;"#NULO";-1;"#NULO";-1;"#NULO";2;"MASCULINO";"1";"BRANCA"
"26/09/2026";"19:31:16";2026;6259;160002552822;-3;"#NE";1;"BRASILEIRA NATA";-3;"JEQUITINHONHA";"59";"N";-1;"#NULO";"1270629.01";"#NE";"S";"-1";"06016169720266160000";"-3";"#NE";"-3";"#NE";"SIM";"Válido";2;"DEFERIDO";"S";"N";-1;-1;"2026-08-15 13:17:58";2;"DEFERIDO";"2";"DEFERIDO";"2";"DEFERIDO";-1;"#NULO";-1;"#NULO";-1;"#NULO";2;"MASCULINO";"2";"PRETA"
"26/09/2026";"19:31:16";2026;6259;160002540810;-3;"#NE";1;"BRASILEIRA NATA";-3;"GUARATINGUETÁ";"53";"N";0;"NÃO INFORMADA";"3176572.53";"#NE";"S";"-1";"06007794220266160000";"-3";"#NE";"-3";"#NE";"SIM";"Válido";2;"DEFERIDO";"S";"N";-1;-1;"2026-08-07 13:56:41";2;"DEFERIDO";"2";"DEFERIDO";"2";"DEFERIDO";-1;"#NULO";-1;"#NULO";-1;"#NULO";2;"MASCULINO";"1";"BRANCA"
"26/09/2026";"19:31:16";2026;6259;160002540782;-3;"#NE";1;"BRASILEIRA NATA";-3;"IVAIPORÃ";"56";"N";0;"NÃO INFORMADA";"3176572.53";"#NE";"S";"-1";"06007829420266160000";"-3";"#NE";"-3";"#NE";"SIM";"Válido";2;"DEFERIDO";"S";"N";-1;-1;"2026-08-07 13:56:41";2;"DEFERIDO";"2";"DEFERIDO";"2";"DEFERIDO";-1;"#NULO";-1;"#NULO";-1;"#NULO";2;"MASCULINO";"1";"BRANCA"
"26/09/2026";"19:31:16";2026;6259;160002542285;-3;"#NE";1;"BRASILEIRA NATA";-3;"CURITIBA";"44";"N";0;"NÃO INFORMADA";"3176572.53";"#NE";"S";"-1";"06009708720266160000";"-3";"#NE";"-3";"#NE";"SIM";"Válido";2;"DEFERIDO";"S";"N";-1;-1;"2026-08-07 18:52:09";2;"DEFERIDO";"2";"DEFERIDO";"2";"DEFERIDO";-1;"#NULO";-1;"#NULO";-1;"#NULO";4;"FEMININO";"1";"BRANCA"
"26/09/2026";"19:31:16";2026;6259;160002553376;-3;"#NE";1;"BRASILEIRA NATA";-3;"ROLÂNDIA";"53";"N";-1;"#NULO";"3176572.53";"#NE";"N";"-1";"06016966120266160000";"-3";"#NE";"-3";"#NE";"SIM";"Válido";2;"DEFERIDO";"S";"N";-1;-1;"2026-08-15 17:46:06";2;"DEFERIDO";"2";"DEFERIDO";"2";"DEFERIDO";-1;"#NULO";-1;"#NULO";-1;"#NULO";4;"FEMININO";"1";"BRANCA"
"26/09/2026";"19:31:16";2026;6259;160002551026;-3;"#NE";1;"BRASILEIRA NATA";-3;"CURITIBA";"39";"N";0;"NÃO INFORMADA";"3176572.53";"#NE";"S";"-1";"06015398820266160000";"-3";"#NE";"-3";"#NE";"SIM";"Válido";2;"DEFERIDO";"S";"N";-1;-1;"2026-08-13 14:52:35";2;"DEFERIDO";"2";"DEFERIDO";"2";"DEFERIDO";-1;"#NULO";-1;"#NULO";-1;"#NULO";4;"FEMININO";"1";"BRANCA"
"26/09/2026";"19:31:16";2026;6259;160002540769;-3;"#NE";1;"BRASILEIRA NATA";-3;"CURITIBA";"43";"N";-1;"#NULO";"3176572.53";"#NE";"S";"-1";"06007517420266160000";"-3";"#NE";"-3";"#NE";"SIM";"Válido";2;"DEFERIDO";"S";"N";-1;-1;"2026-08-07 13:55:28";2;"DEFERIDO";"2";"DEFERIDO";"2";"DEFERIDO";-1;"#NULO";-1;"#NULO";-1;"#NULO";2;"MASCULINO";"1";"BRANCA"
"26/09/2026";"19:31:16";2026;6259;160002546886;-3;"#NE";1;"BRASILEIRA NATA";-3;"SANTOS";"55";"N";0;"NÃO INFORMADA";"1270629.01";"#NE";"S";"-1";"06010574320266160000";"-3";"#NE";"-3";"#NE";"SIM";"Válido";2;"DEFERIDO";"S";"N";-1;-1;"2026-08-11 12:01:37";2;"DEFERIDO";"2";"DEFERIDO";"2";"DEFERIDO";-1;"#NULO";-1;"#NULO";-1;"#NULO";4;"FEMININO";"3";"PARDA"
"26/09/2026";"19:31:16";2026;6259;160002552816;-3;"#NE";1;"BRASILEIRA NATA";-3;"SÃO JOÃO DO TRIUNFO";"37";"N";0;"NÃO INFORMADA";"1270629.01";"#NE";"S";"-1";"06016299620266160000";"-3";"#NE";"-3";"#NE";"SIM";"Válido";2;"DEFERIDO";"S";"N";-1;-1;"2026-08-15 13:17:58";2;"DEFERIDO";"2";"DEFERIDO";"2";"DEFERIDO";-1;"#NULO";-1;"#NULO";-1;"#NULO";4;"FEMININO";"1";"BRANCA"
"26/09/2026";"19:31:16";2026;6259;160002542291;-3;"#NE";1;"BRASILEIRA NATA";-3;"CASCAVEL";"30";"N";0;"NÃO INFORMADA";"3176572.53";"#NE";"S";"-1";"06009639520266160000";"-3";"#NE";"-3";"#NE";"SIM";"Válido";2;"DEFERIDO";"S";"N";-1;-1;"2026-08-07 18:52:09";2;"DEFERIDO";"2";"DEFERIDO";"2";"DEFERIDO";-1;"#NULO";-1;"#NULO";-1;"#NULO";2;"MASCULINO";"1";"BRANCA"
"26/09/2026";"19:31:16";2026;6259;160002551041;-3;"#NE";1;"BRASILEIRA NATA";-3;"SÃO PAULO";"49";"N";0;"NÃO INFORMADA";"3176572.53";"#NE";"N";"-1";"06015441320266160000";"-3";"#NE";"-3";"#NE";"SIM";"Válido";2;"DEFERIDO";"S";"N";-1;-1;"2026-08-13 14:52:35";2;"DEFERIDO";"2";"DEFERIDO";"2";"DEFERIDO";-1;"#NULO";-1;"#NULO";-1;"#NULO";2;"MASCULINO";"2";"PRETA"
"26/09/2026";"19:31:16";2026;6259;160002532853;-3;"#NE";1;"BRASILEIRA NATA";-3;"GUARAPUAVA";"70";"N";-1;"#NULO";"3176572.53";"#NE";"S";"-1";"06005854220266160000";"-3";"#NE";"-3";"#NE";"SIM";"Válido";2;"DEFERIDO";"S";"N";-1;-1;"2026-07-28 15:24:25";2;"DEFERIDO";"2";"DEFERIDO";"2";"DEFERIDO";-1;"#NULO";-1;"#NULO";-1;"#NULO";4;"FEMININO";"1";"BRANCA"
"26/09/2026";"19:31:16";2026;6259;160002546890;-3;"#NE";1;"BRASILEIRA NATA";-3;"IVAIPORÃ";"52";"N";0;"NÃO INFORMADA";"3176572.53";"#NE";"S";"-1";"06010903320266160000";"-3";"#NE";"-3";"#NE";"SIM";"Válido";2;"DEFERIDO";"S";"N";-1;-1;"2026-08-11 12:05:18";2;"DEFERIDO";"2";"DEFERIDO";"2";"DEFERIDO";-1;"#NULO";-1;"#NULO";-1;"#NULO";4;"FEMININO";"3";"PARDA"
"26/09/2026";"19:31:16";2026;6259;160002542319;-3;"#NE";1;"BRASILEIRA NATA";-3;"FLORESTA";"58";"N";0;"NÃO INFORMADA";"3176572.53";"#NE";"N";"-1";"06009319020266160000";"-3";"#NE";"-3";"#NE";"SIM";"Válido";2;"DEFERIDO";"S";"N";-1;-1;"2026-08-07 18:52:37";2;"DEFERIDO";"2";"DEFERIDO";"2";"DEFERIDO";-1;"#NULO";-1;"#NULO";-1;"#NULO";2;"MASCULINO";"1";"BRANCA"
"26/09/2026";"19:31:16";2026;6259;160002536503;-3;"#NE";1;"BRASILEIRA NATA";-3;"PARANAVAÍ";"61";"N";0;"NÃO INFORMADA";"3176572.53";"#NE";"S";"-1";"06006901920266160000";"-3";"#NE";"-3";"#NE";"SIM";"Válido";2;"DEFERIDO";"S";"N";-1;-1;"2026-08-04 17:55:10";2;"DEFERIDO";"2";"DEFERIDO";"2";"DEFERIDO";-1;"#NULO";-1;"#NULO";-1;"#NULO";2;"MASCULINO";"3";"PARDA"
"26/09/2026";"19:31:16";2026;6259;160002547580;-3;"#NE";1;"BRASILEIRA NATA";-3;"CORNÉLIO PROCÓPIO";"64";"N";-1;"#NULO";"3176572.53";"#NE";"N";"-1";"06011527320266160000";"-3";"#NE";"-3";"#NE";"SIM";"Válido";2;"DEFERIDO";"S";"N";-1;-1;"2026-08-11 12:26:56";2;"DEFERIDO";"2";"DEFERIDO";"2";"DEFERIDO";-1;"#NULO";-1;"#NULO";-1;"#NULO";2;"MASCULINO";"1";"BRANCA"
"26/09/2026";"19:31:16";2026;6259;160002547707;-3;"#NE";1;"BRASILEIRA NATA";-3;"LONDRINA";"60";"N";-1;"#NULO";"3176572.53";"#NE";"S";"-1";"06013440620266160000";"-3";"#NE";"-3";"#NE";"SIM";"Válido";2;"DEFERIDO";"S";"N";-1;-1;"2026-08-11 12:34:01";2;"DEFERIDO";"2";"DEFERIDO";"2";"DEFERIDO";-1;"#NULO";-1;"#NULO";-1;"#NULO";2;"MASCULINO";"2";"PRETA"
"26/09/2026";"19:31:16";2026;6259;160002552803;-3;"#NE";1;"BRASILEIRA NATA";-3;"SÃO JOSÉ DOS PINHAIS";"46";"N";0;"NÃO INFORMADA";"1270629.01";"#NE";"N";"-1";"06016524220266160000";"-3";"#NE";"-3";"#NE";"SIM";"Válido";2;"DEFERIDO";"S";"N";-1;-1;"2026-08-15 13:17:58";2;"DEFERIDO";"2";"DEFERIDO";"2";"DEFERIDO";-1;"#NULO";-1;"#NULO";-1;"#NULO";2;"MASCULINO";"3";"PARDA"
"26/09/2026";"19:31:16";2026;6259;160002547754;-3;"#NE";1;"BRASILEIRA NATA";-3;"CURITIBA";"51";"N";0;"NÃO INFORMADA";"1270629.01";"#NE";"N";"-1";"06013562020266160000";"-3";"#NE";"-3";"#NE";"SIM";"Válido";2;"DEFERIDO";"S";"N";-1;-1;"2026-08-11 12:36:21";2;"DEFERIDO";"2";"DEFERIDO";"2";"DEFERIDO";-1;"#NULO";-1;"#NULO";-1;"#NULO";4;"FEMININO";"3";"PARDA"
"26/09/2026";"19:31:16";2026;6259;160002553384;-3;"#NE";1;"BRASILEIRA NATA";-3;"SÃO MATEUS DO SUL";"45";"N";-1;"#NULO";"1270629.01";"#NE";"N";"-1";"06017217420266160000";"-3";"#NE";"-3";"#NE";"SIM";"Válido";2;"DEFERIDO";"S";"N";-1;-1;"2026-08-15 17:47:33";2;"DEFERIDO";"2";"DEFERIDO";"2";"DEFERIDO";-1;"#NULO";-1;"#NULO";-1;"#NULO";4;"FEMININO";"1";"BRANCA"
"26/09/2026";"19:31:16";2026;6259;160002551153;-3;"#NE";1;"BRASILEIRA NATA";-3;"FOZ DO IGUAÇU";"27";"N";0;"NÃO INFORMADA";"1270629.01";"#NE";"S";"-1";"06015797020266160000";"-3";"#NE";"-3";"#NE";"SIM";"Válido";2;"DEFERIDO";"S";"N";-1;-1;"2026-08-13 14:59:10";2;"DEFERIDO";"2";"DEFERIDO";"2";"DEFERIDO";-1;"#NULO";-1;"#NULO";-1;"#NULO";2;"MASCULINO";"1";"BRANCA"
"26/09/2026";"19:31:16";2026;6259;160002547539;-3;"#NE";1;"BRASILEIRA NATA";-3;"FRANCISCO BELTRÃO";"66";"N";0;"NÃO INFORMADA";"1270629.01";"#NE";"S";"-1";"06011969220266160000";"-3";"#NE";"-3";"#NE";"SIM";"Válido";2;"DEFERIDO";"S";"N";-1;-1;"2026-08-11 12:24:57";2;"DEFERIDO";"2";"DEFERIDO";"2";"DEFERIDO";-1;"#NULO";-1;"#NULO";-1;"#NULO";4;"FEMININO";"1";"BRANCA"
"26/09/2026";"19:31:16";2026;6259;160002547551;-3;"#NE";1;"BRASILEIRA NATA";-3;"CURITIBA";"63";"N";0;"NÃO INFORMADA";"1270629.01";"#NE";"S";"-1";"06011873320266160000";"-3";"#NE";"-3";"#NE";"SIM";"Válido";2;"DEFERIDO";"S";"N";-1;-1;"2026-08-11 12:24:57";2;"DEFERIDO";"2";"DEFERIDO";"2";"DEFERIDO";-1;"#NULO";-1;"#NULO";-1;"#NULO";2;"MASCULINO";"1";"BRANCA"
"26/09/2026";"19:31:16";2026;6259;160002542349;-3;"#NE";1;"BRASILEIRA NATA";-3;"TOLEDO";"28";"N";-1;"#NULO";"1270629.01";"#NE";"N";"-1";"06008894120266160000";"-3";"#NE";"-3";"#NE";"SIM";"Válido";2;"DEFERIDO";"S";"N";-1;-1;"2026-08-07 18:51:36";2;"DEFERIDO";"2";"DEFERIDO";"2";"DEFERIDO";-1;"#NULO";-1;"#NULO";-1;"#NULO";2;"MASCULINO";"1";"BRANCA"
"26/09/2026";"19:31:16";2026;6259;160002542379;-3;"#NE";1;"BRASILEIRA NATA";-3;"CURITIBA";"29";"N";0;"NÃO INFORMADA";"1270629.01";"#NE";"S";"-1";"06009015520266160000";"-3";"#NE";"-3";"#NE";"SIM";"Válido";2;"DEFERIDO";"S";"N";-1;-1;"2026-08-07 18:51:36";2;"DEFERIDO";"2";"DEFERIDO";"2";"DEFERIDO";-1;"#NULO";-1;"#NULO";-1;"#NULO";2;"MASCULINO";"1";"BRANCA"
"26/09/2026";"19:31:16";2026;6259;160002542354;-3;"#NE";1;"BRASILEIRA NATA";-3;"BELO HORIZONTE";"58";"N";0;"NÃO INFORMADA";"1270629.01";"#NE";"S";"-1";"06009067720266160000";"-3";"#NE";"-3";"#NE";"SIM";"Válido";2;"DEFERIDO";"S";"N";-1;-1;"2026-08-07 18:51:36";2;"DEFERIDO";"2";"DEFERIDO";"2";"DEFERIDO";-1;"#NULO";-1;"#NULO";-1;"#NULO";2;"MASCULINO";"1";"BRANCA"
"26/09/2026";"19:31:16";2026;6259;160002542380;-3;"#NE";1;"BRASILEIRA NATA";-3;"CURITIBA";"33";"N";0;"NÃO INFORMADA";"1270629.01";"#NE";"S";"-1";"06009093220266160000";"-3";"#NE";"-3";"#NE";"SIM";"Válido";2;"DEFERIDO";"S";"N";-1;-1;"2026-08-07 18:51:36";2;"DEFERIDO";"2";"DEFERIDO";"2";"DEFERIDO";-1;"#NULO";-1;"#NULO";-1;"#NULO";2;"MASCULINO";"1";"BRANCA"
"26/09/2026";"19:31:16";2026;6259;160002542352;-3;"#NE";1;"BRASILEIRA NATA";-3;"CURITIBA";"54";"N";0;"NÃO INFORMADA";"1270629.01";"#NE";"S";"-1";"06008971820266160000";"-3";"#NE";"-3";"#NE";"SIM";"Válido";2;"DEFERIDO";"S";"N";-1;-1;"2026-08-07 18:51:36";2;"DEFERIDO";"2";"DEFERIDO";"2";"DEFERIDO";-1;"#NULO";-1;"#NULO";-1;"#NULO";2;"MASCULINO";"1";"BRANCA"
"26/09/2026";"19:31:16";2026;6259;160002542267;-3;"#NE";1;"BRASILEIRA NATA";-3;"CURITIBA";"52";"N";-1;"#NULO";"1270629.01";"#NE";"S";"-1";"06008001820266160000";"-3";"#NE";"-3";"#NE";"SIM";"Válido";2;"DEFERIDO";"S";"N";-1;-1;"2026-08-07 18:50:23";2;"DEFERIDO";"2";"DEFERIDO";"2";"DEFERIDO";-1;"#NULO";-1;"#NULO";-1;"#NULO";2;"MASCULINO";"3";"PARDA"
"26/09/2026";"19:31:16";2026;6259;160002542269;-3;"#NE";1;"BRASILEIRA NATA";-3;"PONTA GROSSA";"34";"N";0;"NÃO INFORMADA";"1270629.01";"#NE";"N";"-1";"06008548120266160000";"-3";"#NE";"-3";"#NE";"SIM";"Válido";2;"DEFERIDO";"S";"N";-1;-1;"2026-08-07 18:50:23";2;"DEFERIDO";"2";"DEFERIDO";"2";"DEFERIDO";-1;"#NULO";-1;"#NULO";-1;"#NULO";2;"MASCULINO";"1";"BRANCA"
"26/09/2026";"19:31:16";2026;6259;160002542264;-3;"#NE";1;"BRASILEIRA NATA";-3;"TERRA ROXA";"48";"N";-1;"#NULO";"1270629.01";"#NE";"S";"-1";"06008131720266160000";"-3";"#NE";"-3";"#NE";"SIM";"Válido";2;"DEFERIDO";"S";"N";-1;-1;"2026-08-07 18:50:23";2;"DEFERIDO";"2";"DEFERIDO";"2";"DEFERIDO";-1;"#NULO";-1;"#NULO";-1;"#NULO";2;"MASCULINO";"1";"BRANCA"
"26/09/2026";"19:31:16";2026;6259;160002542271;-3;"#NE";1;"BRASILEIRA NATA";-3;"FOZ DO IGUAÇU";"45";"N";0;"NÃO INFORMADA";"1270629.01";"#NE";"N";"-1";"06008357520266160000";"-3";"#NE";"-3";"#NE";"SIM";"Válido";2;"DEFERIDO";"S";"N";-1;-1;"2026-08-07 18:50:23";2;"DEFERIDO";"2";"DEFERIDO";"2";"DEFERIDO";-1;"#NULO";-1;"#NULO";-1;"#NULO";2;"MASCULINO";"2";"PRETA"
"26/09/2026";"19:31:16";2026;6259;160002542262;-3;"#NE";1;"BRASILEIRA NATA";-3;"LONDRINA";"47";"N";-1;"#NULO";"1270629.01";"#NE";"S";"-1";"06008227620266160000";"-3";"#NE";"-3";"#NE";"SIM";"Válido";2;"DEFERIDO";"S";"N";-1;-1;"2026-08-07 18:50:23";2;"DEFERIDO";"2";"DEFERIDO";"2";"DEFERIDO";-1;"#NULO";-1;"#NULO";-1;"#NULO";2;"MASCULINO";"2";"PRETA"
"26/09/2026";"19:31:16";2026;6259;160002542278;-3;"#NE";1;"BRASILEIRA NATA";-3;"IEPÊ";"71";"N";-1;"#NULO";"1270629.01";"#NE";"N";"-1";"06008608820266160000";"-3";"#NE";"-3";"#NE";"SIM";"Válido";2;"DEFERIDO";"S";"N";-1;-1;"2026-08-07 18:50:23";2;"DEFERIDO";"2";"DEFERIDO";"2";"DEFERIDO";-1;"#NULO";-1;"#NULO";-1;"#NULO";2;"MASCULINO";"1";"BRANCA"
"26/09/2026";"19:31:16";2026;6259;160002533487;-3;"#NE";1;"BRASILEIRA NATA";-3;"BLUMENAU";"48";"N";0;"NÃO INFORMADA";"1270629.01";"#NE";"S";"-1";"06006279120266160000";"-3";"#NE";"-3";"#NE";"SIM";"Válido";2;"DEFERIDO";"S";"N";-1;-1;"2026-07-29 17:41:27";2;"DEFERIDO";"2";"DEFERIDO";"2";"DEFERIDO";-1;"#NULO";-1;"#NULO";-1;"#NULO";2;"MASCULINO";"3";"PARDA"
"26/09/2026";"19:31:16";2026;6259;160002533451;-3;"#NE";1;"BRASILEIRA NATA";-3;"MARINGÁ";"35";"N";0;"NÃO INFORMADA";"1270629.01";"#NE";"S";"-1";"06006520720266160000";"-3";"#NE";"-3";"#NE";"SIM";"Válido";2;"DEFERIDO";"S";"N";-1;-1;"2026-07-29 17:41:27";2;"DEFERIDO";"2";"DEFERIDO";"2";"DEFERIDO";-1;"#NULO";-1;"#NULO";-1;"#NULO";4;"FEMININO";"1";"BRANCA"
"26/09/2026";"19:31:16";2026;6259;160002547491;-3;"#NE";1;"BRASILEIRA NATA";-3;"ARAPIRACA";"52";"N";0;"NÃO INFORMADA";"1270629.01";"#NE";"S";"-1";"06011328220266160000";"-3";"#NE";"-3";"#NE";"SIM";"Válido";2;"DEFERIDO";"S";"N";-1;-1;"2026-08-11 12:24:00";2;"DEFERIDO";"2";"DEFERIDO";"2";"DEFERIDO";-1;"#NULO";-1;"#NULO";-1;"#NULO";2;"MASCULINO";"3";"PARDA"
"26/09/2026";"19:31:16";2026;6259;160002547523;-3;"#NE";1;"BRASILEIRA NATA";-3;"CURITIBA";"63";"N";0;"NÃO INFORMADA";"1270629.01";"#NE";"S";"-1";"06011240820266160000";"-3";"#NE";"-3";"#NE";"SIM";"Válido";2;"DEFERIDO";"S";"N";-1;-1;"2026-08-11 12:24:00";2;"DEFERIDO";"2";"DEFERIDO";"2";"DEFERIDO";-1;"#NULO";-1;"#NULO";-1;"#NULO";2;"MASCULINO";"2";"PRETA"
"26/09/2026";"19:31:16";2026;6259;160002552561;-3;"#NE";1;"BRASILEIRA NATA";-3;"PITANGA";"54";"N";-1;"#NULO";"-1";"#NE";"S";"-1";"06016637120266160000";"-3";"#NE";"-3";"#NE";"SIM";"#NULO";4;"INDEFERIDO EM PRAZO RECURSAL OU COM RECURSO";"N";"N";-1;-1;"2026-08-15 13:21:34";4;"INDEFERIDO EM PRAZO RECURSAL OU COM RECURSO";"4";"INDEFERIDO EM PRAZO RECURSAL OU COM RECURSO";"4";"INDEFERIDO EM PRAZO RECURSAL OU COM RECURSO";-1;"#NULO";-1;"#NULO";-1;"#NULO";2;"MASCULINO";"2";"PRETA"
"26/09/2026";"19:31:16";2026;6259;160002554285;-3;"#NE";1;"BRASILEIRA NATA";-3;"PONTA GROSSA";"48";"N";0;"NÃO INFORMADA";"1270629.01";"#NE";"N";"-1";"06019148920266160000";"-3";"#NE";"-3";"#NE";"SIM";"Nulo técnico";14;"INDEFERIDO";"S";"N";-1;-1;"2026-08-25 19:29:09";14;"INDEFERIDO";"14";"INDEFERIDO";"4";"INDEFERIDO EM PRAZO RECURSAL OU COM RECURSO";-1;"#NULO";-1;"#NULO";-1;"#NULO";-1;"#NULO";"-1";"#NULO"
"26/09/2026";"19:31:16";2026;6259;160002554129;-3;"#NE";1;"BRASILEIRA NATA";-3;"FOZ DO IGUAÇU";"43";"N";-1;"#NULO";"3176572.53";"#NE";"N";"-1";"06018074520266160000";"-3";"#NE";"-3";"#NE";"SIM";"Nulo técnico";14;"INDEFERIDO";"N";"N";-1;-1;"2026-08-20 11:07:31";14;"INDEFERIDO";"14";"INDEFERIDO";"4";"INDEFERIDO EM PRAZO RECURSAL OU COM RECURSO";-1;"#NULO";-1;"#NULO";-1;"#NULO";-1;"#NULO";"-1";"#NULO"
"26/09/2026";"19:31:16";2026;6259;160002547954;-3;"#NE";1;"BRASILEIRA NATA";-3;"CURITIBA";"27";"N";-1;"#NULO";"1270629.01";"#NE";"S";"-1";"06014194520266160000";"-3";"#NE";"-3";"#NE";"SIM";"Válido";16;"DEFERIDO COM RECURSO";"S";"N";-1;-1;"2026-08-11 12:36:56";16;"DEFERIDO EM PRAZO RECURSAL OU COM RECURSO";"16";"DEFERIDO COM RECURSO";"4";"INDEFERIDO EM PRAZO RECURSAL OU COM RECURSO";-1;"#NULO";-1;"#NULO";-1;"#NULO";2;"MASCULINO";"1";"BRANCA"
"26/09/2026";"19:31:16";2026;6259;160002554481;-3;"#NE";1;"BRASILEIRA NATA";-3;"BRASÍLIA";"37";"N";-1;"#NULO";"3176572.53";"#NE";"N";"-1";"06032875820266160000";"-3";"#NE";"-3";"#NE";"SIM";"Válido";16;"DEFERIDO COM RECURSO";"S";"N";160002547566;-1;"2026-09-14 22:47:53";16;"DEFERIDO EM PRAZO RECURSAL OU COM RECURSO";"16";"DEFERIDO COM RECURSO";"17";"PENDENTE DE JULGAMENTO";-1;"#NULO";-1;"#NULO";-1;"#NULO";-1;"#NULO";"-1";"#NULO"
"26/09/2026";"19:31:16";2026;6259;160002546875;-3;"#NE";1;"BRASILEIRA NATA";-3;"CURITIBA";"66";"N";0;"NÃO INFORMADA";"1270629.01";"#NE";"N";"-1";"06010660520266160000";"-3";"#NE";"-3";"#NE";"SIM";"Válido";17;"PENDENTE DE JULGAMENTO";"S";"N";-1;-1;"2026-08-11 12:01:37";17;"PENDENTE DE JULGAMENTO";"17";"PENDENTE DE JULGAMENTO";"17";"PENDENTE DE JULGAMENTO";-1;"#NULO";-1;"#NULO";-1;"#NULO";2;"MASCULINO";"1";"BRANCA"
"26/09/2026";"19:31:16";2026;6259;160002533483;-3;"#NE";1;"BRASILEIRA NATA";-3;"TELÊMACO BORBA";"55";"N";-1;"#NULO";"1270629.01";"#NE";"S";"-1";"06006243920266160000";"-3";"#NE";"-3";"#NE";"NÃO";"#NULO";-1;"#NULO";"N";"S";-1;-1;"2026-07-29 17:41:27";6;"RENÚNCIA";"-1";"#NULO";"-1";"#NULO";-1;"#NULO";-1;"#NULO";-1;"#NULO";4;"FEMININO";"1";"BRANCA"
"26/09/2026";"19:31:16";2026;6259;160002546807;-3;"#NE";1;"BRASILEIRA NATA";-3;"LONDRINA";"35";"N";-1;"#NULO";"1270629.01";"#NE";"S";"-1";"06010331520266160000";"-3";"#NE";"-3";"#NE";"NÃO";"#NULO";-1;"#NULO";"N";"N";-1;-1;"2026-08-11 11:57:23";6;"RENÚNCIA";"-1";"#NULO";"-1";"#NULO";-1;"#NULO";-1;"#NULO";-1;"#NULO";2;"MASCULINO";"1";"BRANCA"
"26/09/2026";"19:31:16";2026;6259;160002549552;-3;"#NE";1;"BRASILEIRA NATA";-3;"CURITIBA";"70";"N";0;"NÃO INFORMADA";"-1";"#NE";"S";"-1";"06014601220266160000";"-3";"#NE";"-3";"#NE";"SIM";"#NULO";2;"DEFERIDO";"N";"N";-1;-1;"2026-08-12 12:36:48";2;"DEFERIDO";"2";"DEFERIDO";"2";"DEFERIDO";-1;"#NULO";-1;"#NULO";-1;"#NULO";2;"MASCULINO";"1";"BRANCA"
"26/09/2026";"19:31:16";2026;6259;160002549506;-3;"#NE";1;"BRASILEIRA NATA";-3;"CURITIBA";"37";"N";-1;"#NULO";"1270629.01";"#NE";"S";"-1";"06014471320266160000";"-3";"#NE";"-3";"#NE";"SIM";"Válido";2;"DEFERIDO";"S";"N";-1;-1;"2026-08-12 12:34:54";2;"DEFERIDO";"2";"DEFERIDO";"2";"DEFERIDO";-1;"#NULO";-1;"#NULO";-1;"#NULO";4;"FEMININO";"3";"PARDA"
"26/09/2026";"19:31:16";2026;6259;160002547641;-3;"#NE";1;"BRASILEIRA NATA";-3;"TENENTE PORTELA";"44";"N";0;"NÃO INFORMADA";"1270629.01";"#NE";"S";"-1";"06012254520266160000";"-3";"#NE";"-3";"#NE";"SIM";"Válido";2;"DEFERIDO";"S";"N";-1;-1;"2026-08-11 12:29:53";2;"DEFERIDO";"2";"DEFERIDO";"2";"DEFERIDO";-1;"#NULO";-1;"#NULO";-1;"#NULO";2;"MASCULINO";"1";"BRANCA"
"26/09/2026";"19:31:16";2026;6259;160002547633;-3;"#NE";1;"BRASILEIRA NATA";-3;"CURITIBA";"47";"N";0;"NÃO INFORMADA";"1270629.01";"#NE";"S";"-1";"06012592020266160000";"-3";"#NE";"-3";"#NE";"SIM";"Válido";2;"DEFERIDO";"S";"N";-1;-1;"2026-08-11 12:29:53";2;"DEFERIDO";"2";"DEFERIDO";"2";"DEFERIDO";-1;"#NULO";-1;"#NULO";-1;"#NULO";4;"FEMININO";"1";"BRANCA"
"26/09/2026";"19:31:16";2026;6259;160002547605;-3;"#NE";1;"BRASILEIRA NATA";-3;"LONDRINA";"34";"N";0;"NÃO INFORMADA";"1270629.01";"#NE";"S";"-1";"06012600520266160000";"-3";"#NE";"-3";"#NE";"SIM";"Válido";2;"DEFERIDO";"S";"N";-1;-1;"2026-08-11 12:29:53";2;"DEFERIDO";"2";"DEFERIDO";"2";"DEFERIDO";-1;"#NULO";-1;"#NULO";-1;"#NULO";4;"FEMININO";"1";"BRANCA"
"26/09/2026";"19:31:16";2026;6259;160002546880;-3;"#NE";1;"BRASILEIRA NATA";-3;"LUCÉLIA";"71";"N";0;"NÃO INFORMADA";"1270629.01";"#NE";"N";"-1";"06010461420266160000";"-3";"#NE";"-3";"#NE";"SIM";"Válido";2;"DEFERIDO";"S";"N";-1;-1;"2026-08-11 12:01:37";2;"DEFERIDO";"2";"DEFERIDO";"2";"DEFERIDO";-1;"#NULO";-1;"#NULO";-1;"#NULO";2;"MASCULINO";"1";"BRANCA"
"26/09/2026";"19:31:16";2026;6259;160002547540;-3;"#NE";1;"BRASILEIRA NATA";-3;"GUARAPUAVA";"49";"N";0;"NÃO INFORMADA";"1270629.01";"#NE";"S";"-1";"06011856320266160000";"-3";"#NE";"-3";"#NE";"SIM";"Válido";2;"DEFERIDO";"S";"N";-1;-1;"2026-08-11 12:24:57";2;"DEFERIDO";"2";"DEFERIDO";"2";"DEFERIDO";-1;"#NULO";-1;"#NULO";-1;"#NULO";2;"MASCULINO";"3";"PARDA"
"26/09/2026";"19:31:16";2026;6259;160002542367;-3;"#NE";1;"BRASILEIRA NATA";-3;"MARINGÁ";"46";"N";0;"NÃO INFORMADA";"1270629.01";"#NE";"S";"-1";"06009032520266160000";"-3";"#NE";"-3";"#NE";"SIM";"Válido";2;"DEFERIDO";"S";"N";-1;-1;"2026-08-07 18:51:36";2;"DEFERIDO";"2";"DEFERIDO";"2";"DEFERIDO";-1;"#NULO";-1;"#NULO";-1;"#NULO";2;"MASCULINO";"3";"PARDA"
"26/09/2026";"19:31:16";2026;6259;160002542360;-3;"#NE";1;"BRASILEIRA NATA";-3;"PARANAGUÁ";"49";"N";0;"NÃO INFORMADA";"1270629.01";"#NE";"N";"-1";"06008885620266160000";"-3";"#NE";"-3";"#NE";"SIM";"Válido";2;"DEFERIDO";"S";"N";-1;-1;"2026-08-07 18:51:36";2;"DEFERIDO";"2";"DEFERIDO";"2";"DEFERIDO";-1;"#NULO";-1;"#NULO";-1;"#NULO";2;"MASCULINO";"1";"BRANCA"
"26/09/2026";"19:31:16";2026;6259;160002542245;-3;"#NE";1;"BRASILEIRA NATA";-3;"PLANALTO";"55";"N";-1;"#NULO";"1270629.01";"#NE";"S";"-1";"06008183920266160000";"-3";"#NE";"-3";"#NE";"SIM";"Válido";2;"DEFERIDO";"S";"N";-1;-1;"2026-08-07 18:50:23";2;"DEFERIDO";"2";"DEFERIDO";"2";"DEFERIDO";-1;"#NULO";-1;"#NULO";-1;"#NULO";2;"MASCULINO";"1";"BRANCA"
"26/09/2026";"19:31:16";2026;6259;160002542260;-3;"#NE";1;"BRASILEIRA NATA";-3;"TOLEDO";"53";"N";0;"NÃO INFORMADA";"1270629.01";"#NE";"S";"-1";"06008244620266160000";"-3";"#NE";"-3";"#NE";"SIM";"Válido";2;"DEFERIDO";"S";"N";-1;-1;"2026-08-07 18:50:23";2;"DEFERIDO";"2";"DEFERIDO";"2";"DEFERIDO";-1;"#NULO";-1;"#NULO";-1;"#NULO";4;"FEMININO";"1";"BRANCA"
"26/09/2026";"19:31:16";2026;6259;160002542280;-3;"#NE";1;"BRASILEIRA NATA";-3;"PALMA SOLA";"40";"N";0;"NÃO INFORMADA";"1270629.01";"#NE";"S";"-1";"06008582120266160000";"-3";"#NE";"-3";"#NE";"SIM";"Válido";2;"DEFERIDO";"S";"N";-1;-1;"2026-08-07 18:50:23";2;"DEFERIDO";"2";"DEFERIDO";"2";"DEFERIDO";-1;"#NULO";-1;"#NULO";-1;"#NULO";2;"MASCULINO";"1";"BRANCA"
"26/09/2026";"19:31:16";2026;6259;160002533467;-3;"#NE";1;"BRASILEIRA NATA";-3;"ARAPOTI";"32";"N";0;"NÃO INFORMADA";"1270629.01";"#NE";"S";"-1";"06006495220266160000";"-3";"#NE";"-3";"#NE";"SIM";"Válido";2;"DEFERIDO";"S";"N";-1;-1;"2026-07-29 17:41:27";2;"DEFERIDO";"2";"DEFERIDO";"2";"DEFERIDO";-1;"#NULO";-1;"#NULO";-1;"#NULO";2;"MASCULINO";"1";"BRANCA"
"26/09/2026";"19:31:16";2026;6259;160002533459;-3;"#NE";1;"BRASILEIRA NATA";-3;"PONTA GROSSA";"57";"N";0;"NÃO INFORMADA";"1270629.01";"#NE";"N";"-1";"06006373820266160000";"-3";"#NE";"-3";"#NE";"SIM";"Válido";2;"DEFERIDO";"S";"N";-1;-1;"2026-07-29 17:41:27";2;"DEFERIDO";"2";"DEFERIDO";"2";"DEFERIDO";-1;"#NULO";-1;"#NULO";-1;"#NULO";2;"MASCULINO";"2";"PRETA"
"26/09/2026";"19:31:16";2026;6259;160002547515;-3;"#NE";1;"BRASILEIRA NATA";-3;"CASCAVEL";"47";"N";0;"NÃO INFORMADA";"1270629.01";"#NE";"S";"-1";"06011345220266160000";"-3";"#NE";"-3";"#NE";"SIM";"Válido";2;"DEFERIDO";"S";"N";-1;-1;"2026-08-11 12:24:00";2;"DEFERIDO";"2";"DEFERIDO";"2";"DEFERIDO";-1;"#NULO";-1;"#NULO";-1;"#NULO";2;"MASCULINO";"3";"PARDA"
"26/09/2026";"19:31:16";2026;6259;160002551121;-3;"#NE";1;"BRASILEIRA NATA";-3;"PELOTAS";"46";"N";0;"NÃO INFORMADA";"4447201.54";"#NE";"S";"-1";"06015493520266160000";"-3";"#NE";"-3";"#NE";"SIM";"Válido";2;"DEFERIDO";"S";"N";-1;-1;"2026-08-13 14:56:25";2;"DEFERIDO";"2";"DEFERIDO";"2";"DEFERIDO";-1;"#NULO";-1;"#NULO";-1;"#NULO";4;"FEMININO";"1";"BRANCA"
"26/09/2026";"19:31:16";2026;6259;160002547658;-3;"#NE";1;"BRASILEIRA NATA";-3;"ROLÂNDIA";"76";"N";0;"NÃO INFORMADA";"4447201.54";"#NE";"S";"-1";"06013337420266160000";"-3";"#NE";"-3";"#NE";"SIM";"Válido";2;"DEFERIDO";"S";"N";-1;-1;"2026-08-11 12:28:43";2;"DEFERIDO";"2";"DEFERIDO";"2";"DEFERIDO";-1;"#NULO";-1;"#NULO";-1;"#NULO";2;"MASCULINO";"1";"BRANCA"
"26/09/2026";"19:31:16";2026;6259;160002549550;-3;"#NE";1;"BRASILEIRA NATA";-3;"SÃO PAULO";"42";"N";0;"NÃO INFORMADA";"3176572.53";"#NE";"S";"-1";"06014783320266160000";"-3";"#NE";"-3";"#NE";"SIM";"Válido";2;"DEFERIDO";"S";"N";-1;-1;"2026-08-12 12:38:35";2;"DEFERIDO";"2";"DEFERIDO";"2";"DEFERIDO";-1;"#NULO";-1;"#NULO";-1;"#NULO";2;"MASCULINO";"1";"BRANCA"
"26/09/2026";"19:31:16";2026;6259;160002549528;-3;"#NE";1;"BRASILEIRA NATA";-3;"ASSAÍ";"60";"N";-1;"#NULO";"3176572.53";"#NE";"S";"-1";"06014697120266160000";"-3";"#NE";"-3";"#NE";"SIM";"Válido";2;"DEFERIDO";"S";"N";-1;-1;"2026-08-12 12:38:35";2;"DEFERIDO";"2";"DEFERIDO";"2";"DEFERIDO";-1;"#NULO";-1;"#NULO";-1;"#NULO";2;"MASCULINO";"1";"BRANCA"
"26/09/2026";"19:31:16";2026;6259;160002549503;-3;"#NE";1;"BRASILEIRA NATA";-3;"FLÓRIDA";"58";"N";-1;"#NULO";"1270629.01";"#NE";"S";"-1";"06014506520266160000";"-3";"#NE";"-3";"#NE";"SIM";"Válido";2;"DEFERIDO";"S";"N";-1;-1;"2026-08-12 12:34:54";2;"DEFERIDO";"2";"DEFERIDO";"2";"DEFERIDO";-1;"#NULO";-1;"#NULO";-1;"#NULO";2;"MASCULINO";"1";"BRANCA"
"26/09/2026";"19:31:16";2026;6259;160002549512;-3;"#NE";1;"BRASILEIRA NATA";-3;"CURITIBA";"53";"N";-1;"#NULO";"1270629.01";"#NE";"S";"-1";"06014462820266160000";"-3";"#NE";"-3";"#NE";"SIM";"Válido";2;"DEFERIDO";"S";"N";-1;-1;"2026-08-12 12:34:54";2;"DEFERIDO";"2";"DEFERIDO";"2";"DEFERIDO";-1;"#NULO";-1;"#NULO";-1;"#NULO";2;"MASCULINO";"1";"BRANCA"
"26/09/2026";"19:31:16";2026;6259;160002547596;-3;"#NE";1;"BRASILEIRA NATA";-3;"IMPERATRIZ";"38";"N";-1;"#NULO";"1270629.01";"#NE";"S";"-1";"06012488820266160000";"-3";"#NE";"-3";"#NE";"SIM";"Válido";2;"DEFERIDO";"S";"N";-1;-1;"2026-08-11 12:29:53";2;"DEFERIDO";"2";"DEFERIDO";"2";"DEFERIDO";-1;"#NULO";-1;"#NULO";-1;"#NULO";4;"FEMININO";"3";"PARDA"
"26/09/2026";"19:31:16";2026;6259;160002547610;-3;"#NE";1;"BRASILEIRA NATA";-3;"PALMITAL";"57";"N";0;"NÃO INFORMADA";"1270629.01";"#NE";"S";"-1";"06012237520266160000";"-3";"#NE";"-3";"#NE";"SIM";"Válido";2;"DEFERIDO";"S";"N";-1;-1;"2026-08-11 12:29:53";2;"DEFERIDO";"2";"DEFERIDO";"2";"DEFERIDO";-1;"#NULO";-1;"#NULO";-1;"#NULO";2;"MASCULINO";"1";"BRANCA"
"26/09/2026";"19:31:16";2026;6259;160002547646;-3;"#NE";1;"BRASILEIRA NATA";-3;"PORTO ALEGRE";"52";"N";0;"NÃO INFORMADA";"1270629.01";"#NE";"S";"-1";"06012229020266160000";"-3";"#NE";"-3";"#NE";"SIM";"Válido";2;"DEFERIDO";"S";"N";-1;-1;"2026-08-11 12:29:53";2;"DEFERIDO";"2";"DEFERIDO";"2";"DEFERIDO";-1;"#NULO";-1;"#NULO";-1;"#NULO";2;"MASCULINO";"1";"BRANCA"
"26/09/2026";"19:31:16";2026;6259;160002548032;-3;"#NE";1;"BRASILEIRA NATA";-3;"CARLÓPOLIS";"46";"N";0;"NÃO INFORMADA";"1270629.01";"#NE";"N";"-1";"06014359620266160000";"-3";"#NE";"-3";"#NE";"SIM";"Válido";2;"DEFERIDO";"S";"N";-1;-1;"2026-08-11 14:03:32";2;"DEFERIDO";"2";"DEFERIDO";"2";"DEFERIDO";-1;"#NULO";-1;"#NULO";-1;"#NULO";4;"FEMININO";"1";"BRANCA"
"26/09/2026";"19:31:16";2026;6259;160002546847;-3;"#NE";1;"BRASILEIRA NATA";-3;"CRISSIUMAL";"65";"N";0;"NÃO INFORMADA";"1270629.01";"#NE";"S";"-1";"06010002520266160000";"-3";"#NE";"-3";"#NE";"SIM";"Válido";2;"DEFERIDO";"S";"N";-1;-1;"2026-08-11 11:57:23";2;"DEFERIDO";"2";"DEFERIDO";"2";"DEFERIDO";-1;"#NULO";-1;"#NULO";-1;"#NULO";4;"FEMININO";"1";"BRANCA"
"26/09/2026";"19:31:16";2026;6259;160002552820;-3;"#NE";1;"BRASILEIRA NATA";-3;"MANGUEIRINHA";"52";"N";0;"NÃO INFORMADA";"1270629.01";"#NE";"S";"-1";"06016109020266160000";"-3";"#NE";"-3";"#NE";"SIM";"Válido";2;"DEFERIDO";"S";"N";-1;-1;"2026-08-15 13:17:58";2;"DEFERIDO";"2";"DEFERIDO";"2";"DEFERIDO";-1;"#NULO";-1;"#NULO";-1;"#NULO";2;"MASCULINO";"3";"PARDA"
"26/09/2026";"19:31:16";2026;6259;160002554273;-3;"#NE";1;"BRASILEIRA NATA";-3;"SÃO PAULO";"51";"N";0;"NÃO INFORMADA";"3176572.53";"#NE";"N";"-1";"06019321320266160000";"-3";"#NE";"-3";"#NE";"SIM";"Válido";2;"DEFERIDO";"S";"N";160002547719;-1;"2026-08-27 20:48:12";2;"DEFERIDO";"2";"DEFERIDO";"2";"DEFERIDO";-1;"#NULO";-1;"#NULO";-1;"#NULO";-1;"#NULO";"-1";"#NULO"
"26/09/2026";"19:31:16";2026;6259;160002549540;-3;"#NE";1;"BRASILEIRA NATA";-3;"LONDRINA";"34";"N";0;"NÃO INFORMADA";"3176572.53";"#NE";"S";"-1";"06014835520266160000";"-3";"#NE";"-3";"#NE";"SIM";"Válido";2;"DEFERIDO";"S";"N";-1;-1;"2026-08-12 12:38:35";2;"DEFERIDO";"2";"DEFERIDO";"2";"DEFERIDO";-1;"#NULO";-1;"#NULO";-1;"#NULO";2;"MASCULINO";"1";"BRANCA"
"26/09/2026";"19:31:16";2026;6259;160002542295;-3;"#NE";1;"BRASILEIRA NATA";-3;"CAMBÉ";"60";"N";-1;"#NULO";"3176572.53";"#NE";"N";"-1";"06009725720266160000";"-3";"#NE";"-3";"#NE";"SIM";"Válido";2;"DEFERIDO";"S";"N";-1;-1;"2026-08-07 18:52:09";2;"DEFERIDO";"2";"DEFERIDO";"2";"DEFERIDO";-1;"#NULO";-1;"#NULO";-1;"#NULO";2;"MASCULINO";"1";"BRANCA"
"26/09/2026";"19:31:16";2026;6259;160002551022;-3;"#NE";2;"BRASILEIRA (NATURALIZADA)";-3;"ARAPONGAS";"32";"N";0;"NÃO INFORMADA";"3176572.53";"#NE";"S";"-1";"06015380620266160000";"-3";"#NE";"-3";"#NE";"SIM";"Válido";2;"DEFERIDO";"S";"N";-1;-1;"2026-08-13 14:52:35";2;"DEFERIDO";"2";"DEFERIDO";"2";"DEFERIDO";-1;"#NULO";-1;"#NULO";-1;"#NULO";2;"MASCULINO";"1";"BRANCA"
"26/09/2026";"19:31:16";2026;6259;160002550999;-3;"#NE";1;"BRASILEIRA NATA";-3;"SANTO ANTÔNIO DA PLATINA";"27";"N";-1;"#NULO";"3176572.53";"#NE";"S";"-1";"06015086820266160000";"-3";"#NE";"-3";"#NE";"SIM";"Válido";2;"DEFERIDO";"S";"N";-1;-1;"2026-08-13 14:50:08";2;"DEFERIDO";"2";"DEFERIDO";"2";"DEFERIDO";-1;"#NULO";-1;"#NULO";-1;"#NULO";2;"MASCULINO";"1";"BRANCA"
"26/09/2026";"19:31:16";2026;6259;160002532861;-3;"#NE";1;"BRASILEIRA NATA";-3;"PRESIDENTE CASTELO BRANCO";"62";"N";0;"NÃO INFORMADA";"3176572.53";"#NE";"S";"-1";"06005889420266160000";"-3";"#NE";"-3";"#NE";"SIM";"Válido";2;"DEFERIDO";"S";"N";-1;-1;"2026-07-28 15:24:25";2;"DEFERIDO";"2";"DEFERIDO";"2";"DEFERIDO";-1;"#NULO";-1;"#NULO";-1;"#NULO";4;"FEMININO";"1";"BRANCA"
"26/09/2026";"19:31:16";2026;6259;160002547461;-3;"#NE";1;"BRASILEIRA NATA";-3;"CURITIBA";"47";"N";0;"NÃO INFORMADA";"3176572.53";"#NE";"S";"-1";"06010756420266160000";"-3";"#NE";"-3";"#NE";"SIM";"Válido";2;"DEFERIDO";"S";"N";-1;-1;"2026-08-11 12:05:18";2;"DEFERIDO";"2";"DEFERIDO";"2";"DEFERIDO";-1;"#NULO";-1;"#NULO";-1;"#NULO";4;"FEMININO";"1";"BRANCA"
"26/09/2026";"19:31:16";2026;6259;160002542341;-3;"#NE";1;"BRASILEIRA NATA";-3;"CAMBARÁ";"56";"N";-1;"#NULO";"3176572.53";"#NE";"S";"-1";"06009482920266160000";"-3";"#NE";"-3";"#NE";"SIM";"Válido";2;"DEFERIDO";"S";"N";-1;-1;"2026-08-07 18:52:37";2;"DEFERIDO";"2";"DEFERIDO";"2";"DEFERIDO";-1;"#NULO";-1;"#NULO";-1;"#NULO";2;"MASCULINO";"1";"BRANCA"
"26/09/2026";"19:31:16";2026;6259;160002552139;-3;"#NE";1;"BRASILEIRA NATA";-3;"JOAÇABA";"61";"N";-1;"#NULO";"3176572.53";"#NE";"S";"-1";"06016048320266160000";"-3";"#NE";"-3";"#NE";"SIM";"Válido";2;"DEFERIDO";"S";"N";-1;-1;"2026-08-14 16:06:32";2;"DEFERIDO";"2";"DEFERIDO";"2";"DEFERIDO";-1;"#NULO";-1;"#NULO";-1;"#NULO";2;"MASCULINO";"3";"PARDA"
"26/09/2026";"19:31:16";2026;6259;160002547715;-3;"#NE";1;"BRASILEIRA NATA";-3;"CAMPO MOURÃO";"30";"N";0;"NÃO INFORMADA";"3176572.53";"#NE";"S";"-1";"06013302220266160000";"-3";"#NE";"-3";"#NE";"SIM";"Válido";2;"DEFERIDO";"S";"N";-1;-1;"2026-08-11 12:34:01";2;"DEFERIDO";"2";"DEFERIDO";"2";"DEFERIDO";-1;"#NULO";-1;"#NULO";-1;"#NULO";2;"MASCULINO";"3";"PARDA"
"26/09/2026";"19:31:16";2026;6259;160002552797;-3;"#NE";1;"BRASILEIRA NATA";-3;"APUCARANA";"59";"S";-1;"#NULO";"1270629.01";"#NE";"S";"-1";"06016455020266160000";"-3";"#NE";"-3";"#NE";"SIM";"Válido";2;"DEFERIDO";"S";"N";-1;-1;"2026-08-15 13:17:58";2;"DEFERIDO";"2";"DEFERIDO";"2";"DEFERIDO";-1;"#NULO";-1;"#NULO";-1;"#NULO";2;"MASCULINO";"2";"PRETA"
"26/09/2026";"19:31:16";2026;6259;160002547688;-3;"#NE";1;"BRASILEIRA NATA";-3;"CURITIBA";"59";"N";0;"NÃO INFORMADA";"1270629.01";"#NE";"S";"-1";"06012860320266160000";"-3";"#NE";"-3";"#NE";"SIM";"Válido";2;"DEFERIDO";"S";"N";-1;-1;"2026-08-11 12:35:16";2;"DEFERIDO";"2";"DEFERIDO";"2";"DEFERIDO";-1;"#NULO";-1;"#NULO";-1;"#NULO";2;"MASCULINO";"2";"PRETA"
"26/09/2026";"19:31:16";2026;6259;160002547762;-3;"#NE";1;"BRASILEIRA NATA";-3;"UMUARAMA";"59";"N";0;"NÃO INFORMADA";"1270629.01";"#NE";"S";"-1";"06013718620266160000";"-3";"#NE";"-3";"#NE";"SIM";"Válido";2;"DEFERIDO";"S";"N";-1;-1;"2026-08-11 12:36:21";2;"DEFERIDO";"2";"DEFERIDO";"2";"DEFERIDO";-1;"#NULO";-1;"#NULO";-1;"#NULO";2;"MASCULINO";"1";"BRANCA"
"26/09/2026";"19:31:16";2026;6259;160002547744;-3;"#NE";1;"BRASILEIRA NATA";-3;"CAMPINA GRANDE DO SUL";"30";"N";0;"NÃO INFORMADA";"1270629.01";"#NE";"S";"-1";"06013597220266160000";"-3";"#NE";"-3";"#NE";"SIM";"Válido";2;"DEFERIDO";"S";"N";-1;-1;"2026-08-11 12:36:21";2;"DEFERIDO";"2";"DEFERIDO";"2";"DEFERIDO";-1;"#NULO";-1;"#NULO";-1;"#NULO";4;"FEMININO";"3";"PARDA"
"26/09/2026";"19:31:16";2026;6259;160002547543;-3;"#NE";1;"BRASILEIRA NATA";-3;"PATO BRANCO";"42";"N";0;"NÃO INFORMADA";"1270629.01";"#NE";"S";"-1";"06012038420266160000";"-3";"#NE";"-3";"#NE";"SIM";"Válido";2;"DEFERIDO";"S";"N";-1;-1;"2026-08-11 12:24:57";2;"DEFERIDO";"2";"DEFERIDO";"2";"DEFERIDO";-1;"#NULO";-1;"#NULO";-1;"#NULO";4;"FEMININO";"3";"PARDA"
"26/09/2026";"19:31:16";2026;6259;160002542350;-3;"#NE";1;"BRASILEIRA NATA";-3;"JARDIM ALEGRE";"54";"N";0;"NÃO INFORMADA";"1270629.01";"#NE";"S";"-1";"06008954820266160000";"-3";"#NE";"-3";"#NE";"SIM";"Válido";2;"DEFERIDO";"S";"N";-1;-1;"2026-08-07 18:51:36";2;"DEFERIDO";"2";"DEFERIDO";"2";"DEFERIDO";-1;"#NULO";-1;"#NULO";-1;"#NULO";2;"MASCULINO";"1";"BRANCA"
"26/09/2026";"19:31:16";2026;6259;160002542275;-3;"#NE";1;"BRASILEIRA NATA";-3;"PARANAGUÁ";"66";"N";-1;"#NULO";"1270629.01";"#NE";"S";"-1";"06008200920266160000";"-3";"#NE";"-3";"#NE";"SIM";"Válido";2;"DEFERIDO";"N";"N";-1;-1;"2026-08-07 18:50:23";2;"DEFERIDO";"2";"DEFERIDO";"2";"DEFERIDO";-1;"#NULO";-1;"#NULO";-1;"#NULO";2;"MASCULINO";"1";"BRANCA"
"26/09/2026";"19:31:16";2026;6259;160002542253;-3;"#NE";1;"BRASILEIRA NATA";-3;"LONDRINA";"57";"N";-1;"#NULO";"1270629.01";"#NE";"S";"-1";"06008253120266160000";"-3";"#NE";"-3";"#NE";"SIM";"Válido";2;"DEFERIDO";"S";"N";-1;-1;"2026-08-07 18:50:23";2;"DEFERIDO";"2";"DEFERIDO";"2";"DEFERIDO";-1;"#NULO";-1;"#NULO";-1;"#NULO";4;"FEMININO";"2";"PRETA"
"26/09/2026";"19:31:16";2026;6259;160002533449;-3;"#NE";1;"BRASILEIRA NATA";-3;"MARINGÁ";"61";"N";0;"NÃO INFORMADA";"1270629.01";"#NE";"S";"-1";"06006486720266160000";"-3";"#NE";"-3";"#NE";"SIM";"Válido";2;"DEFERIDO";"S";"N";-1;-1;"2026-07-29 17:41:27";2;"DEFERIDO";"2";"DEFERIDO";"2";"DEFERIDO";-1;"#NULO";-1;"#NULO";-1;"#NULO";4;"FEMININO";"1";"BRANCA"
"26/09/2026";"19:31:16";2026;6259;160002533482;-3;"#NE";1;"BRASILEIRA NATA";-3;"SÃO PEDRO DO IVAÍ";"64";"N";0;"NÃO INFORMADA";"1270629.01";"#NE";"S";"-1";"06006149220266160000";"-3";"#NE";"-3";"#NE";"SIM";"Válido";2;"DEFERIDO";"S";"N";-1;-1;"2026-07-29 17:41:27";2;"DEFERIDO";"2";"DEFERIDO";"2";"DEFERIDO";-1;"#NULO";-1;"#NULO";-1;"#NULO";2;"MASCULINO";"3";"PARDA"
"26/09/2026";"19:31:16";2026;6259;160002542234;-3;"#NE";1;"BRASILEIRA NATA";-3;"SÃO PAULO";"48";"N";0;"NÃO INFORMADA";"1270629.01";"#NE";"S";"-1";"06008062520266160000";"-3";"#NE";"-3";"#NE";"SIM";"Válido";2;"DEFERIDO";"S";"N";-1;-1;"2026-08-07 18:50:23";2;"DEFERIDO";"2";"DEFERIDO";"2";"DEFERIDO";-1;"#NULO";-1;"#NULO";-1;"#NULO";4;"FEMININO";"2";"PRETA"
"26/09/2026";"19:31:16";2026;6259;160002533461;-3;"#NE";1;"BRASILEIRA NATA";-3;"PORECATU";"66";"N";0;"NÃO INFORMADA";"1270629.01";"#NE";"N";"-1";"06006122520266160000";"-3";"#NE";"-3";"#NE";"SIM";"Válido";2;"DEFERIDO";"S";"N";-1;-1;"2026-07-29 17:41:27";2;"DEFERIDO";"2";"DEFERIDO";"2";"DEFERIDO";-1;"#NULO";-1;"#NULO";-1;"#NULO";2;"MASCULINO";"1";"BRANCA"
"26/09/2026";"19:31:16";2026;6259;160002547514;-3;"#NE";1;"BRASILEIRA NATA";-3;"CAPANEMA";"43";"N";0;"NÃO INFORMADA";"1270629.01";"#NE";"S";"-1";"06011422920266160000";"-3";"#NE";"-3";"#NE";"SIM";"Válido";2;"DEFERIDO";"S";"N";-1;-1;"2026-08-11 12:24:00";2;"DEFERIDO";"2";"DEFERIDO";"2";"DEFERIDO";-1;"#NULO";-1;"#NULO";-1;"#NULO";2;"MASCULINO";"1";"BRANCA"
"26/09/2026";"19:31:16";2026;6259;160002551043;-3;"#NE";1;"BRASILEIRA NATA";-3;"VITÓRIA DA CONQUISTA";"79";"N";0;"NÃO INFORMADA";"4447201.54";"#NE";"S";"-1";"06015476520266160000";"-3";"#NE";"-3";"#NE";"SIM";"Válido";2;"DEFERIDO";"S";"N";-1;-1;"2026-08-13 14:53:37";2;"DEFERIDO";"2";"DEFERIDO";"2";"DEFERIDO";-1;"#NULO";-1;"#NULO";-1;"#NULO";2;"MASCULINO";"1";"BRANCA"
"26/09/2026";"19:31:16";2026;6259;160002553375;-3;"#NE";1;"BRASILEIRA NATA";-3;"ROQUE GONZALES";"71";"N";0;"NÃO INFORMADA";"3176572.53";"#NE";"S";"-1";"06016905420266160000";"-3";"#NE";"-3";"#NE";"SIM";"Anulado sub judice";4;"INDEFERIDO EM PRAZO RECURSAL OU COM RECURSO";"S";"N";-1;-1;"2026-08-15 17:46:06";4;"INDEFERIDO EM PRAZO RECURSAL OU COM RECURSO";"4";"INDEFERIDO EM PRAZO RECURSAL OU COM RECURSO";"4";"INDEFERIDO EM PRAZO RECURSAL OU COM RECURSO";-1;"#NULO";-1;"#NULO";-1;"#NULO";2;"MASCULINO";"1";"BRANCA"
"26/09/2026";"19:31:16";2026;6259;160002547942;-3;"#NE";1;"BRASILEIRA NATA";-3;"LONDRINA";"65";"N";-1;"#NULO";"1270629.01";"#NE";"N";"-1";"06014073120266160000";"-3";"#NE";"-3";"#NE";"NÃO";"#NULO";-1;"#NULO";"N";"N";-1;-1;"2026-08-11 12:36:56";6;"RENÚNCIA";"-1";"#NULO";"-1";"#NULO";-1;"#NULO";-1;"#NULO";-1;"#NULO";2;"MASCULINO";"1";"BRANCA"
"26/09/2026";"19:31:16";2026;6259;160002532862;-3;"#NE";1;"BRASILEIRA NATA";-3;"ASSIS CHATEAUBRIAND";"41";"N";0;"NÃO INFORMADA";"3176572.53";"#NE";"S";"-1";"06005785020266160000";"-3";"#NE";"-3";"#NE";"SIM";"Válido";2;"DEFERIDO";"S";"N";-1;-1;"2026-07-28 15:24:25";2;"DEFERIDO";"2";"DEFERIDO";"2";"DEFERIDO";-1;"#NULO";-1;"#NULO";-1;"#NULO";2;"MASCULINO";"1";"BRANCA"
"26/09/2026";"19:31:16";2026;6259;160002547469;-3;"#NE";1;"BRASILEIRA NATA";-3;"SAPOPEMA";"67";"N";0;"NÃO INFORMADA";"3176572.53";"#NE";"S";"-1";"06010920320266160000";"-3";"#NE";"-3";"#NE";"SIM";"Válido";2;"DEFERIDO";"S";"N";-1;-1;"2026-08-11 12:05:18";2;"DEFERIDO";"2";"DEFERIDO";"2";"DEFERIDO";-1;"#NULO";-1;"#NULO";-1;"#NULO";4;"FEMININO";"1";"BRANCA"
"26/09/2026";"19:31:16";2026;6259;160002542337;-3;"#NE";1;"BRASILEIRA NATA";-3;"Pato Branco";"51";"N";0;"NÃO INFORMADA";"3176572.53";"#NE";"S";"-1";"06009214620266160000";"-3";"#NE";"-3";"#NE";"SIM";"Válido";2;"DEFERIDO";"S";"N";-1;-1;"2026-08-07 18:52:37";2;"DEFERIDO";"2";"DEFERIDO";"2";"DEFERIDO";-1;"#NULO";-1;"#NULO";-1;"#NULO";4;"FEMININO";"1";"BRANCA"
"26/09/2026";"19:31:16";2026;6259;160002532595;-3;"#NE";1;"BRASILEIRA NATA";-3;"LAPA";"53";"N";0;"NÃO INFORMADA";"3176572.53";"#NE";"N";"-1";"06005473020266160000";"-3";"#NE";"-3";"#NE";"SIM";"Válido";2;"DEFERIDO";"S";"N";-1;-1;"2026-07-27 16:24:27";2;"DEFERIDO";"2";"DEFERIDO";"2";"DEFERIDO";-1;"#NULO";-1;"#NULO";-1;"#NULO";2;"MASCULINO";"1";"BRANCA"
"26/09/2026";"19:31:16";2026;6259;160002552585;-3;"#NE";1;"BRASILEIRA NATA";-3;"CAMPO MOURÃO";"57";"N";-1;"#NULO";"3176572.53";"#NE";"S";"-1";"06016819220266160000";"-3";"#NE";"-3";"#NE";"SIM";"Válido";2;"DEFERIDO";"S";"N";160002542223;-1;"2026-08-15 13:35:19";2;"DEFERIDO";"2";"DEFERIDO";"2";"DEFERIDO";-1;"#NULO";-1;"#NULO";-1;"#NULO";4;"FEMININO";"3";"PARDA"
"26/09/2026";"19:31:16";2026;6259;160002547662;-3;"#NE";1;"BRASILEIRA NATA";-3;"CURITIBA";"54";"N";0;"NÃO INFORMADA";"-1";"#NE";"S";"-1";"06013492820266160000";"-3";"#NE";"-3";"#NE";"SIM";"#NULO";2;"DEFERIDO";"N";"N";-1;-1;"2026-08-11 12:31:29";2;"DEFERIDO";"2";"DEFERIDO";"2";"DEFERIDO";-1;"#NULO";-1;"#NULO";-1;"#NULO";2;"MASCULINO";"1";"BRANCA"
"26/09/2026";"19:31:16";2026;6259;160002552817;-3;"#NE";1;"BRASILEIRA NATA";-3;"PALMAS";"50";"N";-1;"#NULO";"1270629.01";"#NE";"N";"-1";"06016247420266160000";"-3";"#NE";"-3";"#NE";"SIM";"Válido";2;"DEFERIDO";"S";"N";-1;-1;"2026-08-15 13:17:58";2;"DEFERIDO";"2";"DEFERIDO";"2";"DEFERIDO";-1;"#NULO";-1;"#NULO";-1;"#NULO";2;"MASCULINO";"3";"PARDA"
"26/09/2026";"19:31:16";2026;6259;160002552825;-3;"#NE";1;"BRASILEIRA NATA";-3;"SÃO PAULO";"50";"N";-1;"#NULO";"1270629.01";"#NE";"S";"-1";"06016220720266160000";"-3";"#NE";"-3";"#NE";"SIM";"Válido";2;"DEFERIDO";"S";"N";-1;-1;"2026-08-15 13:17:58";2;"DEFERIDO";"2";"DEFERIDO";"2";"DEFERIDO";-1;"#NULO";-1;"#NULO";-1;"#NULO";2;"MASCULINO";"2";"PRETA"
"26/09/2026";"19:31:16";2026;6259;160002547757;-3;"#NE";1;"BRASILEIRA NATA";-3;"CURITIBA";"30";"N";0;"NÃO INFORMADA";"1270629.01";"#NE";"N";"-1";"06013821820266160000";"-3";"#NE";"-3";"#NE";"SIM";"Válido";2;"DEFERIDO";"S";"N";-1;-1;"2026-08-11 12:36:21";2;"DEFERIDO";"2";"DEFERIDO";"2";"DEFERIDO";-1;"#NULO";-1;"#NULO";-1;"#NULO";4;"FEMININO";"1";"BRANCA"
"26/09/2026";"19:31:16";2026;6259;160002547760;-3;"#NE";1;"BRASILEIRA NATA";-3;"SÃO JOSÉ DOS PINHAIS";"49";"N";0;"NÃO INFORMADA";"1270629.01";"#NE";"S";"-1";"06013631220266160000";"-3";"#NE";"-3";"#NE";"SIM";"Válido";2;"DEFERIDO";"S";"N";-1;-1;"2026-08-11 12:36:21";2;"DEFERIDO";"2";"DEFERIDO";"2";"DEFERIDO";-1;"#NULO";-1;"#NULO";-1;"#NULO";4;"FEMININO";"1";"BRANCA"
"26/09/2026";"19:31:16";2026;6259;160002547739;-3;"#NE";1;"BRASILEIRA NATA";-3;"PITANGA";"70";"N";-1;"#NULO";"1270629.01";"#NE";"S";"-1";"06013484320266160000";"-3";"#NE";"-3";"#NE";"SIM";"Válido";2;"DEFERIDO";"S";"N";-1;-1;"2026-08-11 12:36:21";2;"DEFERIDO";"2";"DEFERIDO";"2";"DEFERIDO";-1;"#NULO";-1;"#NULO";-1;"#NULO";2;"MASCULINO";"3";"PARDA"
"26/09/2026";"19:31:16";2026;6259;160002547746;-3;"#NE";1;"BRASILEIRA NATA";-3;"CORBÉLIA";"49";"N";-1;"#NULO";"1270629.01";"#NE";"S";"-1";"06013622720266160000";"-3";"#NE";"-3";"#NE";"SIM";"Válido";2;"DEFERIDO";"S";"N";-1;-1;"2026-08-11 12:36:21";2;"DEFERIDO";"2";"DEFERIDO";"2";"DEFERIDO";-1;"#NULO";-1;"#NULO";-1;"#NULO";2;"MASCULINO";"3";"PARDA"
"26/09/2026";"19:31:16";2026;6259;160002553386;-3;"#NE";1;"BRASILEIRA NATA";-3;"TOLEDO";"51";"N";0;"NÃO INFORMADA";"1270629.01";"#NE";"S";"-1";"06017139720266160000";"-3";"#NE";"-3";"#NE";"SIM";"Válido";2;"DEFERIDO";"S";"N";-1;-1;"2026-08-15 17:47:33";2;"DEFERIDO";"2";"DEFERIDO";"2";"DEFERIDO";-1;"#NULO";-1;"#NULO";-1;"#NULO";2;"MASCULINO";"3";"PARDA"
"26/09/2026";"19:31:16";2026;6259;160002551165;-3;"#NE";1;"BRASILEIRA NATA";-3;"PALMEIRA";"33";"N";0;"NÃO INFORMADA";"1270629.01";"#NE";"N";"-1";"06015727820266160000";"-3";"#NE";"-3";"#NE";"SIM";"Válido";2;"DEFERIDO";"S";"N";-1;-1;"2026-08-13 14:59:10";2;"DEFERIDO";"2";"DEFERIDO";"2";"DEFERIDO";-1;"#NULO";-1;"#NULO";-1;"#NULO";4;"FEMININO";"1";"BRANCA"
"26/09/2026";"19:31:16";2026;6259;160002547557;-3;"#NE";1;"BRASILEIRA NATA";-3;"TUPÃSSI";"43";"N";0;"NÃO INFORMADA";"1270629.01";"#NE";"S";"-1";"06012099120266160000";"-3";"#NE";"-3";"#NE";"SIM";"Válido";2;"DEFERIDO";"S";"N";-1;-1;"2026-08-11 12:24:57";2;"DEFERIDO";"2";"DEFERIDO";"2";"DEFERIDO";-1;"#NULO";-1;"#NULO";-1;"#NULO";2;"MASCULINO";"3";"PARDA"
"26/09/2026";"19:31:16";2026;6259;160002542362;-3;"#NE";1;"BRASILEIRA NATA";-3;"CURITIBA";"43";"N";0;"NÃO INFORMADA";"1270629.01";"#NE";"N";"-1";"06008807920266160000";"-3";"#NE";"-3";"#NE";"SIM";"Válido";2;"DEFERIDO";"S";"N";-1;-1;"2026-08-07 18:51:36";2;"DEFERIDO";"2";"DEFERIDO";"2";"DEFERIDO";-1;"#NULO";-1;"#NULO";-1;"#NULO";4;"FEMININO";"1";"BRANCA"
"26/09/2026";"19:31:16";2026;6259;160002542261;-3;"#NE";1;"BRASILEIRA NATA";-3;"CURITIBA";"36";"N";0;"NÃO INFORMADA";"1270629.01";"#NE";"S";"-1";"06008521420266160000";"-3";"#NE";"-3";"#NE";"SIM";"Válido";2;"DEFERIDO";"S";"N";-1;-1;"2026-08-07 18:50:23";2;"DEFERIDO";"2";"DEFERIDO";"2";"DEFERIDO";-1;"#NULO";-1;"#NULO";-1;"#NULO";4;"FEMININO";"1";"BRANCA"
"26/09/2026";"19:31:16";2026;6259;160002542270;-3;"#NE";1;"BRASILEIRA NATA";-3;"TAMARANA";"52";"N";57;"KAINGANG";"1270629.01";"#NE";"N";"-1";"06007984820266160000";"-3";"#NE";"-3";"#NE";"SIM";"Válido";2;"DEFERIDO";"S";"N";-1;-1;"2026-08-07 18:50:23";2;"DEFERIDO";"2";"DEFERIDO";"2";"DEFERIDO";-1;"#NULO";-1;"#NULO";-1;"#NULO";2;"MASCULINO";"5";"INDÍGENA"
"26/09/2026";"19:31:16";2026;6259;160002542248;-3;"#NE";1;"BRASILEIRA NATA";-3;"MARINGÁ";"60";"N";-1;"#NULO";"1270629.01";"#NE";"S";"-1";"06008330820266160000";"-3";"#NE";"-3";"#NE";"SIM";"Válido";2;"DEFERIDO";"S";"N";-1;-1;"2026-08-07 18:50:23";2;"DEFERIDO";"2";"DEFERIDO";"2";"DEFERIDO";-1;"#NULO";-1;"#NULO";-1;"#NULO";2;"MASCULINO";"1";"BRANCA"
"26/09/2026";"19:31:16";2026;6259;160002533446;-3;"#NE";1;"BRASILEIRA NATA";-3;"JAGUAPITÃ";"57";"N";0;"NÃO INFORMADA";"1270629.01";"#NE";"S";"-1";"06006191720266160000";"-3";"#NE";"-3";"#NE";"SIM";"Válido";2;"DEFERIDO";"S";"N";-1;-1;"2026-07-29 17:41:27";2;"DEFERIDO";"2";"DEFERIDO";"2";"DEFERIDO";-1;"#NULO";-1;"#NULO";-1;"#NULO";2;"MASCULINO";"1";"BRANCA"
"26/09/2026";"19:31:16";2026;6259;160002533471;-3;"#NE";1;"BRASILEIRA NATA";-3;"CASCAVEL";"53";"N";0;"NÃO INFORMADA";"1270629.01";"#NE";"S";"-1";"06006451520266160000";"-3";"#NE";"-3";"#NE";"SIM";"Válido";2;"DEFERIDO";"S";"N";-1;-1;"2026-07-29 17:41:27";2;"DEFERIDO";"2";"DEFERIDO";"2";"DEFERIDO";-1;"#NULO";-1;"#NULO";-1;"#NULO";2;"MASCULINO";"3";"PARDA"
"26/09/2026";"19:31:16";2026;6259;160002546849;-3;"#NE";1;"BRASILEIRA NATA";-3;"TANGARÁ";"65";"N";-1;"#NULO";"1270629.01";"#NE";"S";"-1";"06010098420266160000";"-3";"#NE";"-3";"#NE";"SIM";"Válido";2;"DEFERIDO";"S";"N";-1;-1;"2026-08-11 11:57:23";2;"DEFERIDO";"2";"DEFERIDO";"2";"DEFERIDO";-1;"#NULO";-1;"#NULO";-1;"#NULO";4;"FEMININO";"1";"BRANCA"
"26/09/2026";"19:31:16";2026;6259;160002549510;-3;"#NE";1;"BRASILEIRA NATA";-3;"SÃO PAULO";"37";"N";-1;"#NULO";"1270629.01";"#NE";"N";"-1";"06014454320266160000";"-3";"#NE";"-3";"#NE";"SIM";"Anulado sub judice";4;"INDEFERIDO EM PRAZO RECURSAL OU COM RECURSO";"N";"N";-1;-1;"2026-08-12 12:34:54";4;"INDEFERIDO EM PRAZO RECURSAL OU COM RECURSO";"4";"INDEFERIDO EM PRAZO RECURSAL OU COM RECURSO";"4";"INDEFERIDO EM PRAZO RECURSAL OU COM RECURSO";-1;"#NULO";-1;"#NULO";-1;"#NULO";2;"MASCULINO";"2";"PRETA"
"26/09/2026";"19:31:16";2026;6259;160002554126;-3;"#NE";1;"BRASILEIRA NATA";-3;"SUZANO";"45";"N";-1;"#NULO";"3176572.53";"#NE";"N";"-1";"06018066020266160000";"-3";"#NE";"-3";"#NE";"NÃO";"#NULO";-1;"#NULO";"N";"N";-1;-1;"2026-08-20 11:05:33";6;"RENÚNCIA";"-1";"#NULO";"-1";"#NULO";-1;"#NULO";-1;"#NULO";-1;"#NULO";-1;"#NULO";"-1";"#NULO"
"26/09/2026";"19:31:16";2026;6259;160002547516;-3;"#NE";1;"BRASILEIRA NATA";-3;"CASCAVEL";"46";"N";0;"NÃO INFORMADA";"1270629.01";"#NE";"S";"-1";"06011483620266160000";"-3";"#NE";"-3";"#NE";"SIM";"Válido";2;"DEFERIDO";"S";"N";-1;-1;"2026-08-11 12:24:00";2;"DEFERIDO";"2";"DEFERIDO";"2";"DEFERIDO";-1;"#NULO";-1;"#NULO";-1;"#NULO";4;"FEMININO";"1";"BRANCA"
"26/09/2026";"19:31:16";2026;6259;160002547957;-3;"#NE";1;"BRASILEIRA NATA";-3;"FAXINAL";"66";"N";-1;"#NULO";"1270629.01";"#NE";"S";"-1";"06014186020266160000";"-3";"#NE";"-3";"#NE";"SIM";"Válido";2;"DEFERIDO";"S";"N";-1;-1;"2026-08-11 12:36:56";2;"DEFERIDO";"2";"DEFERIDO";"2";"DEFERIDO";-1;"#NULO";-1;"#NULO";-1;"#NULO";2;"MASCULINO";"2";"PRETA"
"26/09/2026";"19:31:16";2026;6259;160002547643;-3;"#NE";1;"BRASILEIRA NATA";-3;"NATAL";"44";"N";0;"NÃO INFORMADA";"1270629.01";"#NE";"S";"-1";"06012531320266160000";"-3";"#NE";"-3";"#NE";"SIM";"Válido";2;"DEFERIDO";"S";"N";-1;-1;"2026-08-11 12:29:53";2;"DEFERIDO";"2";"DEFERIDO";"2";"DEFERIDO";-1;"#NULO";-1;"#NULO";-1;"#NULO";4;"FEMININO";"3";"PARDA"
"26/09/2026";"19:31:16";2026;6259;160002547649;-3;"#NE";1;"BRASILEIRA NATA";-3;"JABORÁ";"77";"N";-1;"#NULO";"1270629.01";"#NE";"S";"-1";"06012635720266160000";"-3";"#NE";"-3";"#NE";"SIM";"Válido";2;"DEFERIDO";"S";"N";-1;-1;"2026-08-11 12:29:53";2;"DEFERIDO";"2";"DEFERIDO";"2";"DEFERIDO";-1;"#NULO";-1;"#NULO";-1;"#NULO";4;"FEMININO";"1";"BRANCA"
"26/09/2026";"19:31:16";2026;6259;160002547627;-3;"#NE";1;"BRASILEIRA NATA";-3;"CURITIBA";"38";"N";0;"NÃO INFORMADA";"1270629.01";"#NE";"N";"-1";"06012514320266160000";"-3";"#NE";"-3";"#NE";"SIM";"Válido";2;"DEFERIDO";"S";"N";-1;-1;"2026-08-11 12:29:53";2;"DEFERIDO";"2";"DEFERIDO";"2";"DEFERIDO";-1;"#NULO";-1;"#NULO";-1;"#NULO";4;"FEMININO";"3";"PARDA"
"26/09/2026";"19:31:16";2026;6259;160002547618;-3;"#NE";1;"BRASILEIRA NATA";-3;"SANTO ANTÔNIO DO SUDOESTE";"50";"N";0;"NÃO INFORMADA";"1270629.01";"#NE";"S";"-1";"06012159820266160000";"-3";"#NE";"-3";"#NE";"SIM";"Válido";2;"DEFERIDO";"S";"N";-1;-1;"2026-08-11 12:29:53";2;"DEFERIDO";"2";"DEFERIDO";"2";"DEFERIDO";-1;"#NULO";-1;"#NULO";-1;"#NULO";2;"MASCULINO";"1";"BRANCA"
"26/09/2026";"19:31:16";2026;6259;160002546865;-3;"#NE";1;"BRASILEIRA NATA";-3;"BITURUNA";"53";"N";0;"NÃO INFORMADA";"1270629.01";"#NE";"S";"-1";"06010609520266160000";"-3";"#NE";"-3";"#NE";"SIM";"Válido";2;"DEFERIDO";"S";"N";-1;-1;"2026-08-11 12:01:37";2;"DEFERIDO";"2";"DEFERIDO";"2";"DEFERIDO";-1;"#NULO";-1;"#NULO";-1;"#NULO";2;"MASCULINO";"1";"BRANCA"
"26/09/2026";"19:31:16";2026;6259;160002546805;-3;"#NE";1;"BRASILEIRA NATA";-3;"FRANCISCO BELTRÃO";"74";"N";0;"NÃO INFORMADA";"1270629.01";"#NE";"S";"-1";"06009924820266160000";"-3";"#NE";"-3";"#NE";"SIM";"Válido";2;"DEFERIDO";"S";"N";-1;-1;"2026-08-11 11:57:23";2;"DEFERIDO";"2";"DEFERIDO";"2";"DEFERIDO";-1;"#NULO";-1;"#NULO";-1;"#NULO";2;"MASCULINO";"1";"BRANCA"
"26/09/2026";"19:31:16";2026;6259;160002552805;-3;"#NE";1;"BRASILEIRA NATA";-3;"CURITIBA";"55";"N";0;"NÃO INFORMADA";"1270629.01";"#NE";"N";"-1";"06016333620266160000";"-3";"#NE";"-3";"#NE";"SIM";"Válido";2;"DEFERIDO";"S";"N";-1;-1;"2026-08-15 13:17:58";2;"DEFERIDO";"2";"DEFERIDO";"2";"DEFERIDO";-1;"#NULO";-1;"#NULO";-1;"#NULO";4;"FEMININO";"1";"BRANCA"
"26/09/2026";"19:31:16";2026;6259;160002540787;-3;"#NE";1;"BRASILEIRA NATA";-3;"GUARAPUAVA";"28";"N";0;"NÃO INFORMADA";"3176572.53";"#NE";"S";"-1";"06007716520266160000";"-3";"#NE";"-3";"#NE";"SIM";"Válido";2;"DEFERIDO";"S";"N";-1;-1;"2026-08-07 13:56:41";2;"DEFERIDO";"2";"DEFERIDO";"2";"DEFERIDO";-1;"#NULO";-1;"#NULO";-1;"#NULO";2;"MASCULINO";"1";"BRANCA"
"26/09/2026";"19:31:16";2026;6259;160002547756;-3;"#NE";1;"BRASILEIRA NATA";-3;"CURITIBA";"39";"N";-1;"#NULO";"1270629.01";"#NE";"N";"-1";"06013501320266160000";"-3";"#NE";"-3";"#NE";"NÃO";"#NULO";-1;"#NULO";"N";"S";-1;-1;"2026-08-11 12:36:21";6;"RENÚNCIA";"-1";"#NULO";"-1";"#NULO";-1;"#NULO";-1;"#NULO";-1;"#NULO";4;"FEMININO";"3";"PARDA"
"26/09/2026";"19:31:16";2026;6259;160002553379;-3;"#NE";1;"BRASILEIRA NATA";-3;"ALTAMIRA DO PARANÁ";"49";"N";0;"NÃO INFORMADA";"1270629.01";"#NE";"N";"-1";"06017113020266160000";"-3";"#NE";"-3";"#NE";"NÃO";"#NULO";-1;"#NULO";"N";"N";-1;-1;"2026-08-15 17:47:33";6;"RENÚNCIA";"-1";"#NULO";"-1";"#NULO";-1;"#NULO";-1;"#NULO";-1;"#NULO";2;"MASCULINO";"2";"PRETA"
"26/09/2026";"19:31:16";2026;6259;160002542300;-3;"#NE";1;"BRASILEIRA NATA";-3;"SÃO PAULO";"55";"N";0;"NÃO INFORMADA";"3176572.53";"#NE";"N";"-1";"06009717220266160000";"-3";"#NE";"-3";"#NE";"SIM";"Válido";2;"DEFERIDO";"S";"N";-1;-1;"2026-08-07 18:52:09";2;"DEFERIDO";"2";"DEFERIDO";"2";"DEFERIDO";-1;"#NULO";-1;"#NULO";-1;"#NULO";4;"FEMININO";"1";"BRANCA"
"26/09/2026";"19:31:16";2026;6259;160002532610;-3;"#NE";1;"BRASILEIRA NATA";-3;"CURITIBA";"34";"N";0;"NÃO INFORMADA";"3176572.53";"#NE";"S";"-1";"06005290920266160000";"-3";"#NE";"-3";"#NE";"SIM";"Válido";2;"DEFERIDO";"S";"N";-1;-1;"2026-07-27 16:24:27";2;"DEFERIDO";"2";"DEFERIDO";"2";"DEFERIDO";-1;"#NULO";-1;"#NULO";-1;"#NULO";4;"FEMININO";"1";"BRANCA"
"26/09/2026";"19:31:16";2026;6259;160002547690;-3;"#NE";1;"BRASILEIRA NATA";-3;"CURITIBA";"53";"N";0;"NÃO INFORMADA";"1270629.01";"#NE";"S";"-1";"06014280720266160000";"-3";"#NE";"-3";"#NE";"SIM";"Válido";2;"DEFERIDO";"S";"N";-1;-1;"2026-08-11 12:35:16";2;"DEFERIDO";"2";"DEFERIDO";"2";"DEFERIDO";-1;"#NULO";-1;"#NULO";-1;"#NULO";2;"MASCULINO";"1";"BRANCA"
"26/09/2026";"19:31:16";2026;6259;160002547683;-3;"#NE";1;"BRASILEIRA NATA";-3;"BORRAZÓPOLIS";"51";"N";0;"NÃO INFORMADA";"1270629.01";"#NE";"N";"-1";"06012964720266160000";"-3";"#NE";"-3";"#NE";"SIM";"Válido";2;"DEFERIDO";"S";"N";-1;-1;"2026-08-11 12:35:16";2;"DEFERIDO";"2";"DEFERIDO";"2";"DEFERIDO";-1;"#NULO";-1;"#NULO";-1;"#NULO";2;"MASCULINO";"1";"BRANCA"
"26/09/2026";"19:31:16";2026;6259;160002547726;-3;"#NE";1;"BRASILEIRA NATA";-3;"SERROLÂNDIA";"67";"N";0;"NÃO INFORMADA";"1270629.01";"#NE";"S";"-1";"06013865520266160000";"-3";"#NE";"-3";"#NE";"SIM";"Válido";2;"DEFERIDO";"S";"N";-1;-1;"2026-08-11 12:36:21";2;"DEFERIDO";"2";"DEFERIDO";"2";"DEFERIDO";-1;"#NULO";-1;"#NULO";-1;"#NULO";4;"FEMININO";"3";"PARDA"
"26/09/2026";"19:31:16";2026;6259;160002553387;-3;"#NE";1;"BRASILEIRA NATA";-3;"UMUARAMA";"41";"N";0;"NÃO INFORMADA";"1270629.01";"#NE";"S";"-1";"06017182220266160000";"-3";"#NE";"-3";"#NE";"SIM";"Válido";2;"DEFERIDO";"S";"N";-1;-1;"2026-08-15 17:47:33";2;"DEFERIDO";"2";"DEFERIDO";"2";"DEFERIDO";-1;"#NULO";-1;"#NULO";-1;"#NULO";2;"MASCULINO";"3";"PARDA"
"26/09/2026";"19:31:16";2026;6259;160002547554;-3;"#NE";1;"BRASILEIRA NATA";-3;"CURITIBA";"65";"N";-1;"#NULO";"1270629.01";"#NE";"S";"-1";"06011977720266160000";"-3";"#NE";"-3";"#NE";"SIM";"Válido";2;"DEFERIDO";"S";"N";-1;-1;"2026-08-11 12:24:57";2;"DEFERIDO";"2";"DEFERIDO";"2";"DEFERIDO";-1;"#NULO";-1;"#NULO";-1;"#NULO";2;"MASCULINO";"1";"BRANCA"
"26/09/2026";"19:31:16";2026;6259;160002542344;-3;"#NE";1;"BRASILEIRA NATA";-3;"PATO BRANCO";"51";"N";0;"NÃO INFORMADA";"1270629.01";"#NE";"S";"-1";"06008772720266160000";"-3";"#NE";"-3";"#NE";"SIM";"Válido";2;"DEFERIDO";"S";"N";-1;-1;"2026-08-07 18:51:36";2;"DEFERIDO";"2";"DEFERIDO";"2";"DEFERIDO";-1;"#NULO";-1;"#NULO";-1;"#NULO";4;"FEMININO";"1";"BRANCA"
"26/09/2026";"19:31:16";2026;6259;160002542368;-3;"#NE";2;"BRASILEIRA (NATURALIZADA)";-3;"CURITIBA";"37";"N";0;"NÃO INFORMADA";"1270629.01";"#NE";"S";"-1";"06009007020266160000";"-3";"#NE";"-3";"#NE";"SIM";"Válido";2;"DEFERIDO";"S";"N";-1;-1;"2026-08-07 18:51:36";2;"DEFERIDO";"2";"DEFERIDO";"2";"DEFERIDO";-1;"#NULO";-1;"#NULO";-1;"#NULO";4;"FEMININO";"1";"BRANCA"
"26/09/2026";"19:31:16";2026;6259;160002542250;-3;"#NE";1;"BRASILEIRA NATA";-3;"CURITIBA";"21";"N";0;"NÃO INFORMADA";"1270629.01";"#NE";"N";"-1";"06008391520266160000";"-3";"#NE";"-3";"#NE";"SIM";"Válido";2;"DEFERIDO";"S";"N";-1;-1;"2026-08-07 18:50:23";2;"DEFERIDO";"2";"DEFERIDO";"2";"DEFERIDO";-1;"#NULO";-1;"#NULO";-1;"#NULO";2;"MASCULINO";"1";"BRANCA"
"26/09/2026";"19:31:16";2026;6259;160002540784;-3;"#NE";1;"BRASILEIRA NATA";-3;"PASSOS";"66";"N";0;"NÃO INFORMADA";"3176572.53";"#NE";"S";"-1";"06007837920266160000";"-3";"#NE";"-3";"#NE";"SIM";"Válido";2;"DEFERIDO";"S";"N";-1;-1;"2026-08-07 13:56:41";2;"DEFERIDO";"2";"DEFERIDO";"2";"DEFERIDO";-1;"#NULO";-1;"#NULO";-1;"#NULO";2;"MASCULINO";"1";"BRANCA"
"26/09/2026";"19:31:16";2026;6259;160002549538;-3;"#NE";1;"BRASILEIRA NATA";-3;"LONDRINA";"23";"N";0;"NÃO INFORMADA";"3176572.53";"#NE";"N";"-1";"06014705620266160000";"-3";"#NE";"-3";"#NE";"SIM";"Válido";2;"DEFERIDO";"S";"N";-1;-1;"2026-08-12 12:38:35";2;"DEFERIDO";"2";"DEFERIDO";"2";"DEFERIDO";-1;"#NULO";-1;"#NULO";-1;"#NULO";2;"MASCULINO";"1";"BRANCA"
"26/09/2026";"19:31:16";2026;6259;160002542286;-3;"#NE";1;"BRASILEIRA NATA";-3;"INAJÁ";"71";"N";-1;"#NULO";"3176572.53";"#NE";"N";"-1";"06009794920266160000";"-3";"#NE";"-3";"#NE";"SIM";"Válido";2;"DEFERIDO";"S";"N";-1;-1;"2026-08-07 18:52:09";2;"DEFERIDO";"2";"DEFERIDO";"2";"DEFERIDO";-1;"#NULO";-1;"#NULO";-1;"#NULO";2;"MASCULINO";"1";"BRANCA"
"26/09/2026";"19:31:16";2026;6259;160002542304;-3;"#NE";1;"BRASILEIRA NATA";-3;"BRASILÂNDIA DO SUL";"52";"N";-1;"#NULO";"3176572.53";"#NE";"S";"-1";"06009769420266160000";"-3";"#NE";"-3";"#NE";"SIM";"Válido";2;"DEFERIDO";"S";"N";-1;-1;"2026-08-07 18:52:09";2;"DEFERIDO";"2";"DEFERIDO";"2";"DEFERIDO";-1;"#NULO";-1;"#NULO";-1;"#NULO";4;"FEMININO";"1";"BRANCA"
"26/09/2026";"19:31:16";2026;6259;160002553360;-3;"#NE";1;"BRASILEIRA NATA";-3;"PALMAS";"45";"N";0;"NÃO INFORMADA";"3176572.53";"#NE";"N";"-1";"06017043820266160000";"-3";"#NE";"-3";"#NE";"SIM";"Válido";2;"DEFERIDO";"S";"N";-1;-1;"2026-08-15 17:46:06";2;"DEFERIDO";"2";"DEFERIDO";"2";"DEFERIDO";-1;"#NULO";-1;"#NULO";-1;"#NULO";4;"FEMININO";"1";"BRANCA"
"26/09/2026";"19:31:16";2026;6259;160002540781;-3;"#NE";1;"BRASILEIRA NATA";-3;"JOINVILLE";"73";"N";0;"NÃO INFORMADA";"3176572.53";"#NE";"S";"-1";"06007465220266160000";"-3";"#NE";"-3";"#NE";"SIM";"Válido";2;"DEFERIDO";"S";"N";-1;-1;"2026-08-07 13:55:28";2;"DEFERIDO";"2";"DEFERIDO";"2";"DEFERIDO";-1;"#NULO";-1;"#NULO";-1;"#NULO";2;"MASCULINO";"1";"BRANCA"
"26/09/2026";"19:31:16";2026;6259;160002532855;-3;"#NE";1;"BRASILEIRA NATA";-3;"LONDRINA";"31";"N";0;"NÃO INFORMADA";"3176572.53";"#NE";"S";"-1";"06005759520266160000";"-3";"#NE";"-3";"#NE";"SIM";"Válido";2;"DEFERIDO";"S";"N";-1;-1;"2026-07-28 15:24:25";2;"DEFERIDO";"2";"DEFERIDO";"2";"DEFERIDO";-1;"#NULO";-1;"#NULO";-1;"#NULO";4;"FEMININO";"1";"BRANCA"
"26/09/2026";"19:31:16";2026;6259;160002532863;-3;"#NE";1;"BRASILEIRA NATA";-3;"BANDEIRANTES";"42";"N";0;"NÃO INFORMADA";"3176572.53";"#NE";"S";"-1";"06005837220266160000";"-3";"#NE";"-3";"#NE";"SIM";"Válido";2;"DEFERIDO";"S";"N";-1;-1;"2026-07-28 15:24:25";2;"DEFERIDO";"2";"DEFERIDO";"2";"DEFERIDO";-1;"#NULO";-1;"#NULO";-1;"#NULO";2;"MASCULINO";"3";"PARDA"
"26/09/2026";"19:31:16";2026;6259;160002546893;-3;"#NE";1;"BRASILEIRA NATA";-3;"PORTO DOS GAÚCHOS";"45";"N";0;"NÃO INFORMADA";"3176572.53";"#NE";"S";"-1";"06011007720266160000";"-3";"#NE";"-3";"#NE";"SIM";"Válido";2;"DEFERIDO";"S";"N";-1;-1;"2026-08-11 12:05:18";2;"DEFERIDO";"2";"DEFERIDO";"2";"DEFERIDO";-1;"#NULO";-1;"#NULO";-1;"#NULO";2;"MASCULINO";"1";"BRANCA"
"26/09/2026";"19:31:16";2026;6259;160002542332;-3;"#NE";1;"BRASILEIRA NATA";-3;"PORECATU";"43";"N";0;"NÃO INFORMADA";"3176572.53";"#NE";"S";"-1";"06009110220266160000";"-3";"#NE";"-3";"#NE";"SIM";"Válido";2;"DEFERIDO";"S";"N";-1;-1;"2026-08-07 18:52:37";2;"DEFERIDO";"2";"DEFERIDO";"2";"DEFERIDO";-1;"#NULO";-1;"#NULO";-1;"#NULO";2;"MASCULINO";"3";"PARDA"
"26/09/2026";"19:31:16";2026;6259;160002532608;-3;"#NE";1;"BRASILEIRA NATA";-3;"TOLEDO";"46";"N";0;"NÃO INFORMADA";"3176572.53";"#NE";"S";"-1";"06005386820266160000";"-3";"#NE";"-3";"#NE";"SIM";"Válido";2;"DEFERIDO";"S";"N";-1;-1;"2026-07-27 16:24:27";2;"DEFERIDO";"2";"DEFERIDO";"2";"DEFERIDO";-1;"#NULO";-1;"#NULO";-1;"#NULO";2;"MASCULINO";"1";"BRANCA"
"26/09/2026";"19:31:16";2026;6259;160002536502;-3;"#NE";1;"BRASILEIRA NATA";-3;"PARANAVAÍ";"59";"N";0;"NÃO INFORMADA";"3176572.53";"#NE";"S";"-1";"06006945620266160000";"-3";"#NE";"-3";"#NE";"SIM";"Válido";2;"DEFERIDO";"S";"N";-1;-1;"2026-08-04 17:55:10";2;"DEFERIDO";"2";"DEFERIDO";"2";"DEFERIDO";-1;"#NULO";-1;"#NULO";-1;"#NULO";4;"FEMININO";"1";"BRANCA"
"26/09/2026";"19:31:16";2026;6259;160002547654;-3;"#NE";1;"BRASILEIRA NATA";-3;"LARANJEIRAS DO SUL";"50";"N";0;"NÃO INFORMADA";"-1";"#NE";"S";"-1";"06012721920266160000";"-3";"#NE";"-3";"#NE";"SIM";"#NULO";2;"DEFERIDO";"N";"N";-1;-1;"2026-08-11 12:28:43";2;"DEFERIDO";"2";"DEFERIDO";"2";"DEFERIDO";-1;"#NULO";-1;"#NULO";-1;"#NULO";4;"FEMININO";"1";"BRANCA"
"26/09/2026";"19:31:16";2026;6259;160002547680;-3;"#NE";1;"BRASILEIRA NATA";-3;"ALTO PIQUIRI";"59";"N";0;"NÃO INFORMADA";"1270629.01";"#NE";"N";"-1";"06013207520266160000";"-3";"#NE";"-3";"#NE";"SIM";"Válido";2;"DEFERIDO";"S";"N";-1;-1;"2026-08-11 12:35:16";2;"DEFERIDO";"2";"DEFERIDO";"2";"DEFERIDO";-1;"#NULO";-1;"#NULO";-1;"#NULO";4;"FEMININO";"1";"BRANCA"
"26/09/2026";"19:31:16";2026;6259;160002547674;-3;"#NE";1;"BRASILEIRA NATA";-3;"MARIALVA";"35";"N";-1;"#NULO";"1270629.01";"#NE";"S";"-1";"06013103120266160000";"-3";"#NE";"-3";"#NE";"SIM";"Válido";2;"DEFERIDO";"S";"N";-1;-1;"2026-08-11 12:35:16";2;"DEFERIDO";"2";"DEFERIDO";"2";"DEFERIDO";-1;"#NULO";-1;"#NULO";-1;"#NULO";2;"MASCULINO";"2";"PRETA"
"26/09/2026";"19:31:16";2026;6259;160002554300;-3;"#NE";1;"BRASILEIRA NATA";-3;"PONTA GROSSA";"52";"N";0;"NÃO INFORMADA";"1270629.01";"#NE";"N";"-1";"06019348020266160000";"-3";"#NE";"-3";"#NE";"SIM";"Válido";2;"DEFERIDO";"S";"N";160002547756;-1;"2026-08-27 20:49:39";2;"DEFERIDO";"2";"DEFERIDO";"2";"DEFERIDO";-1;"#NULO";-1;"#NULO";-1;"#NULO";-1;"#NULO";"-1";"#NULO"
"26/09/2026";"19:31:16";2026;6259;160002551158;-3;"#NE";1;"BRASILEIRA NATA";-3;"JAGUARIAÍVA";"36";"N";0;"NÃO INFORMADA";"1270629.01";"#NE";"S";"-1";"06015814020266160000";"-3";"#NE";"-3";"#NE";"SIM";"Válido";2;"DEFERIDO";"S";"N";-1;-1;"2026-08-13 14:59:10";2;"DEFERIDO";"2";"DEFERIDO";"2";"DEFERIDO";-1;"#NULO";-1;"#NULO";-1;"#NULO";2;"MASCULINO";"1";"BRANCA"
"26/09/2026";"19:31:16";2026;6259;160002547550;-3;"#NE";1;"BRASILEIRA NATA";-3;"CURITIBA";"58";"N";0;"NÃO INFORMADA";"1270629.01";"#NE";"S";"-1";"06011881820266160000";"-3";"#NE";"-3";"#NE";"SIM";"Válido";2;"DEFERIDO";"S";"N";-1;-1;"2026-08-11 12:24:57";2;"DEFERIDO";"2";"DEFERIDO";"2";"DEFERIDO";-1;"#NULO";-1;"#NULO";-1;"#NULO";2;"MASCULINO";"1";"BRANCA"
"26/09/2026";"19:31:16";2026;6259;160002542361;-3;"#NE";1;"BRASILEIRA NATA";-3;"TELÊMACO BORBA";"51";"N";0;"NÃO INFORMADA";"1270629.01";"#NE";"S";"-1";"06008980320266160000";"-3";"#NE";"-3";"#NE";"SIM";"Válido";2;"DEFERIDO";"S";"N";-1;-1;"2026-08-07 18:51:36";2;"DEFERIDO";"2";"DEFERIDO";"2";"DEFERIDO";-1;"#NULO";-1;"#NULO";-1;"#NULO";2;"MASCULINO";"1";"BRANCA"
"26/09/2026";"19:31:16";2026;6259;160002542249;-3;"#NE";1;"BRASILEIRA NATA";-3;"UMUARAMA";"36";"N";0;"NÃO INFORMADA";"1270629.01";"#NE";"N";"-1";"06008288320266160000";"-3";"#NE";"-3";"#NE";"SIM";"Válido";2;"DEFERIDO";"S";"N";-1;-1;"2026-08-07 18:50:23";2;"DEFERIDO";"2";"DEFERIDO";"2";"DEFERIDO";-1;"#NULO";-1;"#NULO";-1;"#NULO";4;"FEMININO";"2";"PRETA"
"26/09/2026";"19:31:16";2026;6259;160002533491;-3;"#NE";1;"BRASILEIRA NATA";-3;"SÃO PAULO";"38";"N";0;"NÃO INFORMADA";"1270629.01";"#NE";"S";"-1";"06006547420266160000";"-3";"#NE";"-3";"#NE";"SIM";"Válido";2;"DEFERIDO";"S";"N";-1;-1;"2026-07-29 17:41:27";2;"DEFERIDO";"2";"DEFERIDO";"2";"DEFERIDO";-1;"#NULO";-1;"#NULO";-1;"#NULO";2;"MASCULINO";"1";"BRANCA"
"26/09/2026";"19:31:16";2026;6259;160002547494;-3;"#NE";1;"BRASILEIRA NATA";-3;"FOZ DO IGUAÇU";"41";"N";0;"NÃO INFORMADA";"1270629.01";"#NE";"S";"-1";"06011388920266160000";"-3";"#NE";"-3";"#NE";"SIM";"Válido";2;"DEFERIDO";"S";"N";-1;-1;"2026-08-11 12:24:00";2;"DEFERIDO";"2";"DEFERIDO";"2";"DEFERIDO";-1;"#NULO";-1;"#NULO";-1;"#NULO";4;"FEMININO";"1";"BRANCA"
"26/09/2026";"19:31:16";2026;6259;160002548010;-3;"#NE";1;"BRASILEIRA NATA";-3;"TURVO";"38";"N";-1;"#NULO";"11562724";"#NE";"S";"-1";"06014315920266160000";"-3";"#NE";"-3";"#NE";"SIM";"Válido";2;"DEFERIDO";"S";"N";-1;-1;"2026-08-11 12:40:01";2;"DEFERIDO";"2";"DEFERIDO";"2";"DEFERIDO";-1;"#NULO";-1;"#NULO";-1;"#NULO";2;"MASCULINO";"3";"PARDA"
"26/09/2026";"19:31:16";2026;6259;160002547660;-3;"#NE";1;"BRASILEIRA NATA";-3;"LONDRINA";"35";"N";0;"NÃO INFORMADA";"4447201.54";"#NE";"S";"-1";"06014272220266160000";"-3";"#NE";"-3";"#NE";"SIM";"Válido";2;"DEFERIDO";"S";"N";-1;-1;"2026-08-11 12:31:29";2;"DEFERIDO";"2";"DEFERIDO";"2";"DEFERIDO";-1;"#NULO";-1;"#NULO";-1;"#NULO";2;"MASCULINO";"1";"BRANCA"
"26/09/2026";"19:31:16";2026;6259;160002547389;-3;"#NE";1;"BRASILEIRA NATA";-3;"CONGONHINHAS";"38";"N";-1;"#NULO";"1270629.01";"#NE";"N";"-1";"06013986920266160000";"-3";"#NE";"-3";"#NE";"SIM";"Anulado sub judice";4;"INDEFERIDO EM PRAZO RECURSAL OU COM RECURSO";"S";"N";-1;-1;"2026-08-11 12:36:56";4;"INDEFERIDO EM PRAZO RECURSAL OU COM RECURSO";"4";"INDEFERIDO EM PRAZO RECURSAL OU COM RECURSO";"4";"INDEFERIDO EM PRAZO RECURSAL OU COM RECURSO";-1;"#NULO";-1;"#NULO";-1;"#NULO";4;"FEMININO";"1";"BRANCA"
"26/09/2026";"19:31:16";2026;6259;160002546881;-3;"#NE";1;"BRASILEIRA NATA";-3;"MARTINÓPOLIS";"67";"N";0;"NÃO INFORMADA";"1270629.01";"#NE";"S";"-1";"06010557320266160000";"-3";"#NE";"-3";"#NE";"SIM";"Anulado sub judice";4;"INDEFERIDO EM PRAZO RECURSAL OU COM RECURSO";"S";"N";-1;-1;"2026-08-11 12:01:37";4;"INDEFERIDO EM PRAZO RECURSAL OU COM RECURSO";"4";"INDEFERIDO EM PRAZO RECURSAL OU COM RECURSO";"4";"INDEFERIDO EM PRAZO RECURSAL OU COM RECURSO";-1;"#NULO";-1;"#NULO";-1;"#NULO";2;"MASCULINO";"2";"PRETA"
"26/09/2026";"19:31:16";2026;6259;160002542334;-3;"#NE";1;"BRASILEIRA NATA";-3;"CURITIBA";"37";"N";0;"NÃO INFORMADA";"3176572.53";"#NE";"S";"-1";"06009465920266160000";"-3";"#NE";"-3";"#NE";"SIM";"Anulado sub judice";4;"INDEFERIDO EM PRAZO RECURSAL OU COM RECURSO";"S";"N";-1;-1;"2026-08-07 18:52:37";4;"INDEFERIDO EM PRAZO RECURSAL OU COM RECURSO";"4";"INDEFERIDO EM PRAZO RECURSAL OU COM RECURSO";"4";"INDEFERIDO EM PRAZO RECURSAL OU COM RECURSO";-1;"#NULO";-1;"#NULO";-1;"#NULO";4;"FEMININO";"3";"PARDA"
"26/09/2026";"19:31:16";2026;6259;160002551354;-3;"#NE";1;"BRASILEIRA NATA";-3;"CURITIBA";"39";"N";0;"NÃO INFORMADA";"-1";"#NE";"S";"-1";"06015996120266160000";"-3";"#NE";"-3";"#NE";"SIM";"#NULO";2;"DEFERIDO";"N";"N";-1;-1;"2026-08-14 12:44:35";2;"DEFERIDO";"2";"DEFERIDO";"2";"DEFERIDO";-1;"#NULO";-1;"#NULO";-1;"#NULO";2;"MASCULINO";"1";"BRANCA"
"26/09/2026";"19:31:16";2026;6259;160002547644;-3;"#NE";1;"BRASILEIRA NATA";-3;"MARCELINO RAMOS";"70";"N";0;"NÃO INFORMADA";"1270629.01";"#NE";"S";"-1";"06012392920266160000";"-3";"#NE";"-3";"#NE";"SIM";"Válido";2;"DEFERIDO";"S";"N";-1;-1;"2026-08-11 12:29:53";2;"DEFERIDO";"2";"DEFERIDO";"2";"DEFERIDO";-1;"#NULO";-1;"#NULO";-1;"#NULO";2;"MASCULINO";"1";"BRANCA"
"26/09/2026";"19:31:16";2026;6259;160002547637;-3;"#NE";1;"BRASILEIRA NATA";-3;"SÃO SEBASTIÃO DA AMOREIRA";"64";"N";0;"NÃO INFORMADA";"1270629.01";"#NE";"S";"-1";"06012652720266160000";"-3";"#NE";"-3";"#NE";"SIM";"Válido";2;"DEFERIDO";"S";"N";-1;-1;"2026-08-11 12:29:53";2;"DEFERIDO";"2";"DEFERIDO";"2";"DEFERIDO";-1;"#NULO";-1;"#NULO";-1;"#NULO";2;"MASCULINO";"1";"BRANCA"
"26/09/2026";"19:31:16";2026;6259;160002546837;-3;"#NE";1;"BRASILEIRA NATA";-3;"CURITIBA";"69";"N";0;"NÃO INFORMADA";"1270629.01";"#NE";"S";"-1";"06010054720266160000";"-3";"#NE";"-3";"#NE";"SIM";"Válido";2;"DEFERIDO";"S";"N";-1;-1;"2026-08-11 11:57:23";2;"DEFERIDO";"2";"DEFERIDO";"2";"DEFERIDO";-1;"#NULO";-1;"#NULO";-1;"#NULO";2;"MASCULINO";"1";"BRANCA"
"26/09/2026";"19:31:16";2026;6259;160002540802;-3;"#NE";1;"BRASILEIRA NATA";-3;"TOLEDO";"58";"N";0;"NÃO INFORMADA";"3176572.53";"#NE";"S";"-1";"06007863420266160000";"-3";"#NE";"-3";"#NE";"SIM";"Válido";2;"DEFERIDO";"S";"N";-1;-1;"2026-08-07 13:56:41";2;"DEFERIDO";"2";"DEFERIDO";"2";"DEFERIDO";-1;"#NULO";-1;"#NULO";-1;"#NULO";4;"FEMININO";"1";"BRANCA"
"26/09/2026";"19:31:16";2026;6259;160002554215;-3;"#NE";1;"BRASILEIRA NATA";-3;"SARANDI";"53";"N";-1;"#NULO";"-1";"#NE";"S";"-1";"06019295820266160000";"-3";"#NE";"-3";"#NE";"SIM";"#NULO";2;"DEFERIDO";"N";"N";160002549554;-1;"2026-08-27 20:43:32";2;"DEFERIDO";"2";"DEFERIDO";"2";"DEFERIDO";-1;"#NULO";-1;"#NULO";-1;"#NULO";-1;"#NULO";"-1";"#NULO"
"26/09/2026";"19:31:16";2026;6259;160002540806;-3;"#NE";1;"BRASILEIRA NATA";-3;"CURITIBA";"25";"N";0;"NÃO INFORMADA";"3176572.53";"#NE";"N";"-1";"06007898620266160000";"-3";"#NE";"-3";"#NE";"SIM";"Válido";2;"DEFERIDO";"S";"N";-1;-1;"2026-08-07 13:56:41";2;"DEFERIDO";"2";"DEFERIDO";"2";"DEFERIDO";-1;"#NULO";-1;"#NULO";-1;"#NULO";2;"MASCULINO";"1";"BRANCA"
"26/09/2026";"19:31:16";2026;6259;160002540809;-3;"#NE";1;"BRASILEIRA NATA";-3;"CASCAVEL";"33";"N";0;"NÃO INFORMADA";"3176572.53";"#NE";"S";"-1";"06007655820266160000";"-3";"#NE";"-3";"#NE";"SIM";"Válido";2;"DEFERIDO";"S";"N";-1;-1;"2026-08-07 13:56:41";2;"DEFERIDO";"2";"DEFERIDO";"2";"DEFERIDO";-1;"#NULO";-1;"#NULO";-1;"#NULO";2;"MASCULINO";"1";"BRANCA"
"26/09/2026";"19:31:16";2026;6259;160002549544;-3;"#NE";1;"BRASILEIRA NATA";-3;"PONTA GROSSA";"29";"N";0;"NÃO INFORMADA";"3176572.53";"#NE";"N";"-1";"06014688620266160000";"-3";"#NE";"-3";"#NE";"SIM";"Válido";2;"DEFERIDO";"S";"N";-1;-1;"2026-08-12 12:38:35";2;"DEFERIDO";"2";"DEFERIDO";"2";"DEFERIDO";-1;"#NULO";-1;"#NULO";-1;"#NULO";4;"FEMININO";"1";"BRANCA"
"26/09/2026";"19:31:16";2026;6259;160002542299;-3;"#NE";1;"BRASILEIRA NATA";-3;"UMUARAMA";"44";"N";0;"NÃO INFORMADA";"3176572.53";"#NE";"S";"-1";"06009742720266160000";"-3";"#NE";"-3";"#NE";"SIM";"Válido";2;"DEFERIDO";"S";"N";-1;-1;"2026-08-07 18:52:09";2;"DEFERIDO";"2";"DEFERIDO";"2";"DEFERIDO";-1;"#NULO";-1;"#NULO";-1;"#NULO";4;"FEMININO";"1";"BRANCA"
"26/09/2026";"19:31:16";2026;6259;160002553371;-3;"#NE";1;"BRASILEIRA NATA";-3;"CURITIBA";"53";"N";0;"NÃO INFORMADA";"3176572.53";"#NE";"S";"-1";"06017079020266160000";"-3";"#NE";"-3";"#NE";"SIM";"Válido";2;"DEFERIDO";"S";"N";-1;-1;"2026-08-15 17:46:06";2;"DEFERIDO";"2";"DEFERIDO";"2";"DEFERIDO";-1;"#NULO";-1;"#NULO";-1;"#NULO";4;"FEMININO";"1";"BRANCA"
"26/09/2026";"19:31:16";2026;6259;160002540759;-3;"#NE";1;"BRASILEIRA NATA";-3;"OSASCO";"34";"N";-1;"#NULO";"3176572.53";"#NE";"S";"-1";"06007421520266160000";"-3";"#NE";"-3";"#NE";"SIM";"Válido";2;"DEFERIDO";"S";"N";-1;-1;"2026-08-07 13:55:28";2;"DEFERIDO";"2";"DEFERIDO";"2";"DEFERIDO";-1;"#NULO";-1;"#NULO";-1;"#NULO";4;"FEMININO";"1";"BRANCA"
"26/09/2026";"19:31:16";2026;6259;160002542325;-3;"#NE";1;"BRASILEIRA NATA";-3;"TERRA RICA";"31";"N";0;"NÃO INFORMADA";"3176572.53";"#NE";"S";"-1";"06009170920266160000";"-3";"#NE";"-3";"#NE";"SIM";"Válido";2;"DEFERIDO";"S";"N";-1;-1;"2026-08-07 18:52:37";2;"DEFERIDO";"2";"DEFERIDO";"2";"DEFERIDO";-1;"#NULO";-1;"#NULO";-1;"#NULO";2;"MASCULINO";"1";"BRANCA"
"26/09/2026";"19:31:16";2026;6259;160002542335;-3;"#NE";1;"BRASILEIRA NATA";-3;"CURITIBA";"52";"N";-1;"#NULO";"3176572.53";"#NE";"S";"-1";"06009059220266160000";"-3";"#NE";"-3";"#NE";"SIM";"Válido";2;"DEFERIDO";"S";"N";-1;-1;"2026-08-07 18:52:37";2;"DEFERIDO";"2";"DEFERIDO";"2";"DEFERIDO";-1;"#NULO";-1;"#NULO";-1;"#NULO";2;"MASCULINO";"1";"BRANCA"
"26/09/2026";"19:31:16";2026;6259;160002532617;-3;"#NE";1;"BRASILEIRA NATA";-3;"CAMPO GRANDE";"81";"N";0;"NÃO INFORMADA";"3176572.53";"#NE";"S";"-1";"06005334620266160000";"-3";"#NE";"-3";"#NE";"SIM";"Válido";2;"DEFERIDO";"S";"N";-1;-1;"2026-07-27 16:24:27";2;"DEFERIDO";"2";"DEFERIDO";"2";"DEFERIDO";-1;"#NULO";-1;"#NULO";-1;"#NULO";2;"MASCULINO";"1";"BRANCA"
"26/09/2026";"19:31:16";2026;6259;160002536509;-3;"#NE";1;"BRASILEIRA NATA";-3;"CLEVELÂNDIA";"63";"N";0;"NÃO INFORMADA";"3176572.53";"#NE";"S";"-1";"06006893420266160000";"-3";"#NE";"-3";"#NE";"SIM";"Válido";2;"DEFERIDO";"S";"N";-1;-1;"2026-08-04 17:55:10";2;"DEFERIDO";"2";"DEFERIDO";"2";"DEFERIDO";-1;"#NULO";-1;"#NULO";-1;"#NULO";4;"FEMININO";"1";"BRANCA"
"26/09/2026";"19:31:16";2026;6259;160002542217;-3;"#NE";1;"BRASILEIRA NATA";-3;"CURITIBA";"41";"N";0;"NÃO INFORMADA";"3176572.53";"#NE";"S";"-1";"06008460720266160000";"-3";"#NE";"-3";"#NE";"SIM";"Válido";2;"DEFERIDO";"S";"N";-1;-1;"2026-08-07 18:51:01";2;"DEFERIDO";"2";"DEFERIDO";"2";"DEFERIDO";-1;"#NULO";-1;"#NULO";-1;"#NULO";2;"MASCULINO";"1";"BRANCA"
"26/09/2026";"19:31:16";2026;6259;160002542218;-3;"#NE";1;"BRASILEIRA NATA";-3;"CURITIBA";"86";"N";0;"NÃO INFORMADA";"3176572.53";"#NE";"S";"-1";"06008738720266160000";"-3";"#NE";"-3";"#NE";"SIM";"Válido";2;"DEFERIDO";"S";"N";-1;-1;"2026-08-07 18:51:01";2;"DEFERIDO";"2";"DEFERIDO";"2";"DEFERIDO";-1;"#NULO";-1;"#NULO";-1;"#NULO";2;"MASCULINO";"1";"BRANCA"
"26/09/2026";"19:31:16";2026;6259;160002542224;-3;"#NE";1;"BRASILEIRA NATA";-3;"PORTO ALEGRE";"50";"N";0;"NÃO INFORMADA";"3176572.53";"#NE";"S";"-1";"06008590620266160000";"-3";"#NE";"-3";"#NE";"SIM";"Válido";2;"DEFERIDO";"S";"N";-1;-1;"2026-08-07 18:51:01";2;"DEFERIDO";"2";"DEFERIDO";"2";"DEFERIDO";-1;"#NULO";-1;"#NULO";-1;"#NULO";2;"MASCULINO";"3";"PARDA"
"26/09/2026";"19:31:16";2026;6259;160002547507;-3;"#NE";1;"BRASILEIRA NATA";-3;"SOURE";"71";"N";0;"NÃO INFORMADA";"1270629.01";"#NE";"S";"-1";"06011319720266160000";"-3";"#NE";"-3";"#NE";"SIM";"Válido";2;"DEFERIDO";"S";"N";-1;-1;"2026-08-11 12:24:00";2;"DEFERIDO";"2";"DEFERIDO";"2";"DEFERIDO";-1;"#NULO";-1;"#NULO";-1;"#NULO";2;"MASCULINO";"1";"BRANCA"
"26/09/2026";"19:31:16";2026;6259;160002547394;-3;"#NE";1;"BRASILEIRA NATA";-3;"CIANORTE";"32";"N";0;"NÃO INFORMADA";"1270629.01";"#NE";"S";"-1";"06013934720266160000";"-3";"#NE";"-3";"#NE";"SIM";"Válido";2;"DEFERIDO";"S";"N";-1;-1;"2026-08-11 12:36:56";2;"DEFERIDO";"2";"DEFERIDO";"2";"DEFERIDO";-1;"#NULO";-1;"#NULO";-1;"#NULO";2;"MASCULINO";"1";"BRANCA"
"26/09/2026";"19:31:16";2026;6259;160002546876;-3;"#NE";1;"BRASILEIRA NATA";-3;"CURITIBA";"57";"N";0;"NÃO INFORMADA";"1270629.01";"#NE";"S";"-1";"06010618020266160000";"-3";"#NE";"-3";"#NE";"SIM";"Válido";2;"DEFERIDO";"S";"N";-1;-1;"2026-08-11 12:01:37";2;"DEFERIDO";"2";"DEFERIDO";"2";"DEFERIDO";-1;"#NULO";-1;"#NULO";-1;"#NULO";2;"MASCULINO";"3";"PARDA"
"26/09/2026";"19:31:16";2026;6259;160002546852;-3;"#NE";1;"BRASILEIRA NATA";-3;"PARAMBU";"49";"N";0;"NÃO INFORMADA";"1270629.01";"#NE";"N";"-1";"06010427420266160000";"-3";"#NE";"-3";"#NE";"SIM";"Válido";2;"DEFERIDO";"S";"N";-1;-1;"2026-08-11 12:01:37";2;"DEFERIDO";"2";"DEFERIDO";"2";"DEFERIDO";-1;"#NULO";-1;"#NULO";-1;"#NULO";2;"MASCULINO";"3";"PARDA"
"26/09/2026";"19:31:16";2026;6259;160002546832;-3;"#NE";1;"BRASILEIRA NATA";-3;"CAMPO MOURÃO";"61";"N";0;"NÃO INFORMADA";"1270629.01";"#NE";"S";"-1";"06010159120266160000";"-3";"#NE";"-3";"#NE";"SIM";"Válido";2;"DEFERIDO";"S";"N";-1;-1;"2026-08-11 11:57:23";2;"DEFERIDO";"2";"DEFERIDO";"2";"DEFERIDO";-1;"#NULO";-1;"#NULO";-1;"#NULO";2;"MASCULINO";"1";"BRANCA"
"26/09/2026";"19:31:16";2026;6259;160002546810;-3;"#NE";1;"BRASILEIRA NATA";-3;"MANDAGUARI";"54";"N";0;"NÃO INFORMADA";"1270629.01";"#NE";"S";"-1";"06010262320266160000";"-3";"#NE";"-3";"#NE";"SIM";"Válido";2;"DEFERIDO";"S";"N";-1;-1;"2026-08-11 11:57:23";2;"DEFERIDO";"2";"DEFERIDO";"2";"DEFERIDO";-1;"#NULO";-1;"#NULO";-1;"#NULO";2;"MASCULINO";"1";"BRANCA"
"26/09/2026";"19:31:16";2026;6259;160002552804;-3;"#NE";1;"BRASILEIRA NATA";-3;"CURITIBA";"42";"N";0;"NÃO INFORMADA";"1270629.01";"#NE";"N";"-1";"06016186720266160000";"-3";"#NE";"-3";"#NE";"SIM";"Válido";2;"DEFERIDO";"S";"N";-1;-1;"2026-08-15 13:17:58";2;"DEFERIDO";"2";"DEFERIDO";"2";"DEFERIDO";-1;"#NULO";-1;"#NULO";-1;"#NULO";4;"FEMININO";"2";"PRETA"
"26/09/2026";"19:31:16";2026;6259;160002552818;-3;"#NE";1;"BRASILEIRA NATA";-3;"MARINGÁ";"32";"N";0;"NÃO INFORMADA";"1270629.01";"#NE";"S";"-1";"06016143020266160000";"-3";"#NE";"-3";"#NE";"SIM";"Válido";2;"DEFERIDO";"S";"N";-1;-1;"2026-08-15 13:17:58";2;"DEFERIDO";"2";"DEFERIDO";"2";"DEFERIDO";-1;"#NULO";-1;"#NULO";-1;"#NULO";4;"FEMININO";"1";"BRANCA"
"26/09/2026";"19:31:16";2026;6259;160002547724;-3;"#NE";1;"BRASILEIRA NATA";-3;"SANTA CRUZ DO CAPIBARIBE";"74";"N";0;"NÃO INFORMADA";"3176572.53";"#NE";"N";"-1";"06013328920266160000";"-3";"#NE";"-3";"#NE";"SIM";"Válido";2;"DEFERIDO";"S";"N";-1;-1;"2026-08-11 12:34:01";2;"DEFERIDO";"2";"DEFERIDO";"2";"DEFERIDO";-1;"#NULO";-1;"#NULO";-1;"#NULO";2;"MASCULINO";"3";"PARDA"
"26/09/2026";"19:31:16";2026;6259;160002547718;-3;"#NE";1;"BRASILEIRA NATA";-3;"CURITIBA";"60";"N";-1;"#NULO";"3176572.53";"#NE";"N";"-1";"06013241520266160000";"-3";"#NE";"-3";"#NE";"SIM";"Válido";2;"DEFERIDO";"S";"N";-1;-1;"2026-08-11 12:34:01";2;"DEFERIDO";"2";"DEFERIDO";"2";"DEFERIDO";-1;"#NULO";-1;"#NULO";-1;"#NULO";4;"FEMININO";"1";"BRANCA"
"26/09/2026";"19:31:16";2026;6259;160002540808;-3;"#NE";1;"BRASILEIRA NATA";-3;"CURITIBA";"41";"N";0;"NÃO INFORMADA";"3176572.53";"#NE";"S";"-1";"06007777220266160000";"-3";"#NE";"-3";"#NE";"SIM";"Válido";2;"DEFERIDO";"S";"N";-1;-1;"2026-08-07 13:56:41";2;"DEFERIDO";"2";"DEFERIDO";"2";"DEFERIDO";-1;"#NULO";-1;"#NULO";-1;"#NULO";4;"FEMININO";"1";"BRANCA"
"26/09/2026";"19:31:16";2026;6259;160002542294;-3;"#NE";1;"BRASILEIRA NATA";-3;"CURITIBA";"56";"N";0;"NÃO INFORMADA";"3176572.53";"#NE";"S";"-1";"06009526620266160000";"-3";"#NE";"-3";"#NE";"SIM";"Válido";2;"DEFERIDO";"S";"N";-1;-1;"2026-08-07 18:52:09";2;"DEFERIDO";"2";"DEFERIDO";"2";"DEFERIDO";-1;"#NULO";-1;"#NULO";-1;"#NULO";2;"MASCULINO";"3";"PARDA"
"26/09/2026";"19:31:16";2026;6259;160002553356;-3;"#NE";1;"BRASILEIRA NATA";-3;"GUARAPUAVA";"41";"N";0;"NÃO INFORMADA";"3176572.53";"#NE";"S";"-1";"06017060820266160000";"-3";"#NE";"-3";"#NE";"SIM";"Válido";2;"DEFERIDO";"S";"N";-1;-1;"2026-08-15 17:46:06";2;"DEFERIDO";"2";"DEFERIDO";"2";"DEFERIDO";-1;"#NULO";-1;"#NULO";-1;"#NULO";2;"MASCULINO";"1";"BRANCA"
"26/09/2026";"19:31:16";2026;6259;160002532877;-3;"#NE";1;"BRASILEIRA NATA";-3;"BOTUCATU";"63";"N";-1;"#NULO";"3176572.53";"#NE";"S";"-1";"06005802020266160000";"-3";"#NE";"-3";"#NE";"SIM";"Válido";2;"DEFERIDO";"S";"N";-1;-1;"2026-07-28 15:24:25";2;"DEFERIDO";"2";"DEFERIDO";"2";"DEFERIDO";-1;"#NULO";-1;"#NULO";-1;"#NULO";4;"FEMININO";"1";"BRANCA"
"26/09/2026";"19:31:16";2026;6259;160002546896;-3;"#NE";1;"BRASILEIRA NATA";-3;"CORNÉLIO PROCÓPIO";"50";"N";0;"NÃO INFORMADA";"3176572.53";"#NE";"S";"-1";"06010834120266160000";"-3";"#NE";"-3";"#NE";"SIM";"Válido";2;"DEFERIDO";"S";"N";-1;-1;"2026-08-11 12:05:18";2;"DEFERIDO";"2";"DEFERIDO";"2";"DEFERIDO";-1;"#NULO";-1;"#NULO";-1;"#NULO";2;"MASCULINO";"1";"BRANCA"
"26/09/2026";"19:31:16";2026;6259;160002542219;-3;"#NE";1;"BRASILEIRA NATA";-3;"CURITIBA";"53";"N";0;"NÃO INFORMADA";"3176572.53";"#NE";"S";"-1";"06008617320266160000";"-3";"#NE";"-3";"#NE";"SIM";"Válido";2;"DEFERIDO";"S";"N";-1;-1;"2026-08-07 18:51:01";2;"DEFERIDO";"2";"DEFERIDO";"2";"DEFERIDO";-1;"#NULO";-1;"#NULO";-1;"#NULO";4;"FEMININO";"2";"PRETA"
"26/09/2026";"19:31:16";2026;6259;160002551120;-3;"#NE";1;"BRASILEIRA NATA";-3;"CURITIBA";"44";"N";0;"NÃO INFORMADA";"-1";"#NE";"S";"-1";"06015866220266160000";"-3";"#NE";"-3";"#NE";"SIM";"#NULO";2;"DEFERIDO";"N";"N";-1;-1;"2026-08-13 14:56:25";2;"DEFERIDO";"2";"DEFERIDO";"2";"DEFERIDO";-1;"#NULO";-1;"#NULO";-1;"#NULO";2;"MASCULINO";"3";"PARDA"
"26/09/2026";"19:31:16";2026;6259;160002551045;-3;"#NE";1;"BRASILEIRA NATA";-3;"LUCÉLIA";"41";"N";-1;"#NULO";"-1";"#NE";"S";"-1";"06015510520266160000";"-3";"#NE";"-3";"#NE";"SIM";"#NULO";2;"DEFERIDO";"N";"N";-1;-1;"2026-08-13 14:53:37";2;"DEFERIDO";"2";"DEFERIDO";"2";"DEFERIDO";-1;"#NULO";-1;"#NULO";-1;"#NULO";2;"MASCULINO";"1";"BRANCA"
"26/09/2026";"19:31:16";2026;6259;160002541982;-3;"#NE";1;"BRASILEIRA NATA";-3;"CURITIBA";"63";"N";0;"NÃO INFORMADA";"3176572.53";"#NE";"S";"-1";"06008625820266160000";"-3";"#NE";"-3";"#NE";"SIM";"Válido";2;"DEFERIDO";"S";"N";-1;-1;"2026-08-07 18:51:01";2;"DEFERIDO";"2";"DEFERIDO";"2";"DEFERIDO";-1;"#NULO";-1;"#NULO";-1;"#NULO";2;"MASCULINO";"2";"PRETA"
"26/09/2026";"19:31:16";2026;6259;160002547585;-3;"#NE";1;"BRASILEIRA NATA";-3;"CURITIBA";"52";"N";-1;"#NULO";"3176572.53";"#NE";"S";"-1";"06011674220266160000";"-3";"#NE";"-3";"#NE";"SIM";"Válido";2;"DEFERIDO";"S";"N";-1;-1;"2026-08-11 12:26:56";2;"DEFERIDO";"2";"DEFERIDO";"2";"DEFERIDO";-1;"#NULO";-1;"#NULO";-1;"#NULO";4;"FEMININO";"1";"BRANCA"
"26/09/2026";"19:31:16";2026;6259;160002547565;-3;"#NE";1;"BRASILEIRA NATA";-3;"FRANCISCO BELTRÃO";"68";"N";0;"NÃO INFORMADA";"3176572.53";"#NE";"S";"-1";"06011665720266160000";"-3";"#NE";"-3";"#NE";"SIM";"Válido";2;"DEFERIDO";"S";"N";-1;-1;"2026-08-11 12:26:56";2;"DEFERIDO";"2";"DEFERIDO";"2";"DEFERIDO";-1;"#NULO";-1;"#NULO";-1;"#NULO";2;"MASCULINO";"1";"BRANCA"
"26/09/2026";"19:31:16";2026;6259;160002551180;-3;"#NE";1;"BRASILEIRA NATA";-3;"REGISTRO";"23";"N";0;"NÃO INFORMADA";"1270629.01";"#NE";"N";"-1";"06015770320266160000";"-3";"#NE";"-3";"#NE";"SIM";"Válido";2;"DEFERIDO";"S";"N";-1;-1;"2026-08-13 14:59:10";2;"DEFERIDO";"2";"DEFERIDO";"2";"DEFERIDO";-1;"#NULO";-1;"#NULO";-1;"#NULO";2;"MASCULINO";"1";"BRANCA"
"26/09/2026";"19:31:16";2026;6259;160002551170;-3;"#NE";1;"BRASILEIRA NATA";-3;"APUCARANA";"57";"N";0;"NÃO INFORMADA";"1270629.01";"#NE";"N";"-1";"06015831020266160000";"-3";"#NE";"-3";"#NE";"SIM";"Válido";2;"DEFERIDO";"S";"N";-1;-1;"2026-08-13 14:59:10";2;"DEFERIDO";"2";"DEFERIDO";"2";"DEFERIDO";-1;"#NULO";-1;"#NULO";-1;"#NULO";2;"MASCULINO";"1";"BRANCA"
"26/09/2026";"19:31:16";2026;6259;160002551167;-3;"#NE";1;"BRASILEIRA NATA";-3;"PATO BRANCO";"23";"N";0;"NÃO INFORMADA";"1270629.01";"#NE";"S";"-1";"06015736320266160000";"-3";"#NE";"-3";"#NE";"SIM";"Válido";2;"DEFERIDO";"S";"N";-1;-1;"2026-08-13 14:59:10";2;"DEFERIDO";"2";"DEFERIDO";"2";"DEFERIDO";-1;"#NULO";-1;"#NULO";-1;"#NULO";2;"MASCULINO";"1";"BRANCA"
"26/09/2026";"19:31:16";2026;6259;160002542373;-3;"#NE";1;"BRASILEIRA NATA";-3;"CURITIBA";"51";"N";-1;"#NULO";"1270629.01";"#NE";"N";"-1";"06009128420266160000";"-3";"#NE";"-3";"#NE";"SIM";"Válido";2;"DEFERIDO";"S";"N";-1;-1;"2026-08-07 18:51:36";2;"DEFERIDO";"2";"DEFERIDO";"2";"DEFERIDO";-1;"#NULO";-1;"#NULO";-1;"#NULO";2;"MASCULINO";"2";"PRETA"
"26/09/2026";"19:31:16";2026;6259;160002542281;-3;"#NE";1;"BRASILEIRA NATA";-3;"BARRA DE SÃO FRANCISCO";"63";"N";-1;"#NULO";"1270629.01";"#NE";"S";"-1";"06008192420266160000";"-3";"#NE";"-3";"#NE";"SIM";"Válido";2;"DEFERIDO";"S";"N";-1;-1;"2026-08-07 18:50:23";2;"DEFERIDO";"2";"DEFERIDO";"2";"DEFERIDO";-1;"#NULO";-1;"#NULO";-1;"#NULO";2;"MASCULINO";"1";"BRANCA"
"26/09/2026";"19:31:16";2026;6259;160002533469;-3;"#NE";1;"BRASILEIRA NATA";-3;"CAMBÉ";"50";"N";-1;"#NULO";"1270629.01";"#NE";"N";"-1";"06006235420266160000";"-3";"#NE";"-3";"#NE";"SIM";"Válido";2;"DEFERIDO";"S";"N";-1;-1;"2026-07-29 17:41:27";2;"DEFERIDO";"2";"DEFERIDO";"2";"DEFERIDO";-1;"#NULO";-1;"#NULO";-1;"#NULO";4;"FEMININO";"3";"PARDA"
"26/09/2026";"19:31:16";2026;6259;160002542256;-3;"#NE";1;"BRASILEIRA NATA";-3;"GUARAPUAVA";"67";"N";-1;"#NULO";"1270629.01";"#NE";"S";"-1";"06008054020266160000";"-3";"#NE";"-3";"#NE";"SIM";"Válido";2;"DEFERIDO";"S";"N";-1;-1;"2026-08-07 18:50:23";2;"DEFERIDO";"2";"DEFERIDO";"2";"DEFERIDO";-1;"#NULO";-1;"#NULO";-1;"#NULO";2;"MASCULINO";"1";"BRANCA"
"26/09/2026";"19:31:16";2026;6259;160002533468;-3;"#NE";1;"BRASILEIRA NATA";-3;"BARRACÃO";"51";"N";0;"NÃO INFORMADA";"1270629.01";"#NE";"S";"-1";"06006174720266160000";"-3";"#NE";"-3";"#NE";"SIM";"Válido";2;"DEFERIDO";"S";"N";-1;-1;"2026-07-29 17:41:27";2;"DEFERIDO";"2";"DEFERIDO";"2";"DEFERIDO";-1;"#NULO";-1;"#NULO";-1;"#NULO";2;"MASCULINO";"1";"BRANCA"
"26/09/2026";"19:31:16";2026;6259;160002533456;-3;"#NE";1;"BRASILEIRA NATA";-3;"PATO BRANCO";"50";"N";0;"NÃO INFORMADA";"1270629.01";"#NE";"S";"-1";"06006434520266160000";"-3";"#NE";"-3";"#NE";"SIM";"Válido";2;"DEFERIDO";"S";"N";-1;-1;"2026-07-29 17:41:27";2;"DEFERIDO";"2";"DEFERIDO";"2";"DEFERIDO";-1;"#NULO";-1;"#NULO";-1;"#NULO";4;"FEMININO";"1";"BRANCA"
"26/09/2026";"19:31:16";2026;6259;160002533441;-3;"#NE";1;"BRASILEIRA NATA";-3;"GUARANIAÇU";"50";"N";0;"NÃO INFORMADA";"1270629.01";"#NE";"S";"-1";"06006417520266160000";"-3";"#NE";"-3";"#NE";"SIM";"Válido";2;"DEFERIDO";"S";"N";-1;-1;"2026-07-29 17:41:27";2;"DEFERIDO";"2";"DEFERIDO";"2";"DEFERIDO";-1;"#NULO";-1;"#NULO";-1;"#NULO";4;"FEMININO";"1";"BRANCA"
"26/09/2026";"19:31:16";2026;6259;160002532869;-3;"#NE";1;"BRASILEIRA NATA";-3;"CURITIBA";"48";"N";-1;"#NULO";"3176572.53";"#NE";"S";"-1";"06005663620266160000";"-3";"#NE";"-3";"#NE";"NÃO";"#NULO";-1;"#NULO";"N";"S";-1;-1;"2026-07-28 15:24:25";6;"RENÚNCIA";"-1";"#NULO";"-1";"#NULO";-1;"#NULO";-1;"#NULO";-1;"#NULO";2;"MASCULINO";"2";"PRETA"
"26/09/2026";"19:31:16";2026;6259;160002533448;-3;"#NE";1;"BRASILEIRA NATA";-3;"LONDRINA";"55";"N";-1;"#NULO";"1270629.01";"#NE";"N";"-1";"06006287620266160000";"-3";"#NE";"-3";"#NE";"SIM";"Anulado sub judice";4;"INDEFERIDO EM PRAZO RECURSAL OU COM RECURSO";"S";"N";-1;-1;"2026-07-29 17:41:27";4;"INDEFERIDO EM PRAZO RECURSAL OU COM RECURSO";"4";"INDEFERIDO EM PRAZO RECURSAL OU COM RECURSO";"4";"INDEFERIDO EM PRAZO RECURSAL OU COM RECURSO";-1;"#NULO";-1;"#NULO";-1;"#NULO";2;"MASCULINO";"1";"BRANCA"
"26/09/2026";"19:31:16";2026;6259;160002549526;-3;"#NE";1;"BRASILEIRA NATA";-3;"CURITIBA";"70";"N";0;"NÃO INFORMADA";"3176572.53";"#NE";"S";"-1";"06014852520266160000";"-3";"#NE";"-3";"#NE";"SIM";"Válido";17;"PENDENTE DE JULGAMENTO";"S";"N";-1;-1;"2026-08-12 12:38:35";17;"PENDENTE DE JULGAMENTO";"17";"PENDENTE DE JULGAMENTO";"17";"PENDENTE DE JULGAMENTO";-1;"#NULO";-1;"#NULO";-1;"#NULO";2;"MASCULINO";"1";"BRANCA"
"26/09/2026";"19:31:16";2026;6259;160002547601;-3;"#NE";1;"BRASILEIRA NATA";-3;"JANDAIA DO SUL";"44";"N";0;"NÃO INFORMADA";"1270629.01";"#NE";"N";"-1";"06012549520266160000";"-3";"#NE";"-3";"#NE";"SIM";"Válido";2;"DEFERIDO";"S";"N";-1;-1;"2026-08-11 12:29:53";2;"DEFERIDO";"2";"DEFERIDO";"2";"DEFERIDO";-1;"#NULO";-1;"#NULO";-1;"#NULO";2;"MASCULINO";"1";"BRANCA"
"26/09/2026";"19:31:16";2026;6259;160002547632;-3;"#NE";1;"BRASILEIRA NATA";-3;"CURITIBA";"34";"N";0;"NÃO INFORMADA";"1270629.01";"#NE";"S";"-1";"06012428120266160000";"-3";"#NE";"-3";"#NE";"SIM";"Válido";2;"DEFERIDO";"S";"N";-1;-1;"2026-08-11 12:29:53";2;"DEFERIDO";"2";"DEFERIDO";"2";"DEFERIDO";-1;"#NULO";-1;"#NULO";-1;"#NULO";2;"MASCULINO";"1";"BRANCA"
"26/09/2026";"19:31:16";2026;6259;160002546821;-3;"#NE";1;"BRASILEIRA NATA";-3;"QUATIGUÁ";"50";"N";0;"NÃO INFORMADA";"1270629.01";"#NE";"S";"-1";"06010245320266160000";"-3";"#NE";"-3";"#NE";"SIM";"Válido";2;"DEFERIDO";"S";"N";-1;-1;"2026-08-11 11:57:23";2;"DEFERIDO";"2";"DEFERIDO";"2";"DEFERIDO";-1;"#NULO";-1;"#NULO";-1;"#NULO";2;"MASCULINO";"1";"BRANCA"
"26/09/2026";"19:31:16";2026;6259;160002546843;-3;"#NE";1;"BRASILEIRA NATA";-3;"SÃO JOSÉ DOS PINHAIS";"43";"N";0;"NÃO INFORMADA";"1270629.01";"#NE";"S";"-1";"06010270820266160000";"-3";"#NE";"-3";"#NE";"SIM";"Válido";2;"DEFERIDO";"S";"N";-1;-1;"2026-08-11 11:57:23";2;"DEFERIDO";"2";"DEFERIDO";"2";"DEFERIDO";-1;"#NULO";-1;"#NULO";-1;"#NULO";2;"MASCULINO";"1";"BRANCA"
"26/09/2026";"19:31:16";2026;6259;160002540800;-3;"#NE";1;"BRASILEIRA NATA";-3;"LONDRINA";"41";"N";0;"NÃO INFORMADA";"3176572.53";"#NE";"S";"-1";"06007742020266160000";"-3";"#NE";"-3";"#NE";"SIM";"Válido";2;"DEFERIDO";"S";"N";-1;-1;"2026-08-07 13:56:41";2;"DEFERIDO";"2";"DEFERIDO";"2";"DEFERIDO";-1;"#NULO";-1;"#NULO";-1;"#NULO";4;"FEMININO";"1";"BRANCA"
"26/09/2026";"19:31:16";2026;6259;160002547686;-3;"#NE";1;"BRASILEIRA NATA";-3;"CIANORTE";"58";"N";0;"NÃO INFORMADA";"1270629.01";"#NE";"S";"-1";"06013199020266160000";"-3";"#NE";"-3";"#NE";"NÃO";"#NULO";-1;"#NULO";"N";"N";-1;-1;"2026-08-11 12:35:16";6;"RENÚNCIA";"-1";"#NULO";"-1";"#NULO";-1;"#NULO";-1;"#NULO";-1;"#NULO";2;"MASCULINO";"4";"AMARELA"
"26/09/2026";"19:31:16";2026;6259;160002551040;-3;"#NE";1;"BRASILEIRA NATA";-3;"SÃO PAULO";"43";"N";0;"NÃO INFORMADA";"3176572.53";"#NE";"S";"-1";"06015277420266160000";"-3";"#NE";"-3";"#NE";"SIM";"Válido";2;"DEFERIDO";"S";"N";-1;-1;"2026-08-13 14:52:35";2;"DEFERIDO";"2";"DEFERIDO";"2";"DEFERIDO";-1;"#NULO";-1;"#NULO";-1;"#NULO";2;"MASCULINO";"1";"BRANCA"
"26/09/2026";"19:31:16";2026;6259;160002542326;-3;"#NE";1;"BRASILEIRA NATA";-3;"SANTA CRUZ DO RIO PARDO";"68";"N";0;"NÃO INFORMADA";"3176572.53";"#NE";"S";"-1";"06009275320266160000";"-3";"#NE";"-3";"#NE";"SIM";"Válido";2;"DEFERIDO";"S";"N";-1;-1;"2026-08-07 18:52:37";2;"DEFERIDO";"2";"DEFERIDO";"2";"DEFERIDO";-1;"#NULO";-1;"#NULO";-1;"#NULO";2;"MASCULINO";"1";"BRANCA"
"26/09/2026";"19:31:16";2026;6259;160002542314;-3;"#NE";1;"BRASILEIRA NATA";-3;"LONDRINA";"59";"N";0;"NÃO INFORMADA";"3176572.53";"#NE";"S";"-1";"06009136920266160000";"-3";"#NE";"-3";"#NE";"SIM";"Válido";2;"DEFERIDO";"S";"N";-1;-1;"2026-08-07 18:52:37";2;"DEFERIDO";"2";"DEFERIDO";"2";"DEFERIDO";-1;"#NULO";-1;"#NULO";-1;"#NULO";2;"MASCULINO";"1";"BRANCA"
"26/09/2026";"19:31:16";2026;6259;160002536507;-3;"#NE";1;"BRASILEIRA NATA";-3;"ASSAÍ";"58";"N";-1;"#NULO";"3176572.53";"#NE";"S";"-1";"06007040320266160000";"-3";"#NE";"-3";"#NE";"SIM";"Válido";2;"DEFERIDO";"S";"N";-1;-1;"2026-08-04 17:55:10";2;"DEFERIDO";"2";"DEFERIDO";"2";"DEFERIDO";-1;"#NULO";-1;"#NULO";-1;"#NULO";2;"MASCULINO";"1";"BRANCA"
"26/09/2026";"19:31:16";2026;6259;160002541992;-3;"#NE";1;"BRASILEIRA NATA";-3;"MANDAGUARI";"68";"N";-1;"#NULO";"3176572.53";"#NE";"S";"-1";"06008539620266160000";"-3";"#NE";"-3";"#NE";"SIM";"Válido";2;"DEFERIDO";"S";"N";-1;-1;"2026-08-07 18:51:01";2;"DEFERIDO";"2";"DEFERIDO";"2";"DEFERIDO";-1;"#NULO";-1;"#NULO";-1;"#NULO";2;"MASCULINO";"1";"BRANCA"
"26/09/2026";"19:31:16";2026;6259;160002542228;-3;"#NE";1;"BRASILEIRA NATA";-3;"SÃO PAULO";"24";"N";0;"NÃO INFORMADA";"3176572.53";"#NE";"N";"-1";"06008678020266160000";"-3";"#NE";"-3";"#NE";"SIM";"Válido";2;"DEFERIDO";"S";"N";-1;-1;"2026-08-07 18:51:01";2;"DEFERIDO";"2";"DEFERIDO";"2";"DEFERIDO";-1;"#NULO";-1;"#NULO";-1;"#NULO";4;"FEMININO";"1";"BRANCA"
"26/09/2026";"19:31:16";2026;6259;160002547720;-3;"#NE";1;"BRASILEIRA NATA";-3;"ITARARÉ";"40";"N";-1;"#NULO";"3176572.53";"#NE";"N";"-1";"06013398120266160000";"-3";"#NE";"-3";"#NE";"SIM";"Válido";2;"DEFERIDO";"S";"N";-1;-1;"2026-08-11 12:34:01";2;"DEFERIDO";"2";"DEFERIDO";"2";"DEFERIDO";-1;"#NULO";-1;"#NULO";-1;"#NULO";2;"MASCULINO";"3";"PARDA"
"26/09/2026";"19:31:16";2026;6259;160002552821;-3;"#NE";1;"BRASILEIRA NATA";-3;"FOZ DO IGUAÇU";"44";"N";0;"NÃO INFORMADA";"1270629.01";"#NE";"N";"-1";"06016255920266160000";"-3";"#NE";"-3";"#NE";"SIM";"Válido";2;"DEFERIDO";"S";"N";-1;-1;"2026-08-15 13:17:58";2;"DEFERIDO";"2";"DEFERIDO";"2";"DEFERIDO";-1;"#NULO";-1;"#NULO";-1;"#NULO";2;"MASCULINO";"3";"PARDA"
"26/09/2026";"19:31:16";2026;6259;160002547731;-3;"#NE";1;"BRASILEIRA NATA";-3;"GUARAPUAVA";"73";"N";0;"NÃO INFORMADA";"1270629.01";"#NE";"S";"-1";"06013779320266160000";"-3";"#NE";"-3";"#NE";"SIM";"Válido";2;"DEFERIDO";"S";"N";-1;-1;"2026-08-11 12:36:21";2;"DEFERIDO";"2";"DEFERIDO";"2";"DEFERIDO";-1;"#NULO";-1;"#NULO";-1;"#NULO";4;"FEMININO";"1";"BRANCA"
"26/09/2026";"19:31:16";2026;6259;160002547749;-3;"#NE";1;"BRASILEIRA NATA";-3;"CURITIBA";"74";"N";0;"NÃO INFORMADA";"1270629.01";"#NE";"N";"-1";"06013787820266160000";"-3";"#NE";"-3";"#NE";"SIM";"Válido";2;"DEFERIDO";"S";"N";-1;-1;"2026-08-11 12:36:21";2;"DEFERIDO";"2";"DEFERIDO";"2";"DEFERIDO";-1;"#NULO";-1;"#NULO";-1;"#NULO";2;"MASCULINO";"3";"PARDA"
"26/09/2026";"19:31:16";2026;6259;160002553382;-3;"#NE";1;"BRASILEIRA NATA";-3;"CURITIBA";"44";"N";-1;"#NULO";"1270629.01";"#NE";"S";"-1";"06017156720266160000";"-3";"#NE";"-3";"#NE";"SIM";"Válido";2;"DEFERIDO";"S";"N";-1;-1;"2026-08-15 17:47:33";2;"DEFERIDO";"2";"DEFERIDO";"2";"DEFERIDO";-1;"#NULO";-1;"#NULO";-1;"#NULO";2;"MASCULINO";"1";"BRANCA"
"26/09/2026";"19:31:16";2026;6259;160002553380;-3;"#NE";1;"BRASILEIRA NATA";-3;"CASCAVEL";"65";"N";0;"NÃO INFORMADA";"1270629.01";"#NE";"S";"-1";"06017121520266160000";"-3";"#NE";"-3";"#NE";"SIM";"Válido";2;"DEFERIDO";"S";"N";-1;-1;"2026-08-15 17:47:33";2;"DEFERIDO";"2";"DEFERIDO";"2";"DEFERIDO";-1;"#NULO";-1;"#NULO";-1;"#NULO";4;"FEMININO";"1";"BRANCA"
"26/09/2026";"19:31:16";2026;6259;160002551172;-3;"#NE";1;"BRASILEIRA NATA";-3;"CURITIBA";"31";"N";0;"NÃO INFORMADA";"1270629.01";"#NE";"N";"-1";"06015788520266160000";"-3";"#NE";"-3";"#NE";"SIM";"Válido";2;"DEFERIDO";"S";"N";-1;-1;"2026-08-13 14:59:10";2;"DEFERIDO";"2";"DEFERIDO";"2";"DEFERIDO";-1;"#NULO";-1;"#NULO";-1;"#NULO";2;"MASCULINO";"3";"PARDA"
"26/09/2026";"19:31:16";2026;6259;160002551163;-3;"#NE";1;"BRASILEIRA NATA";-3;"MARINGÁ";"29";"N";0;"NÃO INFORMADA";"1270629.01";"#NE";"S";"-1";"06015684120266160000";"-3";"#NE";"-3";"#NE";"SIM";"Válido";2;"DEFERIDO";"S";"N";-1;-1;"2026-08-13 14:59:10";2;"DEFERIDO";"2";"DEFERIDO";"2";"DEFERIDO";-1;"#NULO";-1;"#NULO";-1;"#NULO";2;"MASCULINO";"1";"BRANCA"
"26/09/2026";"19:31:16";2026;6259;160002547556;-3;"#NE";1;"BRASILEIRA NATA";-3;"CURITIBA";"39";"N";0;"NÃO INFORMADA";"1270629.01";"#NE";"S";"-1";"06011908520266160000";"-3";"#NE";"-3";"#NE";"SIM";"Válido";2;"DEFERIDO";"S";"N";-1;-1;"2026-08-11 12:24:57";2;"DEFERIDO";"2";"DEFERIDO";"2";"DEFERIDO";-1;"#NULO";-1;"#NULO";-1;"#NULO";4;"FEMININO";"1";"BRANCA"
"26/09/2026";"19:31:16";2026;6259;160002542381;-3;"#NE";1;"BRASILEIRA NATA";-3;"MATELÂNDIA";"48";"N";-1;"#NULO";"1270629.01";"#NE";"S";"-1";"06008781220266160000";"-3";"#NE";"-3";"#NE";"SIM";"Válido";2;"DEFERIDO";"S";"N";-1;-1;"2026-08-07 18:51:36";2;"DEFERIDO";"2";"DEFERIDO";"2";"DEFERIDO";-1;"#NULO";-1;"#NULO";-1;"#NULO";4;"FEMININO";"1";"BRANCA"
"26/09/2026";"19:31:16";2026;6259;160002547527;-3;"#NE";1;"BRASILEIRA NATA";-3;"CURITIBA";"39";"N";0;"NÃO INFORMADA";"1270629.01";"#NE";"S";"-1";"06011154620266160000";"-3";"#NE";"-3";"#NE";"SIM";"Válido";2;"DEFERIDO";"S";"N";-1;-1;"2026-08-11 12:24:00";2;"DEFERIDO";"2";"DEFERIDO";"2";"DEFERIDO";-1;"#NULO";-1;"#NULO";-1;"#NULO";2;"MASCULINO";"1";"BRANCA"
"26/09/2026";"19:31:16";2026;6259;160002547499;-3;"#NE";1;"BRASILEIRA NATA";-3;"MARECHAL CÂNDIDO RONDON";"28";"N";0;"NÃO INFORMADA";"1270629.01";"#NE";"S";"-1";"06011475120266160000";"-3";"#NE";"-3";"#NE";"SIM";"Válido";2;"DEFERIDO";"S";"N";-1;-1;"2026-08-11 12:24:00";2;"DEFERIDO";"2";"DEFERIDO";"2";"DEFERIDO";-1;"#NULO";-1;"#NULO";-1;"#NULO";2;"MASCULINO";"1";"BRANCA"
"26/09/2026";"19:31:16";2026;6259;160002547719;-3;"#NE";1;"BRASILEIRA NATA";-3;"MARIPÁ DE MINAS";"67";"N";-1;"#NULO";"3176572.53";"#NE";"S";"-1";"06013259720266160000";"-3";"#NE";"-3";"#NE";"NÃO";"#NULO";-1;"#NULO";"N";"S";-1;-1;"2026-08-11 12:34:01";6;"RENÚNCIA";"-1";"#NULO";"-1";"#NULO";-1;"#NULO";-1;"#NULO";-1;"#NULO";4;"FEMININO";"2";"PRETA"
"26/09/2026";"19:31:16";2026;6259;160002546813;-3;"#NE";1;"BRASILEIRA NATA";-3;"MARINGÁ";"57";"N";-1;"#NULO";"1270629.01";"#NE";"S";"-1";"06010253820266160000";"-3";"#NE";"-3";"#NE";"SIM";"Válido";2;"DEFERIDO";"S";"N";-1;-1;"2026-08-11 11:57:23";2;"DEFERIDO";"2";"DEFERIDO";"2";"DEFERIDO";-1;"#NULO";-1;"#NULO";-1;"#NULO";2;"MASCULINO";"1";"BRANCA"
"26/09/2026";"19:31:16";2026;6259;160002547963;-3;"#NE";1;"BRASILEIRA NATA";-3;"CURITIBA";"48";"N";0;"NÃO INFORMADA";"4447201.54";"#NE";"S";"-1";"06014246720266160000";"-3";"#NE";"-3";"#NE";"SIM";"Válido";2;"DEFERIDO";"S";"N";-1;-1;"2026-08-11 12:38:37";2;"DEFERIDO";"2";"DEFERIDO";"2";"DEFERIDO";-1;"#NULO";-1;"#NULO";-1;"#NULO";2;"MASCULINO";"1";"BRANCA"
"26/09/2026";"19:31:16";2026;6259;160002549515;-3;"#NE";1;"BRASILEIRA NATA";-3;"NOVA PRATA DO IGUAÇU";"49";"N";-1;"#NULO";"1270629.01";"#NE";"N";"-1";"06014515020266160000";"-3";"#NE";"-3";"#NE";"SIM";"Válido";2;"DEFERIDO";"S";"N";-1;-1;"2026-08-12 12:34:54";2;"DEFERIDO";"2";"DEFERIDO";"2";"DEFERIDO";-1;"#NULO";-1;"#NULO";-1;"#NULO";2;"MASCULINO";"1";"BRANCA"
"26/09/2026";"19:31:16";2026;6259;160002551047;-3;"#NE";1;"BRASILEIRA NATA";-3;"ITAJAÍ";"24";"N";-1;"#NULO";"1270629.01";"#NE";"S";"-1";"06015147520266160000";"-3";"#NE";"-3";"#NE";"SIM";"Válido";2;"DEFERIDO";"S";"N";-1;-1;"2026-08-13 14:54:09";2;"DEFERIDO";"2";"DEFERIDO";"2";"DEFERIDO";-1;"#NULO";-1;"#NULO";-1;"#NULO";2;"MASCULINO";"1";"BRANCA"
"26/09/2026";"19:31:16";2026;6259;160002547941;-3;"#NE";1;"BRASILEIRA NATA";-3;"CÂNDIDO DE ABREU";"55";"N";0;"NÃO INFORMADA";"1270629.01";"#NE";"S";"-1";"06014020920266160000";"-3";"#NE";"-3";"#NE";"SIM";"Válido";2;"DEFERIDO";"S";"N";-1;-1;"2026-08-11 12:36:56";2;"DEFERIDO";"2";"DEFERIDO";"2";"DEFERIDO";-1;"#NULO";-1;"#NULO";-1;"#NULO";2;"MASCULINO";"1";"BRANCA"
"26/09/2026";"19:31:16";2026;6259;160002547619;-3;"#NE";1;"BRASILEIRA NATA";-3;"ANTONINA";"47";"N";0;"NÃO INFORMADA";"1270629.01";"#NE";"N";"-1";"06012470620266160000";"-3";"#NE";"-3";"#NE";"SIM";"Válido";2;"DEFERIDO";"S";"N";-1;-1;"2026-08-11 12:29:53";2;"DEFERIDO";"2";"DEFERIDO";"2";"DEFERIDO";-1;"#NULO";-1;"#NULO";-1;"#NULO";2;"MASCULINO";"3";"PARDA"
"26/09/2026";"19:31:16";2026;6259;160002547614;-3;"#NE";1;"BRASILEIRA NATA";-3;"PONTA GROSSA";"31";"N";0;"NÃO INFORMADA";"1270629.01";"#NE";"S";"-1";"06012445120266160000";"-3";"#NE";"-3";"#NE";"SIM";"Válido";2;"DEFERIDO";"S";"N";-1;-1;"2026-08-11 12:29:53";2;"DEFERIDO";"2";"DEFERIDO";"2";"DEFERIDO";-1;"#NULO";-1;"#NULO";-1;"#NULO";2;"MASCULINO";"1";"BRANCA"
"26/09/2026";"19:31:16";2026;6259;160002546871;-3;"#NE";1;"BRASILEIRA NATA";-3;"CURITIBA";"33";"N";0;"NÃO INFORMADA";"1270629.01";"#NE";"S";"-1";"06010739420266160000";"-3";"#NE";"-3";"#NE";"SIM";"Válido";2;"DEFERIDO";"S";"N";-1;-1;"2026-08-11 12:01:37";2;"DEFERIDO";"2";"DEFERIDO";"2";"DEFERIDO";-1;"#NULO";-1;"#NULO";-1;"#NULO";4;"FEMININO";"1";"BRANCA"
"26/09/2026";"19:31:16";2026;6259;160002546863;-3;"#NE";1;"BRASILEIRA NATA";-3;"PASSAGEM";"73";"N";0;"NÃO INFORMADA";"1270629.01";"#NE";"S";"-1";"06010513620266160000";"-3";"#NE";"-3";"#NE";"SIM";"Válido";2;"DEFERIDO";"S";"N";-1;-1;"2026-08-11 12:01:37";2;"DEFERIDO";"2";"DEFERIDO";"2";"DEFERIDO";-1;"#NULO";-1;"#NULO";-1;"#NULO";2;"MASCULINO";"3";"PARDA"
"26/09/2026";"19:31:16";2026;6259;160002546850;-3;"#NE";1;"BRASILEIRA NATA";-3;"BOM JARDIM";"47";"N";0;"NÃO INFORMADA";"1270629.01";"#NE";"N";"-1";"06010635020266160000";"-3";"#NE";"-3";"#NE";"SIM";"Válido";2;"DEFERIDO";"S";"N";-1;-1;"2026-08-11 12:01:37";2;"DEFERIDO";"2";"DEFERIDO";"2";"DEFERIDO";-1;"#NULO";-1;"#NULO";-1;"#NULO";4;"FEMININO";"1";"BRANCA"
"26/09/2026";"19:31:16";2026;6259;160002546857;-3;"#NE";1;"BRASILEIRA NATA";-3;"MARINGÁ";"32";"N";0;"NÃO INFORMADA";"1270629.01";"#NE";"S";"-1";"06010565820266160000";"-3";"#NE";"-3";"#NE";"SIM";"Válido";2;"DEFERIDO";"S";"N";-1;-1;"2026-08-11 12:01:37";2;"DEFERIDO";"2";"DEFERIDO";"2";"DEFERIDO";-1;"#NULO";-1;"#NULO";-1;"#NULO";2;"MASCULINO";"3";"PARDA"
"26/09/2026";"19:31:16";2026;6259;160002546831;-3;"#NE";1;"BRASILEIRA NATA";-3;"BOCAIÚVA DO SUL";"41";"N";0;"NÃO INFORMADA";"1270629.01";"#NE";"S";"-1";"06009950320266160000";"-3";"#NE";"-3";"#NE";"SIM";"Válido";2;"DEFERIDO";"S";"N";-1;-1;"2026-08-11 11:57:23";2;"DEFERIDO";"2";"DEFERIDO";"2";"DEFERIDO";-1;"#NULO";-1;"#NULO";-1;"#NULO";4;"FEMININO";"1";"BRANCA"
"26/09/2026";"19:31:16";2026;6259;160002546838;-3;"#NE";1;"BRASILEIRA NATA";-3;"CURITIBA";"55";"N";0;"NÃO INFORMADA";"1270629.01";"#NE";"S";"-1";"06010140920266160000";"-3";"#NE";"-3";"#NE";"SIM";"Válido";2;"DEFERIDO";"S";"N";-1;-1;"2026-08-11 11:57:23";2;"DEFERIDO";"2";"DEFERIDO";"2";"DEFERIDO";-1;"#NULO";-1;"#NULO";-1;"#NULO";2;"MASCULINO";"1";"BRANCA"
"26/09/2026";"19:31:16";2026;6259;160002540803;-3;"#NE";1;"BRASILEIRA NATA";-3;"PARAÍSO DO NORTE";"46";"N";0;"NÃO INFORMADA";"3176572.53";"#NE";"N";"-1";"06007664320266160000";"-3";"#NE";"-3";"#NE";"SIM";"Válido";2;"DEFERIDO";"S";"N";-1;-1;"2026-08-07 13:56:41";2;"DEFERIDO";"2";"DEFERIDO";"2";"DEFERIDO";-1;"#NULO";-1;"#NULO";-1;"#NULO";2;"MASCULINO";"2";"PRETA"
"26/09/2026";"19:31:16";2026;6259;160002540794;-3;"#NE";1;"BRASILEIRA NATA";-3;"CURITIBA";"46";"N";0;"NÃO INFORMADA";"3176572.53";"#NE";"N";"-1";"06007854920266160000";"-3";"#NE";"-3";"#NE";"SIM";"Válido";2;"DEFERIDO";"S";"N";-1;-1;"2026-08-07 13:56:41";2;"DEFERIDO";"2";"DEFERIDO";"2";"DEFERIDO";-1;"#NULO";-1;"#NULO";-1;"#NULO";4;"FEMININO";"1";"BRANCA"
"26/09/2026";"19:31:16";2026;6259;160002542293;-3;"#NE";1;"BRASILEIRA NATA";-3;"FOZ DO IGUAÇU";"44";"N";0;"NÃO INFORMADA";"3176572.53";"#NE";"S";"-1";"06009811920266160000";"-3";"#NE";"-3";"#NE";"SIM";"Válido";2;"DEFERIDO";"S";"N";-1;-1;"2026-08-07 18:52:09";2;"DEFERIDO";"2";"DEFERIDO";"2";"DEFERIDO";-1;"#NULO";-1;"#NULO";-1;"#NULO";2;"MASCULINO";"1";"BRANCA"
"26/09/2026";"19:31:16";2026;6259;160002542287;-3;"#NE";1;"BRASILEIRA NATA";-3;"CURITIBA";"37";"N";0;"NÃO INFORMADA";"3176572.53";"#NE";"S";"-1";"06009621320266160000";"-3";"#NE";"-3";"#NE";"SIM";"Válido";2;"DEFERIDO";"S";"N";-1;-1;"2026-08-07 18:52:09";2;"DEFERIDO";"2";"DEFERIDO";"2";"DEFERIDO";-1;"#NULO";-1;"#NULO";-1;"#NULO";2;"MASCULINO";"1";"BRANCA"
"26/09/2026";"19:31:16";2026;6259;160002553363;-3;"#NE";1;"BRASILEIRA NATA";-3;"BANDEIRANTES";"64";"N";0;"NÃO INFORMADA";"3176572.53";"#NE";"S";"-1";"06016957620266160000";"-3";"#NE";"-3";"#NE";"SIM";"Válido";2;"DEFERIDO";"S";"N";-1;-1;"2026-08-15 17:46:06";2;"DEFERIDO";"2";"DEFERIDO";"2";"DEFERIDO";-1;"#NULO";-1;"#NULO";-1;"#NULO";2;"MASCULINO";"1";"BRANCA"
"26/09/2026";"19:31:16";2026;6259;160002540768;-3;"#NE";1;"BRASILEIRA NATA";-3;"CURITIBA";"66";"N";-1;"#NULO";"3176572.53";"#NE";"S";"-1";"06007586620266160000";"-3";"#NE";"-3";"#NE";"SIM";"Válido";2;"DEFERIDO";"S";"N";-1;-1;"2026-08-07 13:55:28";2;"DEFERIDO";"2";"DEFERIDO";"2";"DEFERIDO";-1;"#NULO";-1;"#NULO";-1;"#NULO";2;"MASCULINO";"1";"BRANCA"
"26/09/2026";"19:31:16";2026;6259;160002532865;-3;"#NE";1;"BRASILEIRA NATA";-3;"CAMPO MOURÃO";"51";"N";-1;"#NULO";"3176572.53";"#NE";"S";"-1";"06005646620266160000";"-3";"#NE";"-3";"#NE";"SIM";"Válido";2;"DEFERIDO";"S";"N";-1;-1;"2026-07-28 15:24:25";2;"DEFERIDO";"2";"DEFERIDO";"2";"DEFERIDO";-1;"#NULO";-1;"#NULO";-1;"#NULO";2;"MASCULINO";"1";"BRANCA"
"26/09/2026";"19:31:16";2026;6259;160002546894;-3;"#NE";1;"BRASILEIRA NATA";-3;"ALTO PIQUIRI";"53";"N";0;"NÃO INFORMADA";"3176572.53";"#NE";"S";"-1";"06011016220266160000";"-3";"#NE";"-3";"#NE";"SIM";"Válido";2;"DEFERIDO";"S";"N";-1;-1;"2026-08-11 12:05:18";2;"DEFERIDO";"2";"DEFERIDO";"2";"DEFERIDO";-1;"#NULO";-1;"#NULO";-1;"#NULO";4;"FEMININO";"1";"BRANCA"
"26/09/2026";"19:31:16";2026;6259;160002542323;-3;"#NE";1;"BRASILEIRA NATA";-3;"MARIALVA";"78";"N";0;"NÃO INFORMADA";"3176572.53";"#NE";"S";"-1";"06009344520266160000";"-3";"#NE";"-3";"#NE";"SIM";"Válido";2;"DEFERIDO";"S";"N";-1;-1;"2026-08-07 18:52:37";2;"DEFERIDO";"2";"DEFERIDO";"2";"DEFERIDO";-1;"#NULO";-1;"#NULO";-1;"#NULO";2;"MASCULINO";"1";"BRANCA"
"26/09/2026";"19:31:16";2026;6259;160002547564;-3;"#NE";1;"BRASILEIRA NATA";-3;"FRANCISCO ALVES";"30";"N";0;"NÃO INFORMADA";"3176572.53";"#NE";"S";"-1";"06011682720266160000";"-3";"#NE";"-3";"#NE";"SIM";"Válido";2;"DEFERIDO";"S";"N";-1;-1;"2026-08-11 12:26:56";2;"DEFERIDO";"2";"DEFERIDO";"2";"DEFERIDO";-1;"#NULO";-1;"#NULO";-1;"#NULO";2;"MASCULINO";"1";"BRANCA"
"26/09/2026";"19:31:16";2026;6259;160002547730;-3;"#NE";1;"BRASILEIRA NATA";-3;"GRANDES RIOS";"53";"N";-1;"#NULO";"1270629.01";"#NE";"S";"-1";"06013614220266160000";"-3";"#NE";"-3";"#NE";"SIM";"Válido";2;"DEFERIDO";"S";"N";-1;-1;"2026-08-11 12:36:21";2;"DEFERIDO";"2";"DEFERIDO";"2";"DEFERIDO";-1;"#NULO";-1;"#NULO";-1;"#NULO";2;"MASCULINO";"2";"PRETA"
"26/09/2026";"19:31:16";2026;6259;160002542274;-3;"#NE";1;"BRASILEIRA NATA";-3;"FAXINAL";"57";"N";0;"NÃO INFORMADA";"1270629.01";"#NE";"S";"-1";"06008279820266160000";"-3";"#NE";"-3";"#NE";"SIM";"Válido";2;"DEFERIDO";"S";"N";-1;-1;"2026-08-07 18:50:23";2;"DEFERIDO";"2";"DEFERIDO";"2";"DEFERIDO";-1;"#NULO";-1;"#NULO";-1;"#NULO";4;"FEMININO";"2";"PRETA"
"26/09/2026";"19:31:16";2026;6259;160002533452;-3;"#NE";1;"BRASILEIRA NATA";-3;"MARMELEIRO";"50";"N";0;"NÃO INFORMADA";"1270629.01";"#NE";"N";"-1";"06006252420266160000";"-3";"#NE";"-3";"#NE";"SIM";"Válido";2;"DEFERIDO";"S";"N";-1;-1;"2026-07-29 17:41:27";2;"DEFERIDO";"2";"DEFERIDO";"2";"DEFERIDO";-1;"#NULO";-1;"#NULO";-1;"#NULO";4;"FEMININO";"1";"BRANCA"
"26/09/2026";"19:31:16";2026;6259;160002547529;-3;"#NE";1;"BRASILEIRA NATA";-3;"CURITIBA";"37";"N";0;"NÃO INFORMADA";"1270629.01";"#NE";"S";"-1";"06011206820266160000";"-3";"#NE";"-3";"#NE";"SIM";"Válido";2;"DEFERIDO";"S";"N";-1;-1;"2026-08-11 12:24:00";2;"DEFERIDO";"2";"DEFERIDO";"2";"DEFERIDO";-1;"#NULO";-1;"#NULO";-1;"#NULO";2;"MASCULINO";"3";"PARDA"
"26/09/2026";"19:31:16";2026;6259;160002547512;-3;"#NE";1;"BRASILEIRA NATA";-3;"CAMBÉ";"35";"N";0;"NÃO INFORMADA";"1270629.01";"#NE";"S";"-1";"06011129120266160000";"-3";"#NE";"-3";"#NE";"SIM";"Válido";2;"DEFERIDO";"S";"N";-1;-1;"2026-08-11 12:24:00";2;"DEFERIDO";"2";"DEFERIDO";"2";"DEFERIDO";-1;"#NULO";-1;"#NULO";-1;"#NULO";2;"MASCULINO";"1";"BRANCA"
"26/09/2026";"19:31:16";2026;6259;160002547505;-3;"#NE";1;"BRASILEIRA NATA";-3;"PATO BRANCO";"68";"N";0;"NÃO INFORMADA";"1270629.01";"#NE";"S";"-1";"06011267520266160000";"-3";"#NE";"-3";"#NE";"SIM";"Válido";2;"DEFERIDO";"S";"N";-1;-1;"2026-08-11 12:24:00";2;"DEFERIDO";"2";"DEFERIDO";"2";"DEFERIDO";-1;"#NULO";-1;"#NULO";-1;"#NULO";4;"FEMININO";"1";"BRANCA"
"26/09/2026";"19:31:16";2026;6259;160002546816;-3;"#NE";1;"BRASILEIRA NATA";-3;"PARANAGUÁ";"53";"N";0;"NÃO INFORMADA";"1270629.01";"#NE";"S";"-1";"06010176120266160000";"-3";"#NE";"-3";"#NE";"SIM";"Válido";2;"DEFERIDO";"S";"N";-1;-1;"2026-08-11 11:57:23";2;"DEFERIDO";"2";"DEFERIDO";"2";"DEFERIDO";-1;"#NULO";-1;"#NULO";-1;"#NULO";2;"MASCULINO";"1";"BRANCA"
"26/09/2026";"19:31:16";2026;6259;160002549539;-3;"#NE";1;"BRASILEIRA NATA";-3;"CASCAVEL";"50";"N";0;"NÃO INFORMADA";"3176572.53";"#NE";"S";"-1";"06014661920266160000";"-3";"#NE";"-3";"#NE";"SIM";"Válido";2;"DEFERIDO";"S";"N";-1;-1;"2026-08-12 12:38:35";2;"DEFERIDO";"2";"DEFERIDO";"2";"DEFERIDO";-1;"#NULO";-1;"#NULO";-1;"#NULO";4;"FEMININO";"3";"PARDA"
"26/09/2026";"19:31:16";2026;6259;160002542336;-3;"#NE";1;"BRASILEIRA NATA";-3;"CORONEL VIVIDA";"54";"N";0;"NÃO INFORMADA";"3176572.53";"#NE";"S";"-1";"06009353020266160000";"-3";"#NE";"-3";"#NE";"SIM";"Anulado sub judice";4;"INDEFERIDO EM PRAZO RECURSAL OU COM RECURSO";"S";"N";-1;-1;"2026-08-07 18:52:37";4;"INDEFERIDO EM PRAZO RECURSAL OU COM RECURSO";"4";"INDEFERIDO EM PRAZO RECURSAL OU COM RECURSO";"17";"PENDENTE DE JULGAMENTO";-1;"#NULO";-1;"#NULO";-1;"#NULO";2;"MASCULINO";"1";"BRANCA"
"26/09/2026";"19:31:16";2026;6259;160002553355;-3;"#NE";1;"BRASILEIRA NATA";-3;"FRANCISCO ALVES";"37";"N";-1;"#NULO";"3176572.53";"#NE";"S";"-1";"06016861720266160000";"-3";"#NE";"-3";"#NE";"SIM";"Válido";16;"DEFERIDO COM RECURSO";"S";"N";-1;-1;"2026-08-15 17:46:06";16;"DEFERIDO EM PRAZO RECURSAL OU COM RECURSO";"16";"DEFERIDO COM RECURSO";"4";"INDEFERIDO EM PRAZO RECURSAL OU COM RECURSO";-1;"#NULO";-1;"#NULO";-1;"#NULO";4;"FEMININO";"1";"BRANCA"
"26/09/2026";"19:31:16";2026;6259;160002542272;-3;"#NE";1;"BRASILEIRA NATA";-3;"FOZ DO IGUAÇU";"29";"N";0;"NÃO INFORMADA";"1270629.01";"#NE";"S";"-1";"06008374520266160000";"-3";"#NE";"-3";"#NE";"SIM";"Válido";2;"DEFERIDO";"S";"N";-1;-1;"2026-08-07 18:50:23";2;"DEFERIDO";"2";"DEFERIDO";"2";"DEFERIDO";-1;"#NULO";-1;"#NULO";-1;"#NULO";4;"FEMININO";"3";"PARDA"
"26/09/2026";"19:31:16";2026;6259;160002542246;-3;"#NE";1;"BRASILEIRA NATA";-3;"CURITIBA";"37";"N";0;"NÃO INFORMADA";"1270629.01";"#NE";"N";"-1";"06008219120266160000";"-3";"#NE";"-3";"#NE";"SIM";"Válido";2;"DEFERIDO";"S";"N";-1;-1;"2026-08-07 18:50:23";2;"DEFERIDO";"2";"DEFERIDO";"2";"DEFERIDO";-1;"#NULO";-1;"#NULO";-1;"#NULO";4;"FEMININO";"2";"PRETA"
"26/09/2026";"19:31:16";2026;6259;160002542235;-3;"#NE";1;"BRASILEIRA NATA";-3;"PARAÍSO DO NORTE";"66";"N";0;"NÃO INFORMADA";"1270629.01";"#NE";"S";"-1";"06008495920266160000";"-3";"#NE";"-3";"#NE";"SIM";"Válido";2;"DEFERIDO";"S";"N";-1;-1;"2026-08-07 18:50:23";2;"DEFERIDO";"2";"DEFERIDO";"2";"DEFERIDO";-1;"#NULO";-1;"#NULO";-1;"#NULO";2;"MASCULINO";"1";"BRANCA"
"26/09/2026";"19:31:16";2026;6259;160002547566;-3;"#NE";1;"BRASILEIRA NATA";-3;"GUAÍRA";"51";"N";-1;"#NULO";"3176572.53";"#NE";"S";"-1";"06011821120266160000";"-3";"#NE";"-3";"#NE";"NÃO";"#NULO";-1;"#NULO";"N";"S";-1;-1;"2026-08-11 12:26:56";6;"RENÚNCIA";"-1";"#NULO";"-1";"#NULO";-1;"#NULO";-1;"#NULO";-1;"#NULO";4;"FEMININO";"1";"BRANCA"
"26/09/2026";"19:31:16";2026;6259;160002541985;-3;"#NE";1;"BRASILEIRA NATA";-3;"CURITIBA";"60";"N";-1;"#NULO";"3176572.53";"#NE";"S";"-1";"06008573620266160000";"-3";"#NE";"-3";"#NE";"SIM";"Anulado sub judice";4;"INDEFERIDO EM PRAZO RECURSAL OU COM RECURSO";"S";"N";-1;-1;"2026-08-07 18:51:01";4;"INDEFERIDO EM PRAZO RECURSAL OU COM RECURSO";"4";"INDEFERIDO EM PRAZO RECURSAL OU COM RECURSO";"4";"INDEFERIDO EM PRAZO RECURSAL OU COM RECURSO";-1;"#NULO";-1;"#NULO";-1;"#NULO";2;"MASCULINO";"1";"BRANCA"
"26/09/2026";"19:31:16";2026;6259;160002542378;-3;"#NE";1;"BRASILEIRA NATA";-3;"MARINGÁ";"53";"N";0;"NÃO INFORMADA";"1270629.01";"#NE";"S";"-1";"06008799420266160000";"-3";"#NE";"-3";"#NE";"NÃO";"#NULO";-1;"#NULO";"N";"N";-1;-1;"2026-08-07 18:51:36";6;"RENÚNCIA";"-1";"#NULO";"-1";"#NULO";-1;"#NULO";-1;"#NULO";-1;"#NULO";4;"FEMININO";"1";"BRANCA"
"26/09/2026";"19:31:16";2026;6259;160002548009;-3;"#NE";1;"BRASILEIRA NATA";-3;"NOVA IGUAÇU";"45";"N";0;"NÃO INFORMADA";"-1";"#NE";"S";"-1";"06014298920266160000";"-3";"#NE";"-3";"#NE";"SIM";"#NULO";2;"DEFERIDO";"N";"N";-1;-1;"2026-08-11 12:40:01";2;"DEFERIDO";"2";"DEFERIDO";"2";"DEFERIDO";-1;"#NULO";-1;"#NULO";-1;"#NULO";4;"FEMININO";"2";"PRETA"
"26/09/2026";"19:31:16";2026;6259;160002549508;-3;"#NE";1;"BRASILEIRA NATA";-3;"CORNÉLIO PROCÓPIO";"62";"N";-1;"#NULO";"1270629.01";"#NE";"N";"-1";"06014567220266160000";"-3";"#NE";"-3";"#NE";"SIM";"Válido";2;"DEFERIDO";"S";"N";-1;-1;"2026-08-12 12:34:54";2;"DEFERIDO";"2";"DEFERIDO";"2";"DEFERIDO";-1;"#NULO";-1;"#NULO";-1;"#NULO";2;"MASCULINO";"2";"PRETA"
"26/09/2026";"19:31:16";2026;6259;160002547943;-3;"#NE";1;"BRASILEIRA NATA";-3;"MARINGÁ";"61";"N";0;"NÃO INFORMADA";"1270629.01";"#NE";"S";"-1";"06014116820266160000";"-3";"#NE";"-3";"#NE";"SIM";"Válido";2;"DEFERIDO";"S";"N";-1;-1;"2026-08-11 12:36:56";2;"DEFERIDO";"2";"DEFERIDO";"2";"DEFERIDO";-1;"#NULO";-1;"#NULO";-1;"#NULO";4;"FEMININO";"2";"PRETA"
"26/09/2026";"19:31:16";2026;6259;160002547960;-3;"#NE";1;"BRASILEIRA NATA";-3;"UMUARAMA";"45";"N";0;"NÃO INFORMADA";"1270629.01";"#NE";"S";"-1";"06013960220266160000";"-3";"#NE";"-3";"#NE";"SIM";"Válido";2;"DEFERIDO";"S";"N";-1;-1;"2026-08-11 12:36:56";2;"DEFERIDO";"2";"DEFERIDO";"2";"DEFERIDO";-1;"#NULO";-1;"#NULO";-1;"#NULO";4;"FEMININO";"1";"BRANCA"
"26/09/2026";"19:31:16";2026;6259;160002547620;-3;"#NE";1;"BRASILEIRA NATA";-3;"ARAPONGAS";"55";"N";-1;"#NULO";"1270629.01";"#NE";"S";"-1";"06012627220266160000";"-3";"#NE";"-3";"#NE";"SIM";"Válido";2;"DEFERIDO";"S";"N";-1;-1;"2026-08-11 12:29:53";2;"DEFERIDO";"2";"DEFERIDO";"2";"DEFERIDO";-1;"#NULO";-1;"#NULO";-1;"#NULO";2;"MASCULINO";"1";"BRANCA"
"26/09/2026";"19:31:16";2026;6259;160002540785;-3;"#NE";1;"BRASILEIRA NATA";-3;"REGENTE FEIJÓ";"71";"N";0;"NÃO INFORMADA";"3176572.53";"#NE";"S";"-1";"06007768720266160000";"-3";"#NE";"-3";"#NE";"SIM";"Válido";2;"DEFERIDO";"S";"N";-1;-1;"2026-08-07 13:56:41";2;"DEFERIDO";"2";"DEFERIDO";"2";"DEFERIDO";-1;"#NULO";-1;"#NULO";-1;"#NULO";4;"FEMININO";"1";"BRANCA"
"26/09/2026";"19:31:16";2026;6259;160002552790;-3;"#NE";1;"BRASILEIRA NATA";-3;"IRETAMA";"30";"N";0;"NÃO INFORMADA";"1270629.01";"#NE";"S";"-1";"06016281420266160000";"-3";"#NE";"-3";"#NE";"NÃO";"#NULO";-1;"#NULO";"N";"S";-1;-1;"2026-08-15 13:17:58";6;"RENÚNCIA";"-1";"#NULO";"-1";"#NULO";-1;"#NULO";-1;"#NULO";-1;"#NULO";2;"MASCULINO";"3";"PARDA"
"26/09/2026";"19:31:16";2026;6259;160002542289;-3;"#NE";1;"BRASILEIRA NATA";-3;"MARINGÁ";"43";"N";0;"NÃO INFORMADA";"3176572.53";"#NE";"S";"-1";"06009578820266160000";"-3";"#NE";"-3";"#NE";"SIM";"Válido";2;"DEFERIDO";"S";"N";-1;-1;"2026-08-07 18:52:09";2;"DEFERIDO";"2";"DEFERIDO";"2";"DEFERIDO";-1;"#NULO";-1;"#NULO";-1;"#NULO";2;"MASCULINO";"1";"BRANCA"
"26/09/2026";"19:31:16";2026;6259;160002542297;-3;"#NE";1;"BRASILEIRA NATA";-3;"PRESIDENTE VENCESLAU";"46";"N";0;"NÃO INFORMADA";"3176572.53";"#NE";"S";"-1";"06009786420266160000";"-3";"#NE";"-3";"#NE";"SIM";"Válido";2;"DEFERIDO";"S";"N";-1;-1;"2026-08-07 18:52:09";2;"DEFERIDO";"2";"DEFERIDO";"2";"DEFERIDO";-1;"#NULO";-1;"#NULO";-1;"#NULO";2;"MASCULINO";"1";"BRANCA"
"26/09/2026";"19:31:16";2026;6259;160002553361;-3;"#NE";1;"BRASILEIRA NATA";-3;"PARANAGUÁ";"58";"N";0;"NÃO INFORMADA";"3176572.53";"#NE";"N";"-1";"06016983120266160000";"-3";"#NE";"-3";"#NE";"SIM";"Válido";2;"DEFERIDO";"S";"N";-1;-1;"2026-08-15 17:46:06";2;"DEFERIDO";"2";"DEFERIDO";"2";"DEFERIDO";-1;"#NULO";-1;"#NULO";-1;"#NULO";2;"MASCULINO";"3";"PARDA"
"26/09/2026";"19:31:16";2026;6259;160002551016;-3;"#NE";1;"BRASILEIRA NATA";-3;"FRANCISCO BELTRÃO";"25";"N";0;"NÃO INFORMADA";"3176572.53";"#NE";"N";"-1";"06015355120266160000";"-3";"#NE";"-3";"#NE";"SIM";"Válido";2;"DEFERIDO";"S";"N";-1;-1;"2026-08-13 14:52:35";2;"DEFERIDO";"2";"DEFERIDO";"2";"DEFERIDO";-1;"#NULO";-1;"#NULO";-1;"#NULO";2;"MASCULINO";"1";"BRANCA"
"26/09/2026";"19:31:16";2026;6259;160002551024;-3;"#NE";1;"BRASILEIRA NATA";-3;"CASCAVEL";"42";"N";0;"NÃO INFORMADA";"3176572.53";"#NE";"S";"-1";"06015181520266160000";"-3";"#NE";"-3";"#NE";"SIM";"Válido";2;"DEFERIDO";"S";"N";-1;-1;"2026-08-13 14:52:35";2;"DEFERIDO";"2";"DEFERIDO";"2";"DEFERIDO";-1;"#NULO";-1;"#NULO";-1;"#NULO";2;"MASCULINO";"1";"BRANCA"
"26/09/2026";"19:31:16";2026;6259;160002532871;-3;"#NE";1;"BRASILEIRA NATA";-3;"TELÊMACO BORBA";"53";"N";0;"NÃO INFORMADA";"3176572.53";"#NE";"S";"-1";"06005724320266160000";"-3";"#NE";"-3";"#NE";"SIM";"Válido";2;"DEFERIDO";"S";"N";-1;-1;"2026-07-28 15:24:25";2;"DEFERIDO";"2";"DEFERIDO";"2";"DEFERIDO";-1;"#NULO";-1;"#NULO";-1;"#NULO";4;"FEMININO";"1";"BRANCA"
"26/09/2026";"19:31:16";2026;6259;160002546888;-3;"#NE";1;"BRASILEIRA NATA";-3;"FOZ DO IGUAÇU";"46";"N";0;"NÃO INFORMADA";"3176572.53";"#NE";"S";"-1";"06010947020266160000";"-3";"#NE";"-3";"#NE";"SIM";"Válido";2;"DEFERIDO";"S";"N";-1;-1;"2026-08-11 12:05:18";2;"DEFERIDO";"2";"DEFERIDO";"2";"DEFERIDO";-1;"#NULO";-1;"#NULO";-1;"#NULO";4;"FEMININO";"1";"BRANCA"
"26/09/2026";"19:31:16";2026;6259;160002536511;-3;"#NE";1;"BRASILEIRA NATA";-3;"CURITIBA";"35";"N";-1;"#NULO";"3176572.53";"#NE";"N";"-1";"06006928620266160000";"-3";"#NE";"-3";"#NE";"SIM";"Válido";2;"DEFERIDO";"S";"N";-1;-1;"2026-08-04 17:55:10";2;"DEFERIDO";"2";"DEFERIDO";"2";"DEFERIDO";-1;"#NULO";-1;"#NULO";-1;"#NULO";4;"FEMININO";"2";"PRETA"
"26/09/2026";"19:31:16";2026;6259;160002547593;-3;"#NE";1;"BRASILEIRA NATA";-3;"SÃO PAULO";"65";"N";0;"NÃO INFORMADA";"3176572.53";"#NE";"S";"-1";"06011751920266160000";"-3";"#NE";"-3";"#NE";"SIM";"Válido";2;"DEFERIDO";"S";"N";-1;-1;"2026-08-11 12:26:56";2;"DEFERIDO";"2";"DEFERIDO";"2";"DEFERIDO";-1;"#NULO";-1;"#NULO";-1;"#NULO";2;"MASCULINO";"1";"BRANCA"
"26/09/2026";"19:31:16";2026;6259;160002547581;-3;"#NE";1;"BRASILEIRA NATA";-3;"CURITIBA";"65";"N";-1;"#NULO";"3176572.53";"#NE";"S";"-1";"06011622020266160000";"-3";"#NE";"-3";"#NE";"SIM";"Válido";2;"DEFERIDO";"S";"N";-1;-1;"2026-08-11 12:26:56";2;"DEFERIDO";"2";"DEFERIDO";"2";"DEFERIDO";-1;"#NULO";-1;"#NULO";-1;"#NULO";2;"MASCULINO";"1";"BRANCA"
"26/09/2026";"19:31:16";2026;6259;160002542343;-3;"#NE";1;"BRASILEIRA NATA";-3;"DRACENA";"61";"N";0;"NÃO INFORMADA";"3176572.53";"#NE";"S";"-1";"06009474420266160000";"-3";"#NE";"-3";"#NE";"SIM";"Válido";16;"DEFERIDO COM RECURSO";"S";"N";-1;-1;"2026-08-07 18:52:37";16;"DEFERIDO EM PRAZO RECURSAL OU COM RECURSO";"16";"DEFERIDO COM RECURSO";"17";"PENDENTE DE JULGAMENTO";-1;"#NULO";-1;"#NULO";-1;"#NULO";2;"MASCULINO";"1";"BRANCA"
"26/09/2026";"19:31:16";2026;6259;160002546867;-3;"#NE";1;"BRASILEIRA NATA";-3;"CAMPO MOURÃO";"57";"N";-1;"#NULO";"1270629.01";"#NE";"S";"-1";"06010479620266160000";"-3";"#NE";"-3";"#NE";"NÃO";"#NULO";-1;"#NULO";"N";"N";-1;-1;"2026-08-11 12:01:37";6;"RENÚNCIA";"-1";"#NULO";"-1";"#NULO";-1;"#NULO";-1;"#NULO";-1;"#NULO";4;"FEMININO";"3";"PARDA"
"26/09/2026";"19:31:16";2026;6259;160002553655;-3;"#NE";1;"BRASILEIRA NATA";-3;"CASCAVEL";"53";"N";0;"NÃO INFORMADA";"3176572.53";"#NE";"N";"-1";"06017338820266160000";"-3";"#NE";"-3";"#NE";"NÃO";"#NULO";-1;"#NULO";"N";"N";-1;-1;"2026-08-15 18:23:52";6;"RENÚNCIA";"-1";"#NULO";"-1";"#NULO";-1;"#NULO";-1;"#NULO";-1;"#NULO";4;"FEMININO";"1";"BRANCA"
"26/09/2026";"19:31:16";2026;6259;160002547400;-3;"#NE";1;"BRASILEIRA NATA";-3;"GUARAPUAVA";"40";"N";0;"NÃO INFORMADA";"1270629.01";"#NE";"S";"-1";"06014012420266160000";"-3";"#NE";"-3";"#NE";"SIM";"Válido";2;"DEFERIDO";"S";"N";-1;-1;"2026-08-11 12:36:56";2;"DEFERIDO";"2";"DEFERIDO";"2";"DEFERIDO";-1;"#NULO";-1;"#NULO";-1;"#NULO";4;"FEMININO";"1";"BRANCA"
"26/09/2026";"19:31:16";2026;6259;160002546879;-3;"#NE";1;"BRASILEIRA NATA";-3;"CURITIBA";"50";"N";0;"NÃO INFORMADA";"1270629.01";"#NE";"S";"-1";"06010695720266160000";"-3";"#NE";"-3";"#NE";"SIM";"Válido";2;"DEFERIDO";"S";"N";-1;-1;"2026-08-11 12:01:37";2;"DEFERIDO";"2";"DEFERIDO";"2";"DEFERIDO";-1;"#NULO";-1;"#NULO";-1;"#NULO";4;"FEMININO";"1";"BRANCA"
"26/09/2026";"19:31:16";2026;6259;160002546866;-3;"#NE";1;"BRASILEIRA NATA";-3;"CAMPO LARGO";"53";"N";0;"NÃO INFORMADA";"1270629.01";"#NE";"S";"-1";"06010375220266160000";"-3";"#NE";"-3";"#NE";"SIM";"Válido";2;"DEFERIDO";"S";"N";-1;-1;"2026-08-11 12:01:37";2;"DEFERIDO";"2";"DEFERIDO";"2";"DEFERIDO";-1;"#NULO";-1;"#NULO";-1;"#NULO";2;"MASCULINO";"1";"BRANCA"
"26/09/2026";"19:31:16";2026;6259;160002546874;-3;"#NE";1;"BRASILEIRA NATA";-3;"CURITIBA";"46";"N";0;"NÃO INFORMADA";"1270629.01";"#NE";"S";"-1";"06010548820266160000";"-3";"#NE";"-3";"#NE";"SIM";"Válido";2;"DEFERIDO";"S";"N";-1;-1;"2026-08-11 12:01:37";2;"DEFERIDO";"2";"DEFERIDO";"2";"DEFERIDO";-1;"#NULO";-1;"#NULO";-1;"#NULO";4;"FEMININO";"1";"BRANCA"
"26/09/2026";"19:31:16";2026;6259;160002546828;-3;"#NE";1;"BRASILEIRA NATA";-3;"ARAPONGAS";"64";"N";0;"NÃO INFORMADA";"1270629.01";"#NE";"S";"-1";"06010349720266160000";"-3";"#NE";"-3";"#NE";"SIM";"Válido";2;"DEFERIDO";"S";"N";-1;-1;"2026-08-11 11:57:23";2;"DEFERIDO";"2";"DEFERIDO";"2";"DEFERIDO";-1;"#NULO";-1;"#NULO";-1;"#NULO";2;"MASCULINO";"1";"BRANCA"
"26/09/2026";"19:31:16";2026;6259;160002546808;-3;"#NE";1;"BRASILEIRA NATA";-3;"LONDRINA";"70";"N";0;"NÃO INFORMADA";"1270629.01";"#NE";"S";"-1";"06010046220266160000";"-3";"#NE";"-3";"#NE";"SIM";"Válido";2;"DEFERIDO";"S";"N";-1;-1;"2026-08-11 11:57:23";2;"DEFERIDO";"2";"DEFERIDO";"2";"DEFERIDO";-1;"#NULO";-1;"#NULO";-1;"#NULO";2;"MASCULINO";"1";"BRANCA"
"26/09/2026";"19:31:16";2026;6259;160002552762;-3;"#NE";1;"BRASILEIRA NATA";-3;"CÂNDIDO DE ABREU";"50";"N";-1;"#NULO";"1270629.01";"#NE";"S";"-1";"06016411320266160000";"-3";"#NE";"-3";"#NE";"SIM";"Válido";2;"DEFERIDO";"S";"N";-1;-1;"2026-08-15 13:17:58";2;"DEFERIDO";"2";"DEFERIDO";"2";"DEFERIDO";-1;"#NULO";-1;"#NULO";-1;"#NULO";4;"FEMININO";"1";"BRANCA"
"26/09/2026";"19:31:16";2026;6259;160002552813;-3;"#NE";1;"BRASILEIRA NATA";-3;"RONDON";"62";"N";0;"NÃO INFORMADA";"1270629.01";"#NE";"S";"-1";"06016325120266160000";"-3";"#NE";"-3";"#NE";"SIM";"Válido";2;"DEFERIDO";"S";"N";-1;-1;"2026-08-15 13:17:58";2;"DEFERIDO";"2";"DEFERIDO";"2";"DEFERIDO";-1;"#NULO";-1;"#NULO";-1;"#NULO";4;"FEMININO";"1";"BRANCA"
"26/09/2026";"19:31:16";2026;6259;160002547962;-3;"#NE";1;"BRASILEIRA NATA";-3;"LAPA";"39";"N";0;"NÃO INFORMADA";"-1";"#NE";"S";"-1";"06014307420266160000";"-3";"#NE";"-3";"#NE";"SIM";"#NULO";2;"DEFERIDO";"N";"N";-1;-1;"2026-08-11 12:38:37";2;"DEFERIDO";"2";"DEFERIDO";"2";"DEFERIDO";-1;"#NULO";-1;"#NULO";-1;"#NULO";2;"MASCULINO";"1";"BRANCA"
"26/09/2026";"19:31:16";2026;6259;160002549536;-3;"#NE";1;"BRASILEIRA NATA";-3;"CURITIBA";"39";"N";0;"NÃO INFORMADA";"3176572.53";"#NE";"N";"-1";"06014904720266160000";"-3";"#NE";"-3";"#NE";"SIM";"Válido";2;"DEFERIDO";"S";"N";-1;-1;"2026-08-12 12:38:35";2;"DEFERIDO";"2";"DEFERIDO";"2";"DEFERIDO";-1;"#NULO";-1;"#NULO";-1;"#NULO";4;"FEMININO";"3";"PARDA"
"26/09/2026";"19:31:16";2026;6259;160002542306;-3;"#NE";1;"BRASILEIRA NATA";-3;"ROLÂNDIA";"44";"N";0;"NÃO INFORMADA";"3176572.53";"#NE";"S";"-1";"06009595820266160000";"-3";"#NE";"-3";"#NE";"SIM";"Válido";2;"DEFERIDO";"S";"N";-1;-1;"2026-08-07 18:52:09";2;"DEFERIDO";"2";"DEFERIDO";"2";"DEFERIDO";-1;"#NULO";-1;"#NULO";-1;"#NULO";2;"MASCULINO";"1";"BRANCA"
"26/09/2026";"19:31:16";2026;6259;160002553358;-3;"#NE";1;"BRASILEIRA NATA";-3;"LONDRINA";"43";"N";0;"NÃO INFORMADA";"3176572.53";"#NE";"S";"-1";"06016974620266160000";"-3";"#NE";"-3";"#NE";"SIM";"Válido";2;"DEFERIDO";"S";"N";-1;-1;"2026-08-15 17:46:06";2;"DEFERIDO";"2";"DEFERIDO";"2";"DEFERIDO";-1;"#NULO";-1;"#NULO";-1;"#NULO";2;"MASCULINO";"2";"PRETA"
"26/09/2026";"19:31:16";2026;6259;160002551015;-3;"#NE";1;"BRASILEIRA NATA";-3;"FOZ DO IGUAÇU";"31";"N";0;"NÃO INFORMADA";"3176572.53";"#NE";"N";"-1";"06015346620266160000";"-3";"#NE";"-3";"#NE";"SIM";"Válido";2;"DEFERIDO";"S";"N";-1;-1;"2026-08-13 14:52:35";2;"DEFERIDO";"2";"DEFERIDO";"2";"DEFERIDO";-1;"#NULO";-1;"#NULO";-1;"#NULO";4;"FEMININO";"1";"BRANCA"
"26/09/2026";"19:31:16";2026;6259;160002551019;-3;"#NE";1;"BRASILEIRA NATA";-3;"NOVA ESPERANÇA";"63";"N";0;"NÃO INFORMADA";"3176572.53";"#NE";"S";"-1";"06015415820266160000";"-3";"#NE";"-3";"#NE";"SIM";"Válido";2;"DEFERIDO";"S";"N";-1;-1;"2026-08-13 14:52:35";2;"DEFERIDO";"2";"DEFERIDO";"2";"DEFERIDO";-1;"#NULO";-1;"#NULO";-1;"#NULO";4;"FEMININO";"2";"PRETA"
"26/09/2026";"19:31:16";2026;6259;160002540764;-3;"#NE";1;"BRASILEIRA NATA";-3;"RIO DE JANEIRO";"59";"N";0;"NÃO INFORMADA";"3176572.53";"#NE";"S";"-1";"06007490720266160000";"-3";"#NE";"-3";"#NE";"SIM";"Válido";2;"DEFERIDO";"S";"N";-1;-1;"2026-08-07 13:55:28";2;"DEFERIDO";"2";"DEFERIDO";"2";"DEFERIDO";-1;"#NULO";-1;"#NULO";-1;"#NULO";2;"MASCULINO";"1";"BRANCA"
"26/09/2026";"19:31:16";2026;6259;160002532873;-3;"#NE";1;"BRASILEIRA NATA";-3;"WENCESLAU BRAZ";"31";"N";0;"NÃO INFORMADA";"3176572.53";"#NE";"S";"-1";"06005897920266160000";"-3";"#NE";"-3";"#NE";"SIM";"Válido";2;"DEFERIDO";"S";"N";-1;-1;"2026-07-28 15:24:25";2;"DEFERIDO";"2";"DEFERIDO";"2";"DEFERIDO";-1;"#NULO";-1;"#NULO";-1;"#NULO";2;"MASCULINO";"1";"BRANCA"
"26/09/2026";"19:31:16";2026;6259;160002532874;-3;"#NE";1;"BRASILEIRA NATA";-3;"SANTA ROSA";"79";"N";0;"NÃO INFORMADA";"3176572.53";"#NE";"S";"-1";"06005655120266160000";"-3";"#NE";"-3";"#NE";"SIM";"Válido";2;"DEFERIDO";"S";"N";-1;-1;"2026-07-28 15:24:25";2;"DEFERIDO";"2";"DEFERIDO";"2";"DEFERIDO";-1;"#NULO";-1;"#NULO";-1;"#NULO";2;"MASCULINO";"1";"BRANCA"
"26/09/2026";"19:31:16";2026;6259;160002532618;-3;"#NE";1;"BRASILEIRA NATA";-3;"IBIARA";"55";"N";0;"NÃO INFORMADA";"3176572.53";"#NE";"N";"-1";"06005525220266160000";"-3";"#NE";"-3";"#NE";"SIM";"Válido";2;"DEFERIDO";"S";"N";-1;-1;"2026-07-27 16:24:27";2;"DEFERIDO";"2";"DEFERIDO";"2";"DEFERIDO";-1;"#NULO";-1;"#NULO";-1;"#NULO";2;"MASCULINO";"3";"PARDA"
"26/09/2026";"19:31:16";2026;6259;160002536522;-3;"#NE";1;"BRASILEIRA NATA";-3;"SOROCABA";"43";"N";0;"NÃO INFORMADA";"3176572.53";"#NE";"N";"-1";"06007127720266160000";"-3";"#NE";"-3";"#NE";"SIM";"Válido";2;"DEFERIDO";"S";"N";-1;-1;"2026-08-04 17:55:10";2;"DEFERIDO";"2";"DEFERIDO";"2";"DEFERIDO";-1;"#NULO";-1;"#NULO";-1;"#NULO";2;"MASCULINO";"2";"PRETA"
"26/09/2026";"19:31:16";2026;6259;160002536508;-3;"#NE";1;"BRASILEIRA NATA";-3;"CAMPO LARGO";"51";"N";0;"NÃO INFORMADA";"3176572.53";"#NE";"S";"-1";"06006937120266160000";"-3";"#NE";"-3";"#NE";"SIM";"Válido";2;"DEFERIDO";"S";"N";-1;-1;"2026-08-04 17:55:10";2;"DEFERIDO";"2";"DEFERIDO";"2";"DEFERIDO";-1;"#NULO";-1;"#NULO";-1;"#NULO";4;"FEMININO";"1";"BRANCA"
"26/09/2026";"19:31:16";2026;6259;160002547964;-3;"#NE";1;"BRASILEIRA NATA";-3;"CASCAVEL";"49";"N";-1;"#NULO";"-1";"#NE";"S";"-1";"06014255220266160000";"-3";"#NE";"-3";"#NE";"SIM";"#NULO";2;"DEFERIDO";"N";"N";-1;-1;"2026-08-11 12:38:37";2;"DEFERIDO";"2";"DEFERIDO";"2";"DEFERIDO";-1;"#NULO";-1;"#NULO";-1;"#NULO";2;"MASCULINO";"1";"BRANCA"
"26/09/2026";"19:31:16";2026;6259;160002547586;-3;"#NE";1;"BRASILEIRA NATA";-3;"OURINHOS";"54";"N";-1;"#NULO";"3176572.53";"#NE";"S";"-1";"06011648720266160000";"-3";"#NE";"-3";"#NE";"SIM";"Válido";2;"DEFERIDO";"S";"N";-1;-1;"2026-08-11 12:26:56";2;"DEFERIDO";"2";"DEFERIDO";"2";"DEFERIDO";-1;"#NULO";-1;"#NULO";-1;"#NULO";4;"FEMININO";"1";"BRANCA"
"26/09/2026";"19:31:16";2026;6259;160002547587;-3;"#NE";1;"BRASILEIRA NATA";-3;"PRESIDENTE PRUDENTE";"50";"N";-1;"#NULO";"3176572.53";"#NE";"N";"-1";"06011552820266160000";"-3";"#NE";"-3";"#NE";"SIM";"Válido";2;"DEFERIDO";"S";"N";-1;-1;"2026-08-11 12:26:56";2;"DEFERIDO";"2";"DEFERIDO";"2";"DEFERIDO";-1;"#NULO";-1;"#NULO";-1;"#NULO";4;"FEMININO";"1";"BRANCA"
"26/09/2026";"19:31:16";2026;6259;160002552789;-3;"#NE";1;"BRASILEIRA NATA";-3;"CASCAVEL";"62";"N";0;"NÃO INFORMADA";"1270629.01";"#NE";"S";"-1";"06016507220266160000";"-3";"#NE";"-3";"#NE";"SIM";"Válido";2;"DEFERIDO";"S";"N";-1;-1;"2026-08-15 13:17:58";2;"DEFERIDO";"2";"DEFERIDO";"2";"DEFERIDO";-1;"#NULO";-1;"#NULO";-1;"#NULO";2;"MASCULINO";"1";"BRANCA"
"26/09/2026";"19:31:16";2026;6259;160002552827;-3;"#NE";1;"BRASILEIRA NATA";-3;"MANAUS";"50";"N";0;"NÃO INFORMADA";"1270629.01";"#NE";"N";"-1";"06016126020266160000";"-3";"#NE";"-3";"#NE";"SIM";"Válido";2;"DEFERIDO";"S";"N";-1;-1;"2026-08-15 13:17:58";2;"DEFERIDO";"2";"DEFERIDO";"2";"DEFERIDO";-1;"#NULO";-1;"#NULO";-1;"#NULO";2;"MASCULINO";"3";"PARDA"
"26/09/2026";"19:31:16";2026;6259;160002547750;-3;"#NE";1;"BRASILEIRA NATA";-3;"CURITIBA";"53";"N";0;"NÃO INFORMADA";"1270629.01";"#NE";"N";"-1";"06013605720266160000";"-3";"#NE";"-3";"#NE";"SIM";"Válido";2;"DEFERIDO";"S";"N";-1;-1;"2026-08-11 12:36:21";2;"DEFERIDO";"2";"DEFERIDO";"2";"DEFERIDO";-1;"#NULO";-1;"#NULO";-1;"#NULO";2;"MASCULINO";"3";"PARDA"
"26/09/2026";"19:31:16";2026;6259;160002547545;-3;"#NE";1;"BRASILEIRA NATA";-3;"PONTA GROSSA";"44";"N";-1;"#NULO";"1270629.01";"#NE";"S";"-1";"06012063920266160000";"-3";"#NE";"-3";"#NE";"SIM";"Válido";2;"DEFERIDO";"S";"N";-1;-1;"2026-08-11 12:24:57";2;"DEFERIDO";"2";"DEFERIDO";"2";"DEFERIDO";-1;"#NULO";-1;"#NULO";-1;"#NULO";4;"FEMININO";"1";"BRANCA"
"26/09/2026";"19:31:16";2026;6259;160002547544;-3;"#NE";1;"BRASILEIRA NATA";-3;"PITANGA";"40";"N";-1;"#NULO";"1270629.01";"#NE";"S";"-1";"06011934020266160000";"-3";"#NE";"-3";"#NE";"SIM";"Válido";2;"DEFERIDO";"S";"N";-1;-1;"2026-08-11 12:24:57";2;"DEFERIDO";"2";"DEFERIDO";"2";"DEFERIDO";-1;"#NULO";-1;"#NULO";-1;"#NULO";2;"MASCULINO";"1";"BRANCA"
"26/09/2026";"19:31:16";2026;6259;160002542366;-3;"#NE";1;"BRASILEIRA NATA";-3;"CURITIBA";"30";"N";0;"NÃO INFORMADA";"1270629.01";"#NE";"S";"-1";"06009024020266160000";"-3";"#NE";"-3";"#NE";"SIM";"Válido";2;"DEFERIDO";"S";"N";-1;-1;"2026-08-07 18:51:36";2;"DEFERIDO";"2";"DEFERIDO";"2";"DEFERIDO";-1;"#NULO";-1;"#NULO";-1;"#NULO";2;"MASCULINO";"1";"BRANCA"
"26/09/2026";"19:31:16";2026;6259;160002542346;-3;"#NE";1;"BRASILEIRA NATA";-3;"CURITIBA";"35";"N";0;"NÃO INFORMADA";"1270629.01";"#NE";"S";"-1";"06008833420266160000";"-3";"#NE";"-3";"#NE";"SIM";"Válido";2;"DEFERIDO";"S";"N";-1;-1;"2026-08-07 18:51:36";2;"DEFERIDO";"2";"DEFERIDO";"2";"DEFERIDO";-1;"#NULO";-1;"#NULO";-1;"#NULO";2;"MASCULINO";"3";"PARDA"
"26/09/2026";"19:31:16";2026;6259;160002533470;-3;"#NE";1;"BRASILEIRA NATA";-3;"CASCAVEL";"45";"N";0;"NÃO INFORMADA";"1270629.01";"#NE";"N";"-1";"06006313120266160000";"-3";"#NE";"-3";"#NE";"SIM";"Válido";2;"DEFERIDO";"S";"N";-1;-1;"2026-07-29 17:41:27";2;"DEFERIDO";"2";"DEFERIDO";"2";"DEFERIDO";-1;"#NULO";-1;"#NULO";-1;"#NULO";2;"MASCULINO";"1";"BRANCA"
"26/09/2026";"19:31:16";2026;6259;160002547506;-3;"#NE";1;"BRASILEIRA NATA";-3;"PITANGA";"50";"N";0;"NÃO INFORMADA";"1270629.01";"#NE";"N";"-1";"06011041720266160000";"-3";"#NE";"-3";"#NE";"SIM";"Válido";2;"DEFERIDO";"S";"N";-1;-1;"2026-08-11 12:24:00";2;"DEFERIDO";"2";"DEFERIDO";"2";"DEFERIDO";-1;"#NULO";-1;"#NULO";-1;"#NULO";2;"MASCULINO";"1";"BRANCA"
"26/09/2026";"19:31:16";2026;6259;160002551353;-3;"#NE";1;"BRASILEIRA NATA";-3;"CIANORTE";"33";"N";0;"NÃO INFORMADA";"11562724";"#NE";"S";"-1";"06016004620266160000";"-3";"#NE";"-3";"#NE";"SIM";"Válido";2;"DEFERIDO";"S";"N";-1;-1;"2026-08-14 12:44:35";2;"DEFERIDO";"2";"DEFERIDO";"2";"DEFERIDO";-1;"#NULO";-1;"#NULO";-1;"#NULO";2;"MASCULINO";"1";"BRANCA"
"26/09/2026";"19:31:16";2026;6259;160002549511;-3;"#NE";1;"BRASILEIRA NATA";-3;"MARILUZ";"49";"N";-1;"#NULO";"1270629.01";"#NE";"N";"-1";"06014428820266160000";"-3";"#NE";"-3";"#NE";"SIM";"Anulado sub judice";4;"INDEFERIDO EM PRAZO RECURSAL OU COM RECURSO";"S";"N";-1;-1;"2026-08-12 12:34:54";4;"INDEFERIDO EM PRAZO RECURSAL OU COM RECURSO";"4";"INDEFERIDO EM PRAZO RECURSAL OU COM RECURSO";"4";"INDEFERIDO EM PRAZO RECURSAL OU COM RECURSO";-1;"#NULO";-1;"#NULO";-1;"#NULO";4;"FEMININO";"3";"PARDA"
"26/09/2026";"19:31:16";2026;6259;160002553368;-3;"#NE";1;"BRASILEIRA NATA";-3;"CURITIBA";"50";"N";0;"NÃO INFORMADA";"3176572.53";"#NE";"S";"-1";"06016888420266160000";"-3";"#NE";"-3";"#NE";"SIM";"Anulado sub judice";4;"INDEFERIDO EM PRAZO RECURSAL OU COM RECURSO";"S";"N";-1;-1;"2026-08-15 17:46:06";4;"INDEFERIDO EM PRAZO RECURSAL OU COM RECURSO";"4";"INDEFERIDO EM PRAZO RECURSAL OU COM RECURSO";"4";"INDEFERIDO EM PRAZO RECURSAL OU COM RECURSO";-1;"#NULO";-1;"#NULO";-1;"#NULO";2;"MASCULINO";"3";"PARDA"
"26/09/2026";"19:31:16";2026;6259;160002553362;-3;"#NE";1;"BRASILEIRA NATA";-3;"ALTÔNIA";"59";"N";0;"NÃO INFORMADA";"3176572.53";"#NE";"S";"-1";"06017052320266160000";"-3";"#NE";"-3";"#NE";"NÃO";"#NULO";-1;"#NULO";"N";"N";-1;-1;"2026-08-15 17:46:06";6;"RENÚNCIA";"-1";"#NULO";"-1";"#NULO";-1;"#NULO";-1;"#NULO";-1;"#NULO";2;"MASCULINO";"1";"BRANCA"
"26/09/2026";"19:31:16";2026;6259;160002547537;-3;"#NE";1;"BRASILEIRA NATA";-3;"SÃO BERNARDO DO CAMPO";"51";"N";0;"NÃO INFORMADA";"1270629.01";"#NE";"N";"-1";"06011076920266160000";"-3";"#NE";"-3";"#NE";"SIM";"Válido";2;"DEFERIDO";"S";"N";-1;-1;"2026-08-11 12:24:00";2;"DEFERIDO";"2";"DEFERIDO";"2";"DEFERIDO";-1;"#NULO";-1;"#NULO";-1;"#NULO";4;"FEMININO";"1";"BRANCA"
"26/09/2026";"19:31:16";2026;6259;160002547950;-3;"#NE";1;"BRASILEIRA NATA";-3;"CASCAVEL";"39";"N";-1;"#NULO";"1270629.01";"#NE";"S";"-1";"06014203020266160000";"-3";"#NE";"-3";"#NE";"SIM";"Válido";2;"DEFERIDO";"S";"N";-1;-1;"2026-08-11 12:36:56";2;"DEFERIDO";"2";"DEFERIDO";"2";"DEFERIDO";-1;"#NULO";-1;"#NULO";-1;"#NULO";2;"MASCULINO";"1";"BRANCA"
"26/09/2026";"19:31:16";2026;6259;160002547598;-3;"#NE";1;"BRASILEIRA NATA";-3;"FRANCISCO BELTRÃO";"37";"N";0;"NÃO INFORMADA";"1270629.01";"#NE";"N";"-1";"06012289720266160000";"-3";"#NE";"-3";"#NE";"SIM";"Válido";2;"DEFERIDO";"S";"N";-1;-1;"2026-08-11 12:29:53";2;"DEFERIDO";"2";"DEFERIDO";"2";"DEFERIDO";-1;"#NULO";-1;"#NULO";-1;"#NULO";2;"MASCULINO";"1";"BRANCA"
"26/09/2026";"19:31:16";2026;6259;160002552791;-3;"#NE";1;"BRASILEIRA NATA";-3;"PIRAÍ DO SUL";"38";"N";-1;"#NULO";"1270629.01";"#NE";"S";"-1";"06016446520266160000";"-3";"#NE";"-3";"#NE";"SIM";"Válido";2;"DEFERIDO";"S";"N";-1;-1;"2026-08-15 13:17:58";2;"DEFERIDO";"2";"DEFERIDO";"2";"DEFERIDO";-1;"#NULO";-1;"#NULO";-1;"#NULO";2;"MASCULINO";"1";"BRANCA"
"26/09/2026";"19:31:16";2026;6259;160002540795;-3;"#NE";1;"BRASILEIRA NATA";-3;"SÃO VICENTE";"63";"N";0;"NÃO INFORMADA";"3176572.53";"#NE";"S";"-1";"06007725020266160000";"-3";"#NE";"-3";"#NE";"SIM";"Válido";2;"DEFERIDO";"S";"N";-1;-1;"2026-08-07 13:56:41";2;"DEFERIDO";"2";"DEFERIDO";"2";"DEFERIDO";-1;"#NULO";-1;"#NULO";-1;"#NULO";4;"FEMININO";"1";"BRANCA"
"26/09/2026";"19:31:16";2026;6259;160002540783;-3;"#NE";1;"BRASILEIRA NATA";-3;"LONDRINA";"63";"N";0;"NÃO INFORMADA";"3176572.53";"#NE";"S";"-1";"06007620620266160000";"-3";"#NE";"-3";"#NE";"SIM";"Válido";2;"DEFERIDO";"S";"N";-1;-1;"2026-08-07 13:56:41";2;"DEFERIDO";"2";"DEFERIDO";"2";"DEFERIDO";-1;"#NULO";-1;"#NULO";-1;"#NULO";2;"MASCULINO";"1";"BRANCA"
"26/09/2026";"19:31:16";2026;6259;160002547765;-3;"#NE";1;"BRASILEIRA NATA";-3;"PORTO ALEGRE";"65";"N";-1;"#NULO";"1270629.01";"#NE";"S";"-1";"06013796320266160000";"-3";"#NE";"-3";"#NE";"NÃO";"#NULO";-1;"#NULO";"N";"N";-1;-1;"2026-08-11 12:36:21";6;"RENÚNCIA";"-1";"#NULO";"-1";"#NULO";-1;"#NULO";-1;"#NULO";-1;"#NULO";2;"MASCULINO";"1";"BRANCA"
"26/09/2026";"19:31:16";2026;6259;160002549551;-3;"#NE";1;"BRASILEIRA NATA";-3;"ERVAL GRANDE";"54";"N";0;"NÃO INFORMADA";"3176572.53";"#NE";"S";"-1";"06014644920266160000";"-3";"#NE";"-3";"#NE";"SIM";"Válido";2;"DEFERIDO";"S";"N";-1;-1;"2026-08-12 12:38:35";2;"DEFERIDO";"2";"DEFERIDO";"2";"DEFERIDO";-1;"#NULO";-1;"#NULO";-1;"#NULO";2;"MASCULINO";"1";"BRANCA"
"26/09/2026";"19:31:16";2026;6259;160002551029;-3;"#NE";1;"BRASILEIRA NATA";-3;"CURITIBA";"43";"N";0;"NÃO INFORMADA";"3176572.53";"#NE";"S";"-1";"06015372120266160000";"-3";"#NE";"-3";"#NE";"SIM";"Válido";2;"DEFERIDO";"S";"N";-1;-1;"2026-08-13 14:52:35";2;"DEFERIDO";"2";"DEFERIDO";"2";"DEFERIDO";-1;"#NULO";-1;"#NULO";-1;"#NULO";2;"MASCULINO";"1";"BRANCA"
"26/09/2026";"19:31:16";2026;6259;160002551030;-3;"#NE";1;"BRASILEIRA NATA";-3;"CURITIBA";"39";"N";0;"NÃO INFORMADA";"3176572.53";"#NE";"S";"-1";"06015164520266160000";"-3";"#NE";"-3";"#NE";"SIM";"Válido";2;"DEFERIDO";"S";"N";-1;-1;"2026-08-13 14:52:35";2;"DEFERIDO";"2";"DEFERIDO";"2";"DEFERIDO";-1;"#NULO";-1;"#NULO";-1;"#NULO";4;"FEMININO";"1";"BRANCA"
"26/09/2026";"19:31:16";2026;6259;160002551036;-3;"#NE";1;"BRASILEIRA NATA";-3;"LAVRAS";"23";"N";0;"NÃO INFORMADA";"3176572.53";"#NE";"S";"-1";"06015338120266160000";"-3";"#NE";"-3";"#NE";"SIM";"Válido";2;"DEFERIDO";"S";"N";-1;-1;"2026-08-13 14:52:35";2;"DEFERIDO";"2";"DEFERIDO";"2";"DEFERIDO";-1;"#NULO";-1;"#NULO";-1;"#NULO";2;"MASCULINO";"1";"BRANCA"
"26/09/2026";"19:31:16";2026;6259;160002540776;-3;"#NE";1;"BRASILEIRA NATA";-3;"CURITIBA";"43";"N";0;"NÃO INFORMADA";"3176572.53";"#NE";"S";"-1";"06007396020266160000";"-3";"#NE";"-3";"#NE";"SIM";"Válido";2;"DEFERIDO";"S";"N";-1;-1;"2026-08-07 13:55:28";2;"DEFERIDO";"2";"DEFERIDO";"2";"DEFERIDO";-1;"#NULO";-1;"#NULO";-1;"#NULO";2;"MASCULINO";"1";"BRANCA"
"26/09/2026";"19:31:16";2026;6259;160002532872;-3;"#NE";1;"BRASILEIRA NATA";-3;"UNIÃO DA VITÓRIA";"45";"N";0;"NÃO INFORMADA";"3176572.53";"#NE";"S";"-1";"06005741320266160000";"-3";"#NE";"-3";"#NE";"SIM";"Válido";2;"DEFERIDO";"S";"N";-1;-1;"2026-07-28 15:24:25";2;"DEFERIDO";"2";"DEFERIDO";"2";"DEFERIDO";-1;"#NULO";-1;"#NULO";-1;"#NULO";2;"MASCULINO";"1";"BRANCA"
"26/09/2026";"19:31:16";2026;6259;160002542324;-3;"#NE";1;"BRASILEIRA NATA";-3;"PARAÍSO DO NORTE";"60";"N";0;"NÃO INFORMADA";"3176572.53";"#NE";"S";"-1";"06009457420266160000";"-3";"#NE";"-3";"#NE";"SIM";"Válido";2;"DEFERIDO";"S";"N";-1;-1;"2026-08-07 18:52:37";2;"DEFERIDO";"2";"DEFERIDO";"2";"DEFERIDO";-1;"#NULO";-1;"#NULO";-1;"#NULO";2;"MASCULINO";"1";"BRANCA"
"26/09/2026";"19:31:16";2026;6259;160002532593;-3;"#NE";1;"BRASILEIRA NATA";-3;"RIO DE JANEIRO";"45";"N";0;"NÃO INFORMADA";"3176572.53";"#NE";"S";"-1";"06005542220266160000";"-3";"#NE";"-3";"#NE";"SIM";"Válido";2;"DEFERIDO";"S";"N";-1;-1;"2026-07-27 16:24:27";2;"DEFERIDO";"2";"DEFERIDO";"2";"DEFERIDO";-1;"#NULO";-1;"#NULO";-1;"#NULO";4;"FEMININO";"1";"BRANCA"
"26/09/2026";"19:31:16";2026;6259;160002547657;-3;"#NE";1;"BRASILEIRA NATA";-3;"CURITIBA";"75";"N";-1;"#NULO";"-1";"#NE";"S";"-1";"06012687920266160000";"-3";"#NE";"-3";"#NE";"SIM";"#NULO";2;"DEFERIDO";"N";"N";-1;-1;"2026-08-11 12:28:43";2;"DEFERIDO";"2";"DEFERIDO";"2";"DEFERIDO";-1;"#NULO";-1;"#NULO";-1;"#NULO";2;"MASCULINO";"1";"BRANCA"
"26/09/2026";"19:31:16";2026;6259;160002541987;-3;"#NE";1;"BRASILEIRA NATA";-3;"CIANORTE";"40";"N";0;"NÃO INFORMADA";"3176572.53";"#NE";"S";"-1";"06008747220266160000";"-3";"#NE";"-3";"#NE";"SIM";"Válido";2;"DEFERIDO";"S";"N";-1;-1;"2026-08-07 18:51:01";2;"DEFERIDO";"2";"DEFERIDO";"2";"DEFERIDO";-1;"#NULO";-1;"#NULO";-1;"#NULO";2;"MASCULINO";"3";"PARDA"
"26/09/2026";"19:31:16";2026;6259;160002547592;-3;"#NE";1;"BRASILEIRA NATA";-3;"SÃO PAULO";"40";"N";-1;"#NULO";"3176572.53";"#NE";"S";"-1";"06011726420266160000";"-3";"#NE";"-3";"#NE";"SIM";"Válido";2;"DEFERIDO";"S";"N";-1;-1;"2026-08-11 12:26:56";2;"DEFERIDO";"2";"DEFERIDO";"2";"DEFERIDO";-1;"#NULO";-1;"#NULO";-1;"#NULO";2;"MASCULINO";"1";"BRANCA"
"26/09/2026";"19:31:16";2026;6259;160002547567;-3;"#NE";1;"BRASILEIRA NATA";-3;"GUARAPUAVA";"38";"N";-1;"#NULO";"3176572.53";"#NE";"N";"-1";"06011804120266160000";"-3";"#NE";"-3";"#NE";"SIM";"Válido";2;"DEFERIDO";"S";"N";-1;-1;"2026-08-11 12:26:56";2;"DEFERIDO";"2";"DEFERIDO";"2";"DEFERIDO";-1;"#NULO";-1;"#NULO";-1;"#NULO";4;"FEMININO";"1";"BRANCA"
"26/09/2026";"19:31:16";2026;6259;160002552809;-3;"#NE";1;"BRASILEIRA NATA";-3;"PATO BRANCO";"65";"N";0;"NÃO INFORMADA";"1270629.01";"#NE";"S";"-1";"06016203720266160000";"-3";"#NE";"-3";"#NE";"SIM";"Válido";2;"DEFERIDO";"S";"N";-1;-1;"2026-08-15 13:17:58";2;"DEFERIDO";"2";"DEFERIDO";"2";"DEFERIDO";-1;"#NULO";-1;"#NULO";-1;"#NULO";2;"MASCULINO";"3";"PARDA"
"26/09/2026";"19:31:16";2026;6259;160002547678;-3;"#NE";1;"BRASILEIRA NATA";-3;"SANTA IZABEL DO OESTE";"49";"N";0;"NÃO INFORMADA";"1270629.01";"#NE";"N";"-1";"06012947720266160000";"-3";"#NE";"-3";"#NE";"SIM";"Válido";2;"DEFERIDO";"S";"N";-1;-1;"2026-08-11 12:35:16";2;"DEFERIDO";"2";"DEFERIDO";"2";"DEFERIDO";-1;"#NULO";-1;"#NULO";-1;"#NULO";4;"FEMININO";"1";"BRANCA"
"26/09/2026";"19:31:16";2026;6259;160002547704;-3;"#NE";1;"BRASILEIRA NATA";-3;"VOTUPORANGA";"54";"N";0;"NÃO INFORMADA";"1270629.01";"#NE";"S";"-1";"06012826320266160000";"-3";"#NE";"-3";"#NE";"SIM";"Válido";2;"DEFERIDO";"S";"N";-1;-1;"2026-08-11 12:35:16";2;"DEFERIDO";"2";"DEFERIDO";"2";"DEFERIDO";-1;"#NULO";-1;"#NULO";-1;"#NULO";4;"FEMININO";"1";"BRANCA"
"26/09/2026";"19:31:16";2026;6259;160002551171;-3;"#NE";1;"BRASILEIRA NATA";-3;"CAMPO LARGO";"36";"N";0;"NÃO INFORMADA";"1270629.01";"#NE";"N";"-1";"06015805520266160000";"-3";"#NE";"-3";"#NE";"SIM";"Válido";2;"DEFERIDO";"S";"N";-1;-1;"2026-08-13 14:59:10";2;"DEFERIDO";"2";"DEFERIDO";"2";"DEFERIDO";-1;"#NULO";-1;"#NULO";-1;"#NULO";4;"FEMININO";"1";"BRANCA"
"26/09/2026";"19:31:16";2026;6259;160002547541;-3;"#NE";1;"BRASILEIRA NATA";-3;"MEDIANEIRA";"39";"N";0;"NÃO INFORMADA";"1270629.01";"#NE";"N";"-1";"06011847820266160000";"-3";"#NE";"-3";"#NE";"SIM";"Válido";2;"DEFERIDO";"S";"N";-1;-1;"2026-08-11 12:24:57";2;"DEFERIDO";"2";"DEFERIDO";"2";"DEFERIDO";-1;"#NULO";-1;"#NULO";-1;"#NULO";4;"FEMININO";"1";"BRANCA"
"26/09/2026";"19:31:16";2026;6259;160002542254;-3;"#NE";1;"BRASILEIRA NATA";-3;"CORONEL VIVIDA";"39";"N";0;"NÃO INFORMADA";"1270629.01";"#NE";"S";"-1";"06008452220266160000";"-3";"#NE";"-3";"#NE";"SIM";"Válido";2;"DEFERIDO";"S";"N";-1;-1;"2026-08-07 18:50:23";2;"DEFERIDO";"2";"DEFERIDO";"2";"DEFERIDO";-1;"#NULO";-1;"#NULO";-1;"#NULO";4;"FEMININO";"1";"BRANCA"
"26/09/2026";"19:31:16";2026;6259;160002533479;-3;"#NE";1;"BRASILEIRA NATA";-3;"CURITIBA";"50";"N";0;"NÃO INFORMADA";"1270629.01";"#NE";"S";"-1";"06006053320266160000";"-3";"#NE";"-3";"#NE";"SIM";"Válido";2;"DEFERIDO";"S";"N";-1;-1;"2026-07-29 17:41:27";2;"DEFERIDO";"2";"DEFERIDO";"2";"DEFERIDO";-1;"#NULO";-1;"#NULO";-1;"#NULO";2;"MASCULINO";"1";"BRANCA"
"26/09/2026";"19:31:16";2026;6259;160002533481;-3;"#NE";1;"BRASILEIRA NATA";-3;"SÃO JOSÉ DOS PINHAIS";"44";"N";0;"NÃO INFORMADA";"1270629.01";"#NE";"S";"-1";"06006426020266160000";"-3";"#NE";"-3";"#NE";"SIM";"Válido";2;"DEFERIDO";"S";"N";-1;-1;"2026-07-29 17:41:27";2;"DEFERIDO";"2";"DEFERIDO";"2";"DEFERIDO";-1;"#NULO";-1;"#NULO";-1;"#NULO";2;"MASCULINO";"1";"BRANCA"
"26/09/2026";"19:31:16";2026;6259;160002542328;-3;"#NE";1;"BRASILEIRA NATA";-3;"CAMBARÁ";"42";"N";-1;"#NULO";"3176572.53";"#NE";"N";"-1";"06009327520266160000";"-3";"#NE";"-3";"#NE";"NÃO";"#NULO";-1;"#NULO";"N";"S";-1;-1;"2026-08-07 18:52:37";6;"RENÚNCIA";"-1";"#NULO";"-1";"#NULO";-1;"#NULO";-1;"#NULO";-1;"#NULO";4;"FEMININO";"2";"PRETA"
"26/09/2026";"19:31:16";2026;6259;160002547588;-3;"#NE";1;"BRASILEIRA NATA";-3;"TOLEDO";"54";"N";0;"NÃO INFORMADA";"3176572.53";"#NE";"S";"-1";"06011535820266160000";"-3";"#NE";"-3";"#NE";"SIM";"Anulado sub judice";4;"INDEFERIDO EM PRAZO RECURSAL OU COM RECURSO";"S";"N";-1;-1;"2026-08-11 12:26:56";4;"INDEFERIDO EM PRAZO RECURSAL OU COM RECURSO";"4";"INDEFERIDO EM PRAZO RECURSAL OU COM RECURSO";"4";"INDEFERIDO EM PRAZO RECURSAL OU COM RECURSO";-1;"#NULO";-1;"#NULO";-1;"#NULO";2;"MASCULINO";"1";"BRANCA"
"26/09/2026";"19:31:16";2026;6259;160002547628;-3;"#NE";1;"BRASILEIRA NATA";-3;"CURITIBA";"30";"N";0;"NÃO INFORMADA";"1270629.01";"#NE";"S";"-1";"06012384420266160000";"-3";"#NE";"-3";"#NE";"SIM";"Válido";16;"DEFERIDO COM RECURSO";"S";"N";-1;-1;"2026-08-11 12:29:53";16;"DEFERIDO EM PRAZO RECURSAL OU COM RECURSO";"16";"DEFERIDO COM RECURSO";"4";"INDEFERIDO EM PRAZO RECURSAL OU COM RECURSO";-1;"#NULO";-1;"#NULO";-1;"#NULO";2;"MASCULINO";"1";"BRANCA"
"26/09/2026";"19:31:16";2026;6259;160002546868;-3;"#NE";1;"BRASILEIRA NATA";-3;"CASCAVEL";"55";"N";0;"NÃO INFORMADA";"1270629.01";"#NE";"S";"-1";"06010366720266160000";"-3";"#NE";"-3";"#NE";"SIM";"Válido";2;"DEFERIDO";"S";"N";-1;-1;"2026-08-11 12:01:37";2;"DEFERIDO";"2";"DEFERIDO";"2";"DEFERIDO";-1;"#NULO";-1;"#NULO";-1;"#NULO";2;"MASCULINO";"1";"BRANCA"
"26/09/2026";"19:31:16";2026;6259;160002546818;-3;"#NE";1;"BRASILEIRA NATA";-3;"PONTA GROSSA";"61";"N";0;"NÃO INFORMADA";"1270629.01";"#NE";"S";"-1";"06010106920266160000";"-3";"#NE";"-3";"#NE";"SIM";"Válido";2;"DEFERIDO";"S";"N";-1;-1;"2026-08-11 11:57:23";2;"DEFERIDO";"2";"DEFERIDO";"2";"DEFERIDO";-1;"#NULO";-1;"#NULO";-1;"#NULO";2;"MASCULINO";"1";"BRANCA"
"26/09/2026";"19:31:16";2026;6259;160002552787;-3;"#NE";1;"BRASILEIRA NATA";-3;"CURITIBA";"25";"N";0;"NÃO INFORMADA";"1270629.01";"#NE";"S";"-1";"06016385820266160000";"-3";"#NE";"-3";"#NE";"SIM";"Válido";2;"DEFERIDO";"S";"N";-1;-1;"2026-08-15 13:17:58";2;"DEFERIDO";"2";"DEFERIDO";"2";"DEFERIDO";-1;"#NULO";-1;"#NULO";-1;"#NULO";4;"FEMININO";"1";"BRANCA"
"26/09/2026";"19:31:16";2026;6259;160002547697;-3;"#NE";1;"BRASILEIRA NATA";-3;"LINS";"74";"N";0;"NÃO INFORMADA";"1270629.01";"#NE";"S";"-1";"06013077620266160000";"-3";"#NE";"-3";"#NE";"NÃO";"#NULO";-1;"#NULO";"N";"N";-1;-1;"2026-08-11 12:35:16";6;"RENÚNCIA";"-1";"#NULO";"-1";"#NULO";-1;"#NULO";-1;"#NULO";-1;"#NULO";2;"MASCULINO";"1";"BRANCA"
"26/09/2026";"19:31:16";2026;6259;160002553654;-3;"#NE";1;"BRASILEIRA NATA";-3;"MATELÂNDIA";"44";"N";-1;"#NULO";"3176572.53";"#NE";"S";"-1";"06017364320266160000";"-3";"#NE";"-3";"#NE";"SIM";"Válido";2;"DEFERIDO";"N";"N";-1;-1;"2026-08-15 18:23:52";2;"DEFERIDO";"2";"DEFERIDO";"2";"DEFERIDO";-1;"#NULO";-1;"#NULO";-1;"#NULO";2;"MASCULINO";"1";"BRANCA"
"26/09/2026";"19:31:16";2026;6259;160002553650;-3;"#NE";1;"BRASILEIRA NATA";-3;"JOINVILLE";"43";"N";0;"NÃO INFORMADA";"3176572.53";"#NE";"N";"-1";"06017408020266160000";"-3";"#NE";"-3";"#NE";"SIM";"Válido";2;"DEFERIDO";"N";"N";-1;-1;"2026-08-15 18:23:52";2;"DEFERIDO";"2";"DEFERIDO";"2";"DEFERIDO";-1;"#NULO";-1;"#NULO";-1;"#NULO";2;"MASCULINO";"3";"PARDA"
"26/09/2026";"19:31:16";2026;6259;160002542298;-3;"#NE";1;"BRASILEIRA NATA";-3;"TUNEIRAS DO OESTE";"50";"N";0;"NÃO INFORMADA";"3176572.53";"#NE";"S";"-1";"06009665020266160000";"-3";"#NE";"-3";"#NE";"SIM";"Válido";2;"DEFERIDO";"S";"N";-1;-1;"2026-08-07 18:52:09";2;"DEFERIDO";"2";"DEFERIDO";"2";"DEFERIDO";-1;"#NULO";-1;"#NULO";-1;"#NULO";2;"MASCULINO";"1";"BRANCA"
"26/09/2026";"19:31:16";2026;6259;160002553359;-3;"#NE";1;"BRASILEIRA NATA";-3;"MARIA HELENA";"54";"N";-1;"#NULO";"3176572.53";"#NE";"S";"-1";"06016922420266160000";"-3";"#NE";"-3";"#NE";"SIM";"Válido";2;"DEFERIDO";"S";"N";-1;-1;"2026-08-15 17:46:06";2;"DEFERIDO";"2";"DEFERIDO";"17";"PENDENTE DE JULGAMENTO";-1;"#NULO";-1;"#NULO";-1;"#NULO";2;"MASCULINO";"3";"PARDA"
"26/09/2026";"19:31:16";2026;6259;160002551000;-3;"#NE";1;"BRASILEIRA NATA";-3;"CURITIBA";"23";"N";-1;"#NULO";"3176572.53";"#NE";"N";"-1";"06015095320266160000";"-3";"#NE";"-3";"#NE";"SIM";"Válido";2;"DEFERIDO";"S";"N";-1;-1;"2026-08-13 14:50:08";2;"DEFERIDO";"2";"DEFERIDO";"2";"DEFERIDO";-1;"#NULO";-1;"#NULO";-1;"#NULO";4;"FEMININO";"2";"PRETA"
"26/09/2026";"19:31:16";2026;6259;160002532859;-3;"#NE";1;"BRASILEIRA NATA";-3;"PATO BRANCO";"35";"N";0;"NÃO INFORMADA";"3176572.53";"#NE";"S";"-1";"06005914920266160000";"-3";"#NE";"-3";"#NE";"SIM";"Válido";2;"DEFERIDO";"S";"N";-1;-1;"2026-07-28 15:24:25";2;"DEFERIDO";"2";"DEFERIDO";"2";"DEFERIDO";-1;"#NULO";-1;"#NULO";-1;"#NULO";2;"MASCULINO";"1";"BRANCA"
"26/09/2026";"19:31:16";2026;6259;160002542342;-3;"#NE";1;"BRASILEIRA NATA";-3;"MATELÂNDIA";"39";"N";0;"NÃO INFORMADA";"3176572.53";"#NE";"S";"-1";"06009101720266160000";"-3";"#NE";"-3";"#NE";"SIM";"Válido";2;"DEFERIDO";"S";"N";-1;-1;"2026-08-07 18:52:37";2;"DEFERIDO";"2";"DEFERIDO";"2";"DEFERIDO";-1;"#NULO";-1;"#NULO";-1;"#NULO";4;"FEMININO";"3";"PARDA"
"26/09/2026";"19:31:16";2026;6259;160002542321;-3;"#NE";1;"BRASILEIRA NATA";-3;"MARIALVA";"73";"N";-1;"#NULO";"3176572.53";"#NE";"S";"-1";"06009388220266160000";"-3";"#NE";"-3";"#NE";"SIM";"Válido";2;"DEFERIDO";"S";"N";-1;-1;"2026-08-07 18:52:37";2;"DEFERIDO";"2";"DEFERIDO";"2";"DEFERIDO";-1;"#NULO";-1;"#NULO";-1;"#NULO";2;"MASCULINO";"1";"BRANCA"
"26/09/2026";"19:31:16";2026;6259;160002554288;-3;"#NE";1;"BRASILEIRA NATA";-3;"PONTA GROSSA";"72";"N";0;"NÃO INFORMADA";"3176572.53";"#NE";"N";"-1";"06019165920266160000";"-3";"#NE";"-3";"#NE";"SIM";"Válido";2;"DEFERIDO";"S";"N";160002542328;-1;"2026-08-25 19:31:29";2;"DEFERIDO";"2";"DEFERIDO";"2";"DEFERIDO";-1;"#NULO";-1;"#NULO";-1;"#NULO";-1;"#NULO";"-1";"#NULO"
"26/09/2026";"19:31:16";2026;6259;160002536505;-3;"#NE";1;"BRASILEIRA NATA";-3;"PONTA GROSSA";"38";"N";0;"NÃO INFORMADA";"3176572.53";"#NE";"S";"-1";"06007023320266160000";"-3";"#NE";"-3";"#NE";"SIM";"Válido";2;"DEFERIDO";"S";"N";-1;-1;"2026-08-04 17:55:10";2;"DEFERIDO";"2";"DEFERIDO";"2";"DEFERIDO";-1;"#NULO";-1;"#NULO";-1;"#NULO";2;"MASCULINO";"1";"BRANCA"
"26/09/2026";"19:31:16";2026;6259;160002541983;-3;"#NE";1;"BRASILEIRA NATA";-3;"LONDRINA";"53";"N";0;"NÃO INFORMADA";"3176572.53";"#NE";"N";"-1";"06008426720266160000";"-3";"#NE";"-3";"#NE";"SIM";"Válido";2;"DEFERIDO";"S";"N";-1;-1;"2026-08-07 18:51:01";2;"DEFERIDO";"2";"DEFERIDO";"2";"DEFERIDO";-1;"#NULO";-1;"#NULO";-1;"#NULO";4;"FEMININO";"1";"BRANCA"
"26/09/2026";"19:31:16";2026;6259;160002547571;-3;"#NE";1;"BRASILEIRA NATA";-3;"LONDRINA";"42";"N";0;"NÃO INFORMADA";"3176572.53";"#NE";"N";"-1";"06011630520266160000";"-3";"#NE";"-3";"#NE";"SIM";"Válido";2;"DEFERIDO";"S";"N";-1;-1;"2026-08-11 12:26:56";2;"DEFERIDO";"2";"DEFERIDO";"2";"DEFERIDO";-1;"#NULO";-1;"#NULO";-1;"#NULO";2;"MASCULINO";"2";"PRETA"
"26/09/2026";"19:31:16";2026;6259;160002547573;-3;"#NE";1;"BRASILEIRA NATA";-3;"MARINGÁ";"38";"N";0;"NÃO INFORMADA";"3176572.53";"#NE";"S";"-1";"06011613520266160000";"-3";"#NE";"-3";"#NE";"SIM";"Válido";2;"DEFERIDO";"S";"N";-1;-1;"2026-08-11 12:26:56";2;"DEFERIDO";"2";"DEFERIDO";"2";"DEFERIDO";-1;"#NULO";-1;"#NULO";-1;"#NULO";2;"MASCULINO";"1";"BRANCA"
"26/09/2026";"19:31:16";2026;6259;160002547725;-3;"#NE";1;"BRASILEIRA NATA";-3;"SÃO PAULO";"64";"N";0;"NÃO INFORMADA";"3176572.53";"#NE";"S";"-1";"06013423620266160000";"-3";"#NE";"-3";"#NE";"SIM";"Válido";2;"DEFERIDO";"S";"N";-1;-1;"2026-08-11 12:34:01";2;"DEFERIDO";"2";"DEFERIDO";"2";"DEFERIDO";-1;"#NULO";-1;"#NULO";-1;"#NULO";2;"MASCULINO";"3";"PARDA"
"26/09/2026";"19:31:16";2026;6259;160002547736;-3;"#NE";1;"BRASILEIRA NATA";-3;"MAMBORÊ";"69";"N";-1;"#NULO";"1270629.01";"#NE";"N";"-1";"06013848520266160000";"-3";"#NE";"-3";"#NE";"SIM";"Válido";2;"DEFERIDO";"S";"N";-1;-1;"2026-08-11 12:36:21";2;"DEFERIDO";"2";"DEFERIDO";"2";"DEFERIDO";-1;"#NULO";-1;"#NULO";-1;"#NULO";2;"MASCULINO";"1";"BRANCA"
"26/09/2026";"19:31:16";2026;6259;160002551168;-3;"#NE";1;"BRASILEIRA NATA";-3;"PONTA GROSSA";"29";"N";0;"NÃO INFORMADA";"1270629.01";"#NE";"S";"-1";"06015606420266160000";"-3";"#NE";"-3";"#NE";"SIM";"Válido";2;"DEFERIDO";"S";"N";-1;-1;"2026-08-13 14:59:10";2;"DEFERIDO";"2";"DEFERIDO";"2";"DEFERIDO";-1;"#NULO";-1;"#NULO";-1;"#NULO";2;"MASCULINO";"1";"BRANCA"
"26/09/2026";"19:31:16";2026;6259;160002542364;-3;"#NE";1;"BRASILEIRA NATA";-3;"SÃO JOSÉ DOS PINHAIS";"55";"N";-1;"#NULO";"1270629.01";"#NE";"S";"-1";"06009189120266160000";"-3";"#NE";"-3";"#NE";"SIM";"Válido";2;"DEFERIDO";"S";"N";-1;-1;"2026-08-07 18:51:36";2;"DEFERIDO";"2";"DEFERIDO";"2";"DEFERIDO";-1;"#NULO";-1;"#NULO";-1;"#NULO";2;"MASCULINO";"1";"BRANCA"
"26/09/2026";"19:31:16";2026;6259;160002542268;-3;"#NE";1;"BRASILEIRA NATA";-3;"UMUARAMA";"33";"N";-1;"#NULO";"1270629.01";"#NE";"N";"-1";"06008010320266160000";"-3";"#NE";"-3";"#NE";"SIM";"Válido";2;"DEFERIDO";"S";"N";-1;-1;"2026-08-07 18:50:23";2;"DEFERIDO";"2";"DEFERIDO";"2";"DEFERIDO";-1;"#NULO";-1;"#NULO";-1;"#NULO";4;"FEMININO";"1";"BRANCA"
"26/09/2026";"19:31:16";2026;6259;160002533466;-3;"#NE";1;"BRASILEIRA NATA";-3;"AMPÉRE";"31";"N";0;"NÃO INFORMADA";"1270629.01";"#NE";"N";"-1";"06006105520266160000";"-3";"#NE";"-3";"#NE";"SIM";"Válido";2;"DEFERIDO";"S";"N";-1;-1;"2026-07-29 17:41:27";2;"DEFERIDO";"2";"DEFERIDO";"2";"DEFERIDO";-1;"#NULO";-1;"#NULO";-1;"#NULO";4;"FEMININO";"1";"BRANCA"
"26/09/2026";"19:31:16";2026;6259;160002552576;-3;"#NE";1;"BRASILEIRA NATA";-3;"CURITIBA";"43";"N";-1;"#NULO";"1270629.01";"#NE";"S";"-1";"06016731820266160000";"-3";"#NE";"-3";"#NE";"SIM";"Válido";2;"DEFERIDO";"N";"N";160002533483;-1;"2026-08-15 13:29:45";2;"DEFERIDO";"2";"DEFERIDO";"2";"DEFERIDO";-1;"#NULO";-1;"#NULO";-1;"#NULO";2;"MASCULINO";"1";"BRANCA"
"26/09/2026";"19:31:16";2026;6259;160002533473;-3;"#NE";1;"BRASILEIRA NATA";-3;"SIQUEIRA CAMPOS";"77";"N";0;"NÃO INFORMADA";"1270629.01";"#NE";"S";"-1";"06006469720266160000";"-3";"#NE";"-3";"#NE";"SIM";"Válido";2;"DEFERIDO";"S";"N";-1;-1;"2026-07-29 17:41:27";2;"DEFERIDO";"2";"DEFERIDO";"2";"DEFERIDO";-1;"#NULO";-1;"#NULO";-1;"#NULO";2;"MASCULINO";"1";"BRANCA"
"26/09/2026";"19:31:16";2026;6259;160002547500;-3;"#NE";1;"BRASILEIRA NATA";-3;"MARINGÁ";"50";"N";0;"NÃO INFORMADA";"1270629.01";"#NE";"S";"-1";"06011336720266160000";"-3";"#NE";"-3";"#NE";"SIM";"Válido";2;"DEFERIDO";"S";"N";-1;-1;"2026-08-11 12:24:00";2;"DEFERIDO";"2";"DEFERIDO";"2";"DEFERIDO";-1;"#NULO";-1;"#NULO";-1;"#NULO";2;"MASCULINO";"2";"PRETA"
"26/09/2026";"19:31:16";2026;6259;160002554184;-3;"#NE";1;"BRASILEIRA NATA";-3;"CURITIBA";"26";"N";0;"NÃO INFORMADA";"1270629.01";"#NE";"N";"-1";"06018732520266160000";"-3";"#NE";"-3";"#NE";"SIM";"Válido";2;"DEFERIDO";"S";"N";-1;-1;"2026-08-23 12:40:30";2;"DEFERIDO";"2";"DEFERIDO";"2";"DEFERIDO";-1;"#NULO";-1;"#NULO";-1;"#NULO";-1;"#NULO";"-1";"#NULO"
"26/09/2026";"19:31:16";2026;6259;160002553673;-3;"#NE";1;"BRASILEIRA NATA";-3;"BLUMENAU";"45";"N";-1;"#NULO";"1270629.01";"#NE";"N";"-1";"06017251420266160000";"-3";"#NE";"-3";"#NE";"SIM";"Válido";2;"DEFERIDO";"N";"N";-1;-1;"2026-08-15 18:24:02";2;"DEFERIDO";"2";"DEFERIDO";"2";"DEFERIDO";-1;"#NULO";-1;"#NULO";-1;"#NULO";2;"MASCULINO";"2";"PRETA"
"26/09/2026";"19:31:16";2026;6259;160002547563;-3;"#NE";1;"BRASILEIRA NATA";-3;"GLÓRIA DE DOURADOS";"55";"N";0;"NÃO INFORMADA";"3176572.53";"#NE";"S";"-1";"06011596520266160000";"-3";"#NE";"-3";"#NE";"SIM";"Anulado sub judice";4;"INDEFERIDO EM PRAZO RECURSAL OU COM RECURSO";"S";"N";-1;-1;"2026-08-11 12:26:56";4;"INDEFERIDO EM PRAZO RECURSAL OU COM RECURSO";"4";"INDEFERIDO EM PRAZO RECURSAL OU COM RECURSO";"4";"INDEFERIDO EM PRAZO RECURSAL OU COM RECURSO";-1;"#NULO";-1;"#NULO";-1;"#NULO";2;"MASCULINO";"1";"BRANCA"
"26/09/2026";"19:31:16";2026;6259;160002547955;-3;"#NE";1;"BRASILEIRA NATA";-3;"CRUZEIRO DO OESTE";"70";"N";0;"NÃO INFORMADA";"1270629.01";"#NE";"N";"-1";"06014003920266160000";"-3";"#NE";"-3";"#NE";"NÃO";"#NULO";-1;"#NULO";"N";"N";-1;-1;"2026-08-11 12:36:56";6;"RENÚNCIA";"-1";"#NULO";"-1";"#NULO";-1;"#NULO";-1;"#NULO";-1;"#NULO";2;"MASCULINO";"1";"BRANCA"
"26/09/2026";"19:31:16";2026;6259;160002553653;-3;"#NE";1;"BRASILEIRA NATA";-3;"IVAÍ";"39";"N";-1;"#NULO";"3176572.53";"#NE";"N";"-1";"06017399520266160000";"-3";"#NE";"-3";"#NE";"NÃO";"#NULO";-1;"#NULO";"N";"N";-1;-1;"2026-08-15 18:23:52";14;"INDEFERIDO";"-1";"#NULO";"-1";"#NULO";-1;"#NULO";-1;"#NULO";-1;"#NULO";4;"FEMININO";"1";"BRANCA"
"26/09/2026";"19:31:16";2026;6259;160002554125;-3;"#NE";1;"BRASILEIRA NATA";-3;"FOZ DO IGUAÇU";"43";"N";-1;"#NULO";"3176572.53";"#NE";"N";"-1";"06018030820266160000";"-3";"#NE";"-3";"#NE";"NÃO";"#NULO";-1;"#NULO";"N";"N";-1;-1;"2026-08-20 11:01:21";14;"INDEFERIDO";"-1";"#NULO";"-1";"#NULO";-1;"#NULO";-1;"#NULO";-1;"#NULO";-1;"#NULO";"-1";"#NULO"
"26/09/2026";"19:31:16";2026;6259;160002547493;-3;"#NE";1;"BRASILEIRA NATA";-3;"BRASÍLIA";"32";"N";0;"NÃO INFORMADA";"1270629.01";"#NE";"S";"-1";"06011223820266160000";"-3";"#NE";"-3";"#NE";"SIM";"Válido";2;"DEFERIDO";"S";"N";-1;-1;"2026-08-11 12:24:00";2;"DEFERIDO";"2";"DEFERIDO";"2";"DEFERIDO";-1;"#NULO";-1;"#NULO";-1;"#NULO";4;"FEMININO";"3";"PARDA"
"26/09/2026";"19:31:16";2026;6259;160002549513;-3;"#NE";1;"BRASILEIRA NATA";-3;"CURITIBA";"62";"N";0;"NÃO INFORMADA";"1270629.01";"#NE";"S";"-1";"06014489520266160000";"-3";"#NE";"-3";"#NE";"SIM";"Válido";2;"DEFERIDO";"S";"N";-1;-1;"2026-08-12 12:34:54";2;"DEFERIDO";"2";"DEFERIDO";"2";"DEFERIDO";-1;"#NULO";-1;"#NULO";-1;"#NULO";2;"MASCULINO";"1";"BRANCA"
"26/09/2026";"19:31:16";2026;6259;160002551046;-3;"#NE";1;"BRASILEIRA NATA";-3;"CAMPINA GRANDE DO SUL";"28";"N";0;"NÃO INFORMADA";"1270629.01";"#NE";"S";"-1";"06015139020266160000";"-3";"#NE";"-3";"#NE";"SIM";"Válido";2;"DEFERIDO";"S";"N";-1;-1;"2026-08-13 14:54:09";2;"DEFERIDO";"2";"DEFERIDO";"2";"DEFERIDO";-1;"#NULO";-1;"#NULO";-1;"#NULO";4;"FEMININO";"2";"PRETA"
"26/09/2026";"19:31:16";2026;6259;160002547611;-3;"#NE";1;"BRASILEIRA NATA";-3;"PARANAGUÁ";"50";"N";0;"NÃO INFORMADA";"1270629.01";"#NE";"S";"-1";"06012323720266160000";"-3";"#NE";"-3";"#NE";"SIM";"Válido";2;"DEFERIDO";"S";"N";-1;-1;"2026-08-11 12:29:53";2;"DEFERIDO";"2";"DEFERIDO";"2";"DEFERIDO";-1;"#NULO";-1;"#NULO";-1;"#NULO";2;"MASCULINO";"1";"BRANCA"
"26/09/2026";"19:31:16";2026;6259;160002546819;-3;"#NE";1;"BRASILEIRA NATA";-3;"PONTA GROSSA";"52";"N";0;"NÃO INFORMADA";"1270629.01";"#NE";"S";"-1";"06010037720266160000";"-3";"#NE";"-3";"#NE";"SIM";"Válido";2;"DEFERIDO";"S";"N";-1;-1;"2026-08-11 11:57:23";2;"DEFERIDO";"2";"DEFERIDO";"2";"DEFERIDO";-1;"#NULO";-1;"#NULO";-1;"#NULO";2;"MASCULINO";"1";"BRANCA"
"26/09/2026";"19:31:16";2026;6259;160002552784;-3;"#NE";1;"BRASILEIRA NATA";-3;"TELÊMACO BORBA";"46";"N";-1;"#NULO";"1270629.01";"#NE";"S";"-1";"06016151520266160000";"-3";"#NE";"-3";"#NE";"SIM";"Válido";2;"DEFERIDO";"S";"N";-1;-1;"2026-08-15 13:17:58";2;"DEFERIDO";"2";"DEFERIDO";"2";"DEFERIDO";-1;"#NULO";-1;"#NULO";-1;"#NULO";4;"FEMININO";"1";"BRANCA"
"26/09/2026";"19:31:16";2026;6259;160002540793;-3;"#NE";1;"BRASILEIRA NATA";-3;"SÃO PAULO";"53";"N";0;"NÃO INFORMADA";"3176572.53";"#NE";"S";"-1";"06007785720266160000";"-3";"#NE";"-3";"#NE";"SIM";"Válido";2;"DEFERIDO";"S";"N";-1;-1;"2026-08-07 13:56:41";2;"DEFERIDO";"2";"DEFERIDO";"2";"DEFERIDO";-1;"#NULO";-1;"#NULO";-1;"#NULO";2;"MASCULINO";"1";"BRANCA"
"26/09/2026";"19:31:16";2026;6259;160002551166;-3;"#NE";1;"BRASILEIRA NATA";-3;"PARANAGUÁ";"37";"N";0;"NÃO INFORMADA";"1270629.01";"#NE";"S";"-1";"06015692620266160000";"-3";"#NE";"-3";"#NE";"NÃO";"#NULO";-1;"#NULO";"N";"N";-1;-1;"2026-08-13 14:59:10";6;"RENÚNCIA";"-1";"#NULO";"-1";"#NULO";-1;"#NULO";-1;"#NULO";-1;"#NULO";4;"FEMININO";"2";"PRETA"
"26/09/2026";"19:31:16";2026;6259;160002547555;-3;"#NE";1;"BRASILEIRA NATA";-3;"CURITIBA";"48";"N";-1;"#NULO";"1270629.01";"#NE";"S";"-1";"06012011720266160000";"-3";"#NE";"-3";"#NE";"NÃO";"#NULO";-1;"#NULO";"N";"N";-1;-1;"2026-08-11 12:24:57";6;"RENÚNCIA";"-1";"#NULO";"-1";"#NULO";-1;"#NULO";-1;"#NULO";-1;"#NULO";2;"MASCULINO";"3";"PARDA"
"26/09/2026";"19:31:16";2026;6259;160002542290;-3;"#NE";1;"BRASILEIRA NATA";-3;"GUARAPUAVA";"51";"N";-1;"#NULO";"3176572.53";"#NE";"S";"-1";"06009656520266160000";"-3";"#NE";"-3";"#NE";"SIM";"Válido";2;"DEFERIDO";"S";"N";-1;-1;"2026-08-07 18:52:09";2;"DEFERIDO";"2";"DEFERIDO";"2";"DEFERIDO";-1;"#NULO";-1;"#NULO";-1;"#NULO";2;"MASCULINO";"1";"BRANCA"
"26/09/2026";"19:31:16";2026;6259;160002551021;-3;"#NE";2;"BRASILEIRA (NATURALIZADA)";-3;"APUCARANA";"30";"N";0;"NÃO INFORMADA";"3176572.53";"#NE";"S";"-1";"06015285920266160000";"-3";"#NE";"-3";"#NE";"SIM";"Válido";2;"DEFERIDO";"S";"N";-1;-1;"2026-08-13 14:52:35";2;"DEFERIDO";"2";"DEFERIDO";"2";"DEFERIDO";-1;"#NULO";-1;"#NULO";-1;"#NULO";2;"MASCULINO";"1";"BRANCA"
"26/09/2026";"19:31:16";2026;6259;160002540779;-3;"#NE";1;"BRASILEIRA NATA";-3;"BATAGUASSU";"53";"N";0;"NÃO INFORMADA";"3176572.53";"#NE";"S";"-1";"06007482220266160000";"-3";"#NE";"-3";"#NE";"SIM";"Válido";2;"DEFERIDO";"S";"N";-1;-1;"2026-08-07 13:55:28";2;"DEFERIDO";"2";"DEFERIDO";"2";"DEFERIDO";-1;"#NULO";-1;"#NULO";-1;"#NULO";4;"FEMININO";"3";"PARDA"
"26/09/2026";"19:31:16";2026;6259;160002540770;-3;"#NE";1;"BRASILEIRA NATA";-3;"CASCAVEL";"43";"N";-1;"#NULO";"3176572.53";"#NE";"N";"-1";"06007379020266160000";"-3";"#NE";"-3";"#NE";"SIM";"Válido";2;"DEFERIDO";"S";"N";-1;-1;"2026-08-07 13:55:28";2;"DEFERIDO";"2";"DEFERIDO";"2";"DEFERIDO";-1;"#NULO";-1;"#NULO";-1;"#NULO";2;"MASCULINO";"1";"BRANCA"
"26/09/2026";"19:31:16";2026;6259;160002542330;-3;"#NE";1;"BRASILEIRA NATA";-3;"SÃO JOSÉ DOS CAMPOS";"30";"N";-1;"#NULO";"3176572.53";"#NE";"N";"-1";"06009231620266160000";"-3";"#NE";"-3";"#NE";"SIM";"Válido";2;"DEFERIDO";"S";"N";-1;-1;"2026-08-07 18:52:37";2;"DEFERIDO";"2";"DEFERIDO";"2";"DEFERIDO";-1;"#NULO";-1;"#NULO";-1;"#NULO";4;"FEMININO";"1";"BRANCA"
"26/09/2026";"19:31:16";2026;6259;160002532614;-3;"#NE";1;"BRASILEIRA NATA";-3;"SANTO ÂNGELO";"57";"N";-1;"#NULO";"3176572.53";"#NE";"S";"-1";"06005395320266160000";"-3";"#NE";"-3";"#NE";"SIM";"Válido";2;"DEFERIDO";"S";"N";-1;-1;"2026-07-27 16:24:27";2;"DEFERIDO";"2";"DEFERIDO";"2";"DEFERIDO";-1;"#NULO";-1;"#NULO";-1;"#NULO";2;"MASCULINO";"1";"BRANCA"
"26/09/2026";"19:31:16";2026;6259;160002532605;-3;"#NE";1;"BRASILEIRA NATA";-3;"CIANORTE";"49";"N";0;"NÃO INFORMADA";"3176572.53";"#NE";"S";"-1";"06005282420266160000";"-3";"#NE";"-3";"#NE";"SIM";"Válido";2;"DEFERIDO";"S";"N";-1;-1;"2026-07-27 16:24:27";2;"DEFERIDO";"2";"DEFERIDO";"2";"DEFERIDO";-1;"#NULO";-1;"#NULO";-1;"#NULO";2;"MASCULINO";"1";"BRANCA"
"26/09/2026";"19:31:16";2026;6259;160002547591;-3;"#NE";1;"BRASILEIRA NATA";-3;"CAÇADOR";"61";"N";0;"NÃO INFORMADA";"3176572.53";"#NE";"S";"-1";"06011795620266160000";"-3";"#NE";"-3";"#NE";"SIM";"Válido";2;"DEFERIDO";"S";"N";-1;-1;"2026-08-11 12:26:56";2;"DEFERIDO";"2";"DEFERIDO";"2";"DEFERIDO";-1;"#NULO";-1;"#NULO";-1;"#NULO";2;"MASCULINO";"1";"BRANCA"
"26/09/2026";"19:31:16";2026;6259;160002547668;-3;"#NE";1;"BRASILEIRA NATA";-3;"GUAÍRA";"58";"N";0;"NÃO INFORMADA";"1270629.01";"#NE";"N";"-1";"06012895520266160000";"-3";"#NE";"-3";"#NE";"SIM";"Válido";2;"DEFERIDO";"S";"N";-1;-1;"2026-08-11 12:35:16";2;"DEFERIDO";"2";"DEFERIDO";"2";"DEFERIDO";-1;"#NULO";-1;"#NULO";-1;"#NULO";4;"FEMININO";"2";"PRETA"
"26/09/2026";"19:31:16";2026;6259;160002547682;-3;"#NE";1;"BRASILEIRA NATA";-3;"ARARUNA";"61";"N";0;"NÃO INFORMADA";"1270629.01";"#NE";"S";"-1";"06012878520266160000";"-3";"#NE";"-3";"#NE";"SIM";"Válido";2;"DEFERIDO";"S";"N";-1;-1;"2026-08-11 12:35:16";2;"DEFERIDO";"2";"DEFERIDO";"2";"DEFERIDO";-1;"#NULO";-1;"#NULO";-1;"#NULO";2;"MASCULINO";"2";"PRETA"
"26/09/2026";"19:31:16";2026;6259;160002547698;-3;"#NE";1;"BRASILEIRA NATA";-3;"CARAZINHO";"62";"N";0;"NÃO INFORMADA";"1270629.01";"#NE";"S";"-1";"06012973220266160000";"-3";"#NE";"-3";"#NE";"SIM";"Válido";2;"DEFERIDO";"S";"N";-1;-1;"2026-08-11 12:35:16";2;"DEFERIDO";"2";"DEFERIDO";"2";"DEFERIDO";-1;"#NULO";-1;"#NULO";-1;"#NULO";2;"MASCULINO";"1";"BRANCA"
"26/09/2026";"19:31:16";2026;6259;160002547753;-3;"#NE";1;"BRASILEIRA NATA";-3;"CURITIBA";"48";"N";76;"GUARANI NHANDEVA	";"1270629.01";"#NE";"N";"-1";"06013761120266160000";"-3";"#NE";"-3";"#NE";"SIM";"Válido";2;"DEFERIDO";"S";"N";-1;-1;"2026-08-11 12:36:21";2;"DEFERIDO";"2";"DEFERIDO";"2";"DEFERIDO";-1;"#NULO";-1;"#NULO";-1;"#NULO";2;"MASCULINO";"5";"INDÍGENA"
"26/09/2026";"19:31:16";2026;6259;160002547766;-3;"#NE";1;"BRASILEIRA NATA";-3;"CANOINHAS";"44";"N";-1;"#NULO";"1270629.01";"#NE";"S";"-1";"06013752620266160000";"-3";"#NE";"-3";"#NE";"SIM";"Válido";2;"DEFERIDO";"S";"N";-1;-1;"2026-08-11 12:36:21";2;"DEFERIDO";"2";"DEFERIDO";"2";"DEFERIDO";-1;"#NULO";-1;"#NULO";-1;"#NULO";4;"FEMININO";"1";"BRANCA"
"26/09/2026";"19:31:16";2026;6259;160002554363;-3;"#NE";1;"BRASILEIRA NATA";-3;"CASCAVEL";"40";"N";-1;"#NULO";"1270629.01";"#NE";"S";"-1";"06020222120266160000";"-3";"#NE";"-3";"#NE";"SIM";"Válido";2;"DEFERIDO";"S";"N";-1;-1;"2026-09-01 21:00:27";2;"DEFERIDO";"2";"DEFERIDO";"2";"DEFERIDO";-1;"#NULO";-1;"#NULO";-1;"#NULO";-1;"#NULO";"-1";"#NULO"
"26/09/2026";"19:31:16";2026;6259;160002551164;-3;"#NE";1;"BRASILEIRA NATA";-3;"MARINGÁ";"43";"N";0;"NÃO INFORMADA";"1270629.01";"#NE";"S";"-1";"06015589420266160000";"-3";"#NE";"-3";"#NE";"SIM";"Válido";2;"DEFERIDO";"S";"N";-1;-1;"2026-08-13 14:59:10";2;"DEFERIDO";"2";"DEFERIDO";"2";"DEFERIDO";-1;"#NULO";-1;"#NULO";-1;"#NULO";2;"MASCULINO";"3";"PARDA"
"26/09/2026";"19:31:16";2026;6259;160002551178;-3;"#NE";1;"BRASILEIRA NATA";-3;"CURITIBA";"46";"N";0;"NÃO INFORMADA";"1270629.01";"#NE";"N";"-1";"06015753320266160000";"-3";"#NE";"-3";"#NE";"SIM";"Válido";2;"DEFERIDO";"S";"N";-1;-1;"2026-08-13 14:59:10";2;"DEFERIDO";"2";"DEFERIDO";"2";"DEFERIDO";-1;"#NULO";-1;"#NULO";-1;"#NULO";2;"MASCULINO";"2";"PRETA"
"26/09/2026";"19:31:16";2026;6259;160002551176;-3;"#NE";1;"BRASILEIRA NATA";-3;"CURITIBA";"26";"N";0;"NÃO INFORMADA";"1270629.01";"#NE";"N";"-1";"06015554220266160000";"-3";"#NE";"-3";"#NE";"SIM";"Válido";2;"DEFERIDO";"S";"N";-1;-1;"2026-08-13 14:59:10";2;"DEFERIDO";"2";"DEFERIDO";"2";"DEFERIDO";-1;"#NULO";-1;"#NULO";-1;"#NULO";4;"FEMININO";"1";"BRANCA"
"26/09/2026";"19:31:16";2026;6259;160002551175;-3;"#NE";1;"BRASILEIRA NATA";-3;"CURITIBA";"32";"N";0;"NÃO INFORMADA";"1270629.01";"#NE";"S";"-1";"06015658620266160000";"-3";"#NE";"-3";"#NE";"SIM";"Válido";2;"DEFERIDO";"S";"N";-1;-1;"2026-08-13 14:59:10";2;"DEFERIDO";"2";"DEFERIDO";"2";"DEFERIDO";-1;"#NULO";-1;"#NULO";-1;"#NULO";2;"MASCULINO";"1";"BRANCA"
"26/09/2026";"19:31:16";2026;6259;160002542382;-3;"#NE";1;"BRASILEIRA NATA";-3;"SANTOS";"34";"N";0;"NÃO INFORMADA";"1270629.01";"#NE";"S";"-1";"06008937820266160000";"-3";"#NE";"-3";"#NE";"SIM";"Válido";2;"DEFERIDO";"S";"N";-1;-1;"2026-08-07 18:51:36";2;"DEFERIDO";"2";"DEFERIDO";"2";"DEFERIDO";-1;"#NULO";-1;"#NULO";-1;"#NULO";2;"MASCULINO";"1";"BRANCA"
"26/09/2026";"19:31:16";2026;6259;160002542383;-3;"#NE";1;"BRASILEIRA NATA";-3;"OURINHOS";"36";"N";-1;"#NULO";"1270629.01";"#NE";"N";"-1";"06008824920266160000";"-3";"#NE";"-3";"#NE";"SIM";"Válido";2;"DEFERIDO";"S";"N";-1;-1;"2026-08-07 18:51:36";2;"DEFERIDO";"2";"DEFERIDO";"2";"DEFERIDO";-1;"#NULO";-1;"#NULO";-1;"#NULO";2;"MASCULINO";"2";"PRETA"
"26/09/2026";"19:31:16";2026;6259;160002542263;-3;"#NE";1;"BRASILEIRA NATA";-3;"FOZ DO IGUAÇU";"31";"N";0;"NÃO INFORMADA";"1270629.01";"#NE";"S";"-1";"06008313820266160000";"-3";"#NE";"-3";"#NE";"SIM";"Válido";2;"DEFERIDO";"S";"N";-1;-1;"2026-08-07 18:50:23";2;"DEFERIDO";"2";"DEFERIDO";"2";"DEFERIDO";-1;"#NULO";-1;"#NULO";-1;"#NULO";4;"FEMININO";"1";"BRANCA"
"26/09/2026";"19:31:16";2026;6259;160002533445;-3;"#NE";1;"BRASILEIRA NATA";-3;"IVAIPORÃ";"49";"N";0;"NÃO INFORMADA";"1270629.01";"#NE";"S";"-1";"06006088520266160000";"-3";"#NE";"-3";"#NE";"SIM";"Válido";2;"DEFERIDO";"S";"N";-1;-1;"2026-07-29 17:41:27";2;"DEFERIDO";"2";"DEFERIDO";"2";"DEFERIDO";-1;"#NULO";-1;"#NULO";-1;"#NULO";2;"MASCULINO";"1";"BRANCA"
"26/09/2026";"19:31:16";2026;6259;160002547723;-3;"#NE";1;"BRASILEIRA NATA";-3;"RIBEIRÃO DO PINHAL";"44";"N";-1;"#NULO";"3176572.53";"#NE";"N";"-1";"06013406620266160000";"-3";"#NE";"-3";"#NE";"NÃO";"#NULO";-1;"#NULO";"N";"S";-1;-1;"2026-08-11 12:34:01";6;"RENÚNCIA";"-1";"#NULO";"-1";"#NULO";-1;"#NULO";-1;"#NULO";-1;"#NULO";4;"FEMININO";"2";"PRETA"
"26/09/2026";"19:31:16";2026;6259;160002551182;-3;"#NE";1;"BRASILEIRA NATA";-3;"CRUZ ALTA";"41";"N";0;"NÃO INFORMADA";"1270629.01";"#NE";"N";"-1";"06015640420266160000";"-3";"#NE";"-3";"#NE";"SIM";"Anulado sub judice";4;"INDEFERIDO EM PRAZO RECURSAL OU COM RECURSO";"S";"N";-1;-1;"2026-08-13 14:59:10";4;"INDEFERIDO EM PRAZO RECURSAL OU COM RECURSO";"4";"INDEFERIDO EM PRAZO RECURSAL OU COM RECURSO";"4";"INDEFERIDO EM PRAZO RECURSAL OU COM RECURSO";-1;"#NULO";-1;"#NULO";-1;"#NULO";4;"FEMININO";"1";"BRANCA"
"26/09/2026";"19:31:16";2026;6259;160002552567;-3;"#NE";1;"BRASILEIRA NATA";-3;"PARANAVAÍ";"43";"N";-1;"#NULO";"1270629.01";"#NE";"N";"-1";"06016784020266160000";"-3";"#NE";"-3";"#NE";"SIM";"Anulado sub judice";4;"INDEFERIDO EM PRAZO RECURSAL OU COM RECURSO";"S";"N";-1;-1;"2026-08-15 13:23:43";4;"INDEFERIDO EM PRAZO RECURSAL OU COM RECURSO";"4";"INDEFERIDO EM PRAZO RECURSAL OU COM RECURSO";"4";"INDEFERIDO EM PRAZO RECURSAL OU COM RECURSO";-1;"#NULO";-1;"#NULO";-1;"#NULO";2;"MASCULINO";"3";"PARDA"
"26/09/2026";"19:31:16";2026;6259;160002540786;-3;"#NE";1;"BRASILEIRA NATA";-3;"PONTA GROSSA";"56";"N";0;"NÃO INFORMADA";"3176572.53";"#NE";"N";"-1";"06007672820266160000";"-3";"#NE";"-3";"#NE";"SIM";"Anulado sub judice";4;"INDEFERIDO EM PRAZO RECURSAL OU COM RECURSO";"S";"N";-1;-1;"2026-08-07 13:56:41";4;"INDEFERIDO EM PRAZO RECURSAL OU COM RECURSO";"4";"INDEFERIDO EM PRAZO RECURSAL OU COM RECURSO";"4";"INDEFERIDO EM PRAZO RECURSAL OU COM RECURSO";-1;"#NULO";-1;"#NULO";-1;"#NULO";2;"MASCULINO";"1";"BRANCA"
"26/09/2026";"19:31:16";2026;6259;160002553657;-3;"#NE";1;"BRASILEIRA NATA";-3;"CURITIBA";"39";"N";-1;"#NULO";"3176572.53";"#NE";"N";"-1";"06017416520266160000";"-3";"#NE";"-3";"#NE";"NÃO";"#NULO";-1;"#NULO";"N";"N";-1;-1;"2026-08-15 18:23:52";14;"INDEFERIDO";"-1";"#NULO";"-1";"#NULO";-1;"#NULO";-1;"#NULO";-1;"#NULO";4;"FEMININO";"1";"BRANCA"
"26/09/2026";"19:31:16";2026;6259;160002549502;-3;"#NE";1;"BRASILEIRA NATA";-3;"CAMPINA GRANDE DO SUL";"41";"N";0;"NÃO INFORMADA";"1270629.01";"#NE";"S";"-1";"06014558720266160000";"-3";"#NE";"-3";"#NE";"SIM";"Válido";2;"DEFERIDO";"S";"N";-1;-1;"2026-08-12 12:34:54";2;"DEFERIDO";"2";"DEFERIDO";"2";"DEFERIDO";-1;"#NULO";-1;"#NULO";-1;"#NULO";4;"FEMININO";"1";"BRANCA"
"26/09/2026";"19:31:16";2026;6259;160002547961;-3;"#NE";1;"BRASILEIRA NATA";-3;"RIO BRANCO";"46";"N";0;"NÃO INFORMADA";"1270629.01";"#NE";"S";"-1";"06013978420266160000";"-3";"#NE";"-3";"#NE";"SIM";"Válido";2;"DEFERIDO";"S";"N";-1;-1;"2026-08-11 12:36:56";2;"DEFERIDO";"2";"DEFERIDO";"2";"DEFERIDO";-1;"#NULO";-1;"#NULO";-1;"#NULO";2;"MASCULINO";"1";"BRANCA"
"26/09/2026";"19:31:16";2026;6259;160002546830;-3;"#NE";1;"BRASILEIRA NATA";-3;"ASSAÍ";"57";"N";0;"NÃO INFORMADA";"1270629.01";"#NE";"S";"-1";"06010011020266160000";"-3";"#NE";"-3";"#NE";"SIM";"Válido";2;"DEFERIDO";"S";"N";-1;-1;"2026-08-11 11:57:23";2;"DEFERIDO";"2";"DEFERIDO";"2";"DEFERIDO";-1;"#NULO";-1;"#NULO";-1;"#NULO";4;"FEMININO";"1";"BRANCA"
"26/09/2026";"19:31:16";2026;6259;160002546834;-3;"#NE";1;"BRASILEIRA NATA";-3;"CASTRO";"56";"N";-1;"#NULO";"1270629.01";"#NE";"S";"-1";"06010193120266160000";"-3";"#NE";"-3";"#NE";"SIM";"Válido";2;"DEFERIDO";"S";"N";-1;-1;"2026-08-11 11:57:23";2;"DEFERIDO";"2";"DEFERIDO";"2";"DEFERIDO";-1;"#NULO";-1;"#NULO";-1;"#NULO";2;"MASCULINO";"1";"BRANCA"
"26/09/2026";"19:31:16";2026;6259;160002546833;-3;"#NE";1;"BRASILEIRA NATA";-3;"CASCAVEL";"44";"N";0;"NÃO INFORMADA";"1270629.01";"#NE";"S";"-1";"06009977020266160000";"-3";"#NE";"-3";"#NE";"SIM";"Válido";2;"DEFERIDO";"S";"N";-1;-1;"2026-08-11 11:57:23";2;"DEFERIDO";"2";"DEFERIDO";"2";"DEFERIDO";-1;"#NULO";-1;"#NULO";-1;"#NULO";2;"MASCULINO";"1";"BRANCA"
"26/09/2026";"19:31:16";2026;6259;160002546804;-3;"#NE";1;"BRASILEIRA NATA";-3;"NOVA AURORA";"56";"N";0;"NÃO INFORMADA";"1270629.01";"#NE";"S";"-1";"06010314520266160000";"-3";"#NE";"-3";"#NE";"SIM";"Válido";2;"DEFERIDO";"S";"N";-1;-1;"2026-08-11 11:57:23";2;"DEFERIDO";"2";"DEFERIDO";"2";"DEFERIDO";-1;"#NULO";-1;"#NULO";-1;"#NULO";2;"MASCULINO";"1";"BRANCA"
"26/09/2026";"19:31:16";2026;6259;160002552783;-3;"#NE";1;"BRASILEIRA NATA";-3;"CURITIBA";"53";"N";0;"NÃO INFORMADA";"1270629.01";"#NE";"S";"-1";"06016480520266160000";"-3";"#NE";"-3";"#NE";"SIM";"Válido";2;"DEFERIDO";"S";"N";-1;-1;"2026-08-15 13:17:58";2;"DEFERIDO";"2";"DEFERIDO";"2";"DEFERIDO";-1;"#NULO";-1;"#NULO";-1;"#NULO";4;"FEMININO";"1";"BRANCA"
"26/09/2026";"19:31:16";2026;6259;160002554377;-3;"#NE";1;"BRASILEIRA NATA";-3;"UMUARAMA";"59";"N";0;"NÃO INFORMADA";"1270629.01";"#NE";"N";"-1";"06021261320266160000";"-3";"#NE";"-3";"#NE";"SIM";"Válido";2;"DEFERIDO";"S";"N";160002552790;-1;"2026-09-07 16:10:41";2;"DEFERIDO";"2";"DEFERIDO";"2";"DEFERIDO";-1;"#NULO";-1;"#NULO";-1;"#NULO";-1;"#NULO";"-1";"#NULO"
"26/09/2026";"19:31:16";2026;6259;160002540798;-3;"#NE";1;"BRASILEIRA NATA";-3;"MARIALVA";"46";"N";0;"NÃO INFORMADA";"3176572.53";"#NE";"S";"-1";"06007578120266160000";"-3";"#NE";"-3";"#NE";"SIM";"Válido";2;"DEFERIDO";"S";"N";-1;-1;"2026-08-07 13:56:41";2;"DEFERIDO";"2";"DEFERIDO";"2";"DEFERIDO";-1;"#NULO";-1;"#NULO";-1;"#NULO";2;"MASCULINO";"3";"PARDA"
"26/09/2026";"19:31:16";2026;6259;160002540807;-3;"#NE";1;"BRASILEIRA NATA";-3;"GUARAPUAVA";"66";"N";0;"NÃO INFORMADA";"3176572.53";"#NE";"S";"-1";"06007871920266160000";"-3";"#NE";"-3";"#NE";"SIM";"Válido";2;"DEFERIDO";"S";"N";-1;-1;"2026-08-07 13:56:41";2;"DEFERIDO";"2";"DEFERIDO";"2";"DEFERIDO";-1;"#NULO";-1;"#NULO";-1;"#NULO";2;"MASCULINO";"3";"PARDA"
"26/09/2026";"19:31:16";2026;6259;160002547747;-3;"#NE";1;"BRASILEIRA NATA";-3;"CORNÉLIO PROCÓPIO";"62";"N";-1;"#NULO";"1270629.01";"#NE";"N";"-1";"06013813320266160000";"-3";"#NE";"-3";"#NE";"NÃO";"#NULO";-1;"#NULO";"N";"S";-1;-1;"2026-08-11 12:36:21";6;"RENÚNCIA";"-1";"#NULO";"-1";"#NULO";-1;"#NULO";-1;"#NULO";-1;"#NULO";4;"FEMININO";"2";"PRETA"
"26/09/2026";"19:31:16";2026;6259;160002553652;-3;"#NE";1;"BRASILEIRA NATA";-3;"PARANAGUÁ";"48";"N";0;"NÃO INFORMADA";"3176572.53";"#NE";"N";"-1";"06017381320266160000";"-3";"#NE";"-3";"#NE";"SIM";"Válido";2;"DEFERIDO";"N";"N";-1;-1;"2026-08-15 18:23:52";2;"DEFERIDO";"2";"DEFERIDO";"2";"DEFERIDO";-1;"#NULO";-1;"#NULO";-1;"#NULO";4;"FEMININO";"1";"BRANCA"
"26/09/2026";"19:31:16";2026;6259;160002551034;-3;"#NE";1;"BRASILEIRA NATA";-3;"CURITIBA";"33";"N";0;"NÃO INFORMADA";"3176572.53";"#NE";"S";"-1";"06015424320266160000";"-3";"#NE";"-3";"#NE";"SIM";"Válido";2;"DEFERIDO";"S";"N";-1;-1;"2026-08-13 14:52:35";2;"DEFERIDO";"2";"DEFERIDO";"2";"DEFERIDO";-1;"#NULO";-1;"#NULO";-1;"#NULO";2;"MASCULINO";"1";"BRANCA"
"26/09/2026";"19:31:16";2026;6259;160002540765;-3;"#NE";1;"BRASILEIRA NATA";-3;"CURITIBA";"44";"N";-1;"#NULO";"3176572.53";"#NE";"N";"-1";"06007569620266160000";"-3";"#NE";"-3";"#NE";"SIM";"Válido";2;"DEFERIDO";"S";"N";-1;-1;"2026-08-07 13:55:28";2;"DEFERIDO";"2";"DEFERIDO";"2";"DEFERIDO";-1;"#NULO";-1;"#NULO";-1;"#NULO";4;"FEMININO";"1";"BRANCA"
"26/09/2026";"19:31:16";2026;6259;160002532867;-3;"#NE";1;"BRASILEIRA NATA";-3;"CURITIBA";"79";"N";0;"NÃO INFORMADA";"3176572.53";"#NE";"S";"-1";"06005672120266160000";"-3";"#NE";"-3";"#NE";"SIM";"Válido";2;"DEFERIDO";"S";"N";-1;-1;"2026-07-28 15:24:25";2;"DEFERIDO";"2";"DEFERIDO";"2";"DEFERIDO";-1;"#NULO";-1;"#NULO";-1;"#NULO";4;"FEMININO";"1";"BRANCA"
"26/09/2026";"19:31:16";2026;6259;160002552570;-3;"#NE";1;"BRASILEIRA NATA";-3;"UMUARAMA";"36";"N";0;"NÃO INFORMADA";"3176572.53";"#NE";"S";"-1";"06016671120266160000";"-3";"#NE";"-3";"#NE";"SIM";"Válido";2;"DEFERIDO";"S";"N";-1;-1;"2026-08-15 13:26:58";2;"DEFERIDO";"2";"DEFERIDO";"2";"DEFERIDO";-1;"#NULO";-1;"#NULO";-1;"#NULO";2;"MASCULINO";"3";"PARDA"
"26/09/2026";"19:31:16";2026;6259;160002546891;-3;"#NE";1;"BRASILEIRA NATA";-3;"NOVA CANTU";"54";"N";0;"NÃO INFORMADA";"3176572.53";"#NE";"N";"-1";"06010851120266160000";"-3";"#NE";"-3";"#NE";"SIM";"Válido";2;"DEFERIDO";"S";"N";-1;-1;"2026-08-11 12:05:18";2;"DEFERIDO";"2";"DEFERIDO";"2";"DEFERIDO";-1;"#NULO";-1;"#NULO";-1;"#NULO";2;"MASCULINO";"2";"PRETA"
"26/09/2026";"19:31:16";2026;6259;160002547464;-3;"#NE";1;"BRASILEIRA NATA";-3;"CURITIBA";"51";"N";0;"NÃO INFORMADA";"3176572.53";"#NE";"S";"-1";"06010911820266160000";"-3";"#NE";"-3";"#NE";"SIM";"Válido";2;"DEFERIDO";"S";"N";-1;-1;"2026-08-11 12:05:18";2;"DEFERIDO";"2";"DEFERIDO";"2";"DEFERIDO";-1;"#NULO";-1;"#NULO";-1;"#NULO";4;"FEMININO";"1";"BRANCA"
"26/09/2026";"19:31:16";2026;6259;160002532615;-3;"#NE";1;"BRASILEIRA NATA";-3;"MIRANTE DO PARANAPANEMA";"64";"N";0;"NÃO INFORMADA";"3176572.53";"#NE";"N";"-1";"06005351620266160000";"-3";"#NE";"-3";"#NE";"SIM";"Válido";2;"DEFERIDO";"S";"N";-1;-1;"2026-07-27 16:24:27";2;"DEFERIDO";"2";"DEFERIDO";"2";"DEFERIDO";-1;"#NULO";-1;"#NULO";-1;"#NULO";2;"MASCULINO";"3";"PARDA"
"26/09/2026";"19:31:16";2026;6259;160002532588;-3;"#NE";1;"BRASILEIRA NATA";-3;"CURITIBA";"40";"N";0;"NÃO INFORMADA";"3176572.53";"#NE";"S";"-1";"06005412320266160000";"-3";"#NE";"-3";"#NE";"SIM";"Válido";2;"DEFERIDO";"S";"N";-1;-1;"2026-07-27 16:24:27";2;"DEFERIDO";"2";"DEFERIDO";"2";"DEFERIDO";-1;"#NULO";-1;"#NULO";-1;"#NULO";2;"MASCULINO";"4";"AMARELA"
"26/09/2026";"19:31:16";2026;6259;160002541991;-3;"#NE";1;"BRASILEIRA NATA";-3;"ARAUCÁRIA";"26";"N";0;"NÃO INFORMADA";"3176572.53";"#NE";"N";"-1";"06008409720266160000";"-3";"#NE";"-3";"#NE";"SIM";"Válido";2;"DEFERIDO";"S";"N";-1;-1;"2026-08-07 18:51:01";2;"DEFERIDO";"2";"DEFERIDO";"2";"DEFERIDO";-1;"#NULO";-1;"#NULO";-1;"#NULO";4;"FEMININO";"1";"BRANCA"
"26/09/2026";"19:31:16";2026;6259;160002547572;-3;"#NE";1;"BRASILEIRA NATA";-3;"MARECHAL CÂNDIDO RONDON";"40";"N";0;"NÃO INFORMADA";"3176572.53";"#NE";"N";"-1";"06011691220266160000";"-3";"#NE";"-3";"#NE";"SIM";"Válido";2;"DEFERIDO";"S";"N";-1;-1;"2026-08-11 12:26:56";2;"DEFERIDO";"2";"DEFERIDO";"2";"DEFERIDO";-1;"#NULO";-1;"#NULO";-1;"#NULO";4;"FEMININO";"1";"BRANCA"
"26/09/2026";"19:31:16";2026;6259;160002547671;-3;"#NE";1;"BRASILEIRA NATA";-3;"JANDAIA DO SUL";"51";"N";0;"NÃO INFORMADA";"1270629.01";"#NE";"S";"-1";"06013138320266160000";"-3";"#NE";"-3";"#NE";"SIM";"Válido";2;"DEFERIDO";"S";"N";-1;-1;"2026-08-11 12:35:16";2;"DEFERIDO";"2";"DEFERIDO";"2";"DEFERIDO";-1;"#NULO";-1;"#NULO";-1;"#NULO";2;"MASCULINO";"1";"BRANCA"
"26/09/2026";"19:31:16";2026;6259;160002547679;-3;"#NE";1;"BRASILEIRA NATA";-3;"ALMIRANTE TAMANDARÉ";"56";"N";0;"NÃO INFORMADA";"1270629.01";"#NE";"S";"-1";"06012939220266160000";"-3";"#NE";"-3";"#NE";"SIM";"Válido";2;"DEFERIDO";"S";"N";-1;-1;"2026-08-11 12:35:16";2;"DEFERIDO";"2";"DEFERIDO";"2";"DEFERIDO";-1;"#NULO";-1;"#NULO";-1;"#NULO";2;"MASCULINO";"1";"BRANCA"
"26/09/2026";"19:31:16";2026;6259;160002547738;-3;"#NE";1;"BRASILEIRA NATA";-3;"PÉROLA";"58";"N";-1;"#NULO";"1270629.01";"#NE";"S";"-1";"06013649420266160000";"-3";"#NE";"-3";"#NE";"SIM";"Válido";2;"DEFERIDO";"S";"N";-1;-1;"2026-08-11 12:36:21";2;"DEFERIDO";"2";"DEFERIDO";"2";"DEFERIDO";-1;"#NULO";-1;"#NULO";-1;"#NULO";2;"MASCULINO";"3";"PARDA"
"26/09/2026";"19:31:16";2026;6259;160002554272;-3;"#NE";1;"BRASILEIRA NATA";-3;"RIBEIRÃO DO PINHAL";"44";"N";0;"NÃO INFORMADA";"1270629.01";"#NE";"N";"-1";"06019304320266160000";"-3";"#NE";"-3";"#NE";"SIM";"Válido";2;"DEFERIDO";"S";"N";160002547747;-1;"2026-08-27 20:47:28";2;"DEFERIDO";"2";"DEFERIDO";"2";"DEFERIDO";-1;"#NULO";-1;"#NULO";-1;"#NULO";-1;"#NULO";"-1";"#NULO"
"26/09/2026";"19:31:16";2026;6259;160002542357;-3;"#NE";1;"BRASILEIRA NATA";-3;"CURITIBA";"50";"N";0;"NÃO INFORMADA";"1270629.01";"#NE";"N";"-1";"06009283820266160000";"-3";"#NE";"-3";"#NE";"SIM";"Válido";2;"DEFERIDO";"S";"N";-1;-1;"2026-08-07 18:51:36";2;"DEFERIDO";"2";"DEFERIDO";"2";"DEFERIDO";-1;"#NULO";-1;"#NULO";-1;"#NULO";2;"MASCULINO";"3";"PARDA"
"26/09/2026";"19:31:16";2026;6259;160002542243;-3;"#NE";1;"BRASILEIRA NATA";-3;"RIBEIRÃO DO PINHAL";"48";"N";0;"NÃO INFORMADA";"1270629.01";"#NE";"N";"-1";"06007967820266160000";"-3";"#NE";"-3";"#NE";"SIM";"Válido";2;"DEFERIDO";"S";"N";-1;-1;"2026-08-07 18:50:23";2;"DEFERIDO";"2";"DEFERIDO";"2";"DEFERIDO";-1;"#NULO";-1;"#NULO";-1;"#NULO";4;"FEMININO";"1";"BRANCA"
"26/09/2026";"19:31:16";2026;6259;160002542255;-3;"#NE";1;"BRASILEIRA NATA";-3;"CURITIBA";"44";"N";0;"NÃO INFORMADA";"1270629.01";"#NE";"S";"-1";"06008418220266160000";"-3";"#NE";"-3";"#NE";"SIM";"Válido";2;"DEFERIDO";"S";"N";-1;-1;"2026-08-07 18:50:23";2;"DEFERIDO";"2";"DEFERIDO";"2";"DEFERIDO";-1;"#NULO";-1;"#NULO";-1;"#NULO";2;"MASCULINO";"1";"BRANCA"
"26/09/2026";"19:31:16";2026;6259;160002542277;-3;"#NE";1;"BRASILEIRA NATA";-3;"PIRACICABA";"46";"N";-1;"#NULO";"1270629.01";"#NE";"S";"-1";"06008435220266160000";"-3";"#NE";"-3";"#NE";"SIM";"Válido";2;"DEFERIDO";"S";"N";-1;-1;"2026-08-07 18:50:23";2;"DEFERIDO";"2";"DEFERIDO";"2";"DEFERIDO";-1;"#NULO";-1;"#NULO";-1;"#NULO";2;"MASCULINO";"1";"BRANCA"
"26/09/2026";"19:31:16";2026;6259;160002549534;-3;"#NE";1;"BRASILEIRA NATA";-3;"FORMOSA DO OESTE";"63";"N";0;"NÃO INFORMADA";"3176572.53";"#NE";"S";"-1";"06014722620266160000";"-3";"#NE";"-3";"#NE";"NÃO";"#NULO";-1;"#NULO";"N";"S";-1;-1;"2026-08-12 12:38:35";6;"RENÚNCIA";"-1";"#NULO";"-1";"#NULO";-1;"#NULO";-1;"#NULO";-1;"#NULO";2;"MASCULINO";"1";"BRANCA"
"26/09/2026";"19:31:16";2026;6259;160002549505;-3;"#NE";1;"BRASILEIRA NATA";-3;"CURITIBA";"40";"N";0;"NÃO INFORMADA";"1270629.01";"#NE";"N";"-1";"06014532020266160000";"-3";"#NE";"-3";"#NE";"SIM";"Válido";2;"DEFERIDO";"S";"N";-1;-1;"2026-08-12 12:34:54";2;"DEFERIDO";"2";"DEFERIDO";"2";"DEFERIDO";-1;"#NULO";-1;"#NULO";-1;"#NULO";2;"MASCULINO";"1";"BRANCA"
"26/09/2026";"19:31:16";2026;6259;160002547393;-3;"#NE";1;"BRASILEIRA NATA";-3;"CORNÉLIO PROCÓPIO";"38";"N";-1;"#NULO";"1270629.01";"#NE";"N";"-1";"06014047620266160000";"-3";"#NE";"-3";"#NE";"SIM";"Válido";2;"DEFERIDO";"S";"N";-1;-1;"2026-08-11 12:36:56";2;"DEFERIDO";"2";"DEFERIDO";"2";"DEFERIDO";-1;"#NULO";-1;"#NULO";-1;"#NULO";4;"FEMININO";"4";"AMARELA"
"26/09/2026";"19:31:16";2026;6259;160002547606;-3;"#NE";1;"BRASILEIRA NATA";-3;"LONDRINA";"55";"N";-1;"#NULO";"1270629.01";"#NE";"S";"-1";"06012618720266160000";"-3";"#NE";"-3";"#NE";"SIM";"Válido";2;"DEFERIDO";"S";"N";-1;-1;"2026-08-11 12:29:53";2;"DEFERIDO";"2";"DEFERIDO";"2";"DEFERIDO";-1;"#NULO";-1;"#NULO";-1;"#NULO";2;"MASCULINO";"1";"BRANCA"
"26/09/2026";"19:31:16";2026;6259;160002547647;-3;"#NE";1;"BRASILEIRA NATA";-3;"SERTÃO";"47";"N";-1;"#NULO";"1270629.01";"#NE";"S";"-1";"06012185320266160000";"-3";"#NE";"-3";"#NE";"SIM";"Válido";2;"DEFERIDO";"S";"N";-1;-1;"2026-08-11 12:29:53";2;"DEFERIDO";"2";"DEFERIDO";"2";"DEFERIDO";-1;"#NULO";-1;"#NULO";-1;"#NULO";2;"MASCULINO";"1";"BRANCA"
"26/09/2026";"19:31:16";2026;6259;160002546885;-3;"#NE";1;"BRASILEIRA NATA";-3;"BOTUCATU";"62";"N";0;"NÃO INFORMADA";"1270629.01";"#NE";"N";"-1";"06010582820266160000";"-3";"#NE";"-3";"#NE";"SIM";"Válido";2;"DEFERIDO";"S";"N";-1;-1;"2026-08-11 12:01:37";2;"DEFERIDO";"2";"DEFERIDO";"2";"DEFERIDO";-1;"#NULO";-1;"#NULO";-1;"#NULO";2;"MASCULINO";"1";"BRANCA"
"26/09/2026";"19:31:16";2026;6259;160002546817;-3;"#NE";1;"BRASILEIRA NATA";-3;"PARANAVAÍ";"25";"N";-1;"#NULO";"1270629.01";"#NE";"S";"-1";"06010306020266160000";"-3";"#NE";"-3";"#NE";"SIM";"Válido";2;"DEFERIDO";"S";"N";-1;-1;"2026-08-11 11:57:23";2;"DEFERIDO";"2";"DEFERIDO";"2";"DEFERIDO";-1;"#NULO";-1;"#NULO";-1;"#NULO";4;"FEMININO";"1";"BRANCA"
"26/09/2026";"19:31:16";2026;6259;160002554287;-3;"#NE";1;"BRASILEIRA NATA";-3;"CAMBARÁ";"42";"N";0;"NÃO INFORMADA";"1270629.01";"#NE";"S";"-1";"06019122220266160000";"-3";"#NE";"-3";"#NE";"SIM";"Válido";2;"DEFERIDO";"S";"N";160002546820;-1;"2026-08-25 19:30:24";2;"DEFERIDO";"2";"DEFERIDO";"2";"DEFERIDO";-1;"#NULO";-1;"#NULO";-1;"#NULO";-1;"#NULO";"-1";"#NULO"
"26/09/2026";"19:31:16";2026;6259;160002552802;-3;"#NE";1;"BRASILEIRA NATA";-3;"JACAREZINHO";"56";"N";0;"NÃO INFORMADA";"1270629.01";"#NE";"S";"-1";"06016576420266160000";"-3";"#NE";"-3";"#NE";"SIM";"Válido";2;"DEFERIDO";"S";"N";-1;-1;"2026-08-15 13:17:58";2;"DEFERIDO";"2";"DEFERIDO";"2";"DEFERIDO";-1;"#NULO";-1;"#NULO";-1;"#NULO";2;"MASCULINO";"2";"PRETA"
"26/09/2026";"19:31:16";2026;6259;160002552811;-3;"#NE";1;"BRASILEIRA NATA";-3;"IRETAMA";"52";"N";0;"NÃO INFORMADA";"1270629.01";"#NE";"S";"-1";"06016342120266160000";"-3";"#NE";"-3";"#NE";"SIM";"Válido";2;"DEFERIDO";"S";"N";-1;-1;"2026-08-15 13:17:58";2;"DEFERIDO";"2";"DEFERIDO";"2";"DEFERIDO";-1;"#NULO";-1;"#NULO";-1;"#NULO";2;"MASCULINO";"1";"BRANCA"
"26/09/2026";"19:31:16";2026;6259;160002552798;-3;"#NE";1;"BRASILEIRA NATA";-3;"CAMBARÁ";"57";"N";0;"NÃO INFORMADA";"1270629.01";"#NE";"S";"-1";"06016593420266160000";"-3";"#NE";"-3";"#NE";"SIM";"Válido";2;"DEFERIDO";"S";"N";-1;-1;"2026-08-15 13:17:58";2;"DEFERIDO";"2";"DEFERIDO";"2";"DEFERIDO";-1;"#NULO";-1;"#NULO";-1;"#NULO";2;"MASCULINO";"3";"PARDA"
"26/09/2026";"19:31:16";2026;6259;160002540804;-3;"#NE";1;"BRASILEIRA NATA";-3;"CURITIBA";"55";"N";0;"NÃO INFORMADA";"3176572.53";"#NE";"S";"-1";"06007638820266160000";"-3";"#NE";"-3";"#NE";"SIM";"Válido";2;"DEFERIDO";"S";"N";-1;-1;"2026-08-07 13:56:41";2;"DEFERIDO";"2";"DEFERIDO";"2";"DEFERIDO";-1;"#NULO";-1;"#NULO";-1;"#NULO";4;"FEMININO";"1";"BRANCA"
"26/09/2026";"19:31:16";2026;6259;160002554127;-3;"#NE";1;"BRASILEIRA NATA";-3;"SÃO MATEUS DO SUL";"54";"N";-1;"#NULO";"3176572.53";"#NE";"S";"-1";"06018083020266160000";"-3";"#NE";"-3";"#NE";"SIM";"Válido";2;"DEFERIDO";"S";"N";-1;-1;"2026-08-20 11:09:09";2;"DEFERIDO";"2";"DEFERIDO";"2";"DEFERIDO";-1;"#NULO";-1;"#NULO";-1;"#NULO";-1;"#NULO";"-1";"#NULO"
"26/09/2026";"19:31:16";2026;6259;160002553366;-3;"#NE";1;"BRASILEIRA NATA";-3;"CORNÉLIO PROCÓPIO";"34";"N";0;"NÃO INFORMADA";"3176572.53";"#NE";"N";"-1";"06017026820266160000";"-3";"#NE";"-3";"#NE";"SIM";"Válido";2;"DEFERIDO";"S";"N";-1;-1;"2026-08-15 17:46:06";2;"DEFERIDO";"2";"DEFERIDO";"2";"DEFERIDO";-1;"#NULO";-1;"#NULO";-1;"#NULO";2;"MASCULINO";"1";"BRANCA"
"26/09/2026";"19:31:16";2026;6259;160002551025;-3;"#NE";1;"BRASILEIRA NATA";-3;"CASCAVEL";"40";"N";0;"NÃO INFORMADA";"3176572.53";"#NE";"N";"-1";"06015250720266160000";"-3";"#NE";"-3";"#NE";"SIM";"Válido";2;"DEFERIDO";"S";"N";-1;-1;"2026-08-13 14:52:35";2;"DEFERIDO";"2";"DEFERIDO";"2";"DEFERIDO";-1;"#NULO";-1;"#NULO";-1;"#NULO";2;"MASCULINO";"1";"BRANCA"
"26/09/2026";"19:31:16";2026;6259;160002551017;-3;"#NE";2;"BRASILEIRA (NATURALIZADA)";-3;"GUARAPUAVA";"43";"N";0;"NÃO INFORMADA";"3176572.53";"#NE";"N";"-1";"06015225220266160000";"-3";"#NE";"-3";"#NE";"SIM";"Válido";2;"DEFERIDO";"S";"N";-1;-1;"2026-08-13 14:52:35";2;"DEFERIDO";"2";"DEFERIDO";"2";"DEFERIDO";-1;"#NULO";-1;"#NULO";-1;"#NULO";2;"MASCULINO";"1";"BRANCA"
"26/09/2026";"19:31:16";2026;6259;160002551032;-3;"#NE";1;"BRASILEIRA NATA";-3;"CURITIBA";"43";"N";0;"NÃO INFORMADA";"3176572.53";"#NE";"N";"-1";"06015216720266160000";"-3";"#NE";"-3";"#NE";"SIM";"Válido";2;"DEFERIDO";"S";"N";-1;-1;"2026-08-13 14:52:35";2;"DEFERIDO";"2";"DEFERIDO";"2";"DEFERIDO";-1;"#NULO";-1;"#NULO";-1;"#NULO";4;"FEMININO";"2";"PRETA"
"26/09/2026";"19:31:16";2026;6259;160002532849;-3;"#NE";1;"BRASILEIRA NATA";-3;"DOURADOS";"60";"N";-1;"#NULO";"3176572.53";"#NE";"N";"-1";"06005680620266160000";"-3";"#NE";"-3";"#NE";"SIM";"Válido";2;"DEFERIDO";"S";"N";-1;-1;"2026-07-28 15:24:25";2;"DEFERIDO";"2";"DEFERIDO";"2";"DEFERIDO";-1;"#NULO";-1;"#NULO";-1;"#NULO";2;"MASCULINO";"1";"BRANCA"
"26/09/2026";"19:31:16";2026;6259;160002547470;-3;"#NE";1;"BRASILEIRA NATA";-3;"UMUARAMA";"42";"N";0;"NÃO INFORMADA";"3176572.53";"#NE";"S";"-1";"06010764920266160000";"-3";"#NE";"-3";"#NE";"SIM";"Válido";2;"DEFERIDO";"S";"N";-1;-1;"2026-08-11 12:05:18";2;"DEFERIDO";"2";"DEFERIDO";"2";"DEFERIDO";-1;"#NULO";-1;"#NULO";-1;"#NULO";4;"FEMININO";"1";"BRANCA"
"26/09/2026";"19:31:16";2026;6259;160002542331;-3;"#NE";1;"BRASILEIRA NATA";-3;"CURITIBA";"68";"N";-1;"#NULO";"3176572.53";"#NE";"N";"-1";"06009379720266160000";"-3";"#NE";"-3";"#NE";"SIM";"Válido";2;"DEFERIDO";"S";"N";-1;-1;"2026-08-07 18:52:37";2;"DEFERIDO";"2";"DEFERIDO";"2";"DEFERIDO";-1;"#NULO";-1;"#NULO";-1;"#NULO";4;"FEMININO";"2";"PRETA"
"26/09/2026";"19:31:16";2026;6259;160002532594;-3;"#NE";1;"BRASILEIRA NATA";-3;"SÃO MIGUEL DO IGUAÇU";"63";"N";0;"NÃO INFORMADA";"3176572.53";"#NE";"S";"-1";"06005516720266160000";"-3";"#NE";"-3";"#NE";"SIM";"Válido";2;"DEFERIDO";"S";"N";-1;-1;"2026-07-27 16:24:27";2;"DEFERIDO";"2";"DEFERIDO";"2";"DEFERIDO";-1;"#NULO";-1;"#NULO";-1;"#NULO";2;"MASCULINO";"1";"BRANCA"
"26/09/2026";"19:31:16";2026;6259;160002547706;-3;"#NE";1;"BRASILEIRA NATA";-3;"FIGUEIRA";"41";"N";-1;"#NULO";"3176572.53";"#NE";"N";"-1";"06013389620266160000";"-3";"#NE";"-3";"#NE";"SIM";"Válido";2;"DEFERIDO";"S";"N";-1;-1;"2026-08-11 12:34:01";2;"DEFERIDO";"2";"DEFERIDO";"2";"DEFERIDO";-1;"#NULO";-1;"#NULO";-1;"#NULO";4;"FEMININO";"2";"PRETA"
"26/09/2026";"19:31:16";2026;6259;160002551181;-3;"#NE";1;"BRASILEIRA NATA";-3;"UMUARAMA";"32";"N";0;"NÃO INFORMADA";"1270629.01";"#NE";"N";"-1";"06015719320266160000";"-3";"#NE";"-3";"#NE";"SIM";"Válido";2;"DEFERIDO";"S";"N";-1;-1;"2026-08-13 14:59:10";2;"DEFERIDO";"2";"DEFERIDO";"2";"DEFERIDO";-1;"#NULO";-1;"#NULO";-1;"#NULO";4;"FEMININO";"1";"BRANCA"
"26/09/2026";"19:31:16";2026;6259;160002551183;-3;"#NE";1;"BRASILEIRA NATA";-3;"RIO GRANDE";"39";"N";0;"NÃO INFORMADA";"1270629.01";"#NE";"N";"-1";"06015761820266160000";"-3";"#NE";"-3";"#NE";"SIM";"Válido";2;"DEFERIDO";"S";"N";-1;-1;"2026-08-13 14:59:10";2;"DEFERIDO";"2";"DEFERIDO";"2";"DEFERIDO";-1;"#NULO";-1;"#NULO";-1;"#NULO";4;"FEMININO";"1";"BRANCA"
"26/09/2026";"19:31:16";2026;6259;160002542385;-3;"#NE";1;"BRASILEIRA NATA";-3;"PONTA GROSSA";"41";"N";0;"NÃO INFORMADA";"1270629.01";"#NE";"S";"-1";"06008998520266160000";"-3";"#NE";"-3";"#NE";"SIM";"Válido";2;"DEFERIDO";"S";"N";-1;-1;"2026-08-07 18:51:36";2;"DEFERIDO";"2";"DEFERIDO";"2";"DEFERIDO";-1;"#NULO";-1;"#NULO";-1;"#NULO";2;"MASCULINO";"1";"BRANCA"
"26/09/2026";"19:31:16";2026;6259;160002542374;-3;"#NE";2;"BRASILEIRA (NATURALIZADA)";-3;"PONTA GROSSA";"48";"N";0;"NÃO INFORMADA";"1270629.01";"#NE";"S";"-1";"06009041020266160000";"-3";"#NE";"-3";"#NE";"SIM";"Válido";2;"DEFERIDO";"S";"N";-1;-1;"2026-08-07 18:51:36";2;"DEFERIDO";"2";"DEFERIDO";"2";"DEFERIDO";-1;"#NULO";-1;"#NULO";-1;"#NULO";4;"FEMININO";"1";"BRANCA"
"26/09/2026";"19:31:16";2026;6259;160002542241;-3;"#NE";1;"BRASILEIRA NATA";-3;"CRUZ MACHADO";"66";"N";0;"NÃO INFORMADA";"1270629.01";"#NE";"S";"-1";"06008261620266160000";"-3";"#NE";"-3";"#NE";"SIM";"Válido";2;"DEFERIDO";"S";"N";-1;-1;"2026-08-07 18:50:23";2;"DEFERIDO";"2";"DEFERIDO";"2";"DEFERIDO";-1;"#NULO";-1;"#NULO";-1;"#NULO";2;"MASCULINO";"1";"BRANCA"
"26/09/2026";"19:31:16";2026;6259;160002552579;-3;"#NE";1;"BRASILEIRA NATA";-3;"FÊNIX";"64";"N";0;"NÃO INFORMADA";"1270629.01";"#NE";"N";"-1";"06016697820266160000";"-3";"#NE";"-3";"#NE";"SIM";"Válido";2;"DEFERIDO";"S";"N";-1;-1;"2026-08-15 13:27:54";2;"DEFERIDO";"2";"DEFERIDO";"2";"DEFERIDO";-1;"#NULO";-1;"#NULO";-1;"#NULO";2;"MASCULINO";"3";"PARDA"
"26/09/2026";"19:31:16";2026;6259;160002553667;-3;"#NE";1;"BRASILEIRA NATA";-3;"CAMPO MOURÃO";"54";"N";0;"NÃO INFORMADA";"1270629.01";"#NE";"N";"-1";"06017242920266160000";"-3";"#NE";"-3";"#NE";"SIM";"Válido";2;"DEFERIDO";"N";"N";-1;-1;"2026-08-15 18:24:02";2;"DEFERIDO";"2";"DEFERIDO";"4";"INDEFERIDO EM PRAZO RECURSAL OU COM RECURSO";-1;"#NULO";-1;"#NULO";-1;"#NULO";2;"MASCULINO";"3";"PARDA"
"26/09/2026";"19:31:16";2026;6259;160002532860;-3;"#NE";1;"BRASILEIRA NATA";-3;"PONTA GROSSA";"44";"N";0;"NÃO INFORMADA";"3176572.53";"#NE";"N";"-1";"06005732820266160000";"-3";"#NE";"-3";"#NE";"SIM";"Válido";16;"DEFERIDO COM RECURSO";"S";"N";-1;-1;"2026-07-28 15:24:25";16;"DEFERIDO EM PRAZO RECURSAL OU COM RECURSO";"16";"DEFERIDO COM RECURSO";"4";"INDEFERIDO EM PRAZO RECURSAL OU COM RECURSO";-1;"#NULO";-1;"#NULO";-1;"#NULO";4;"FEMININO";"2";"PRETA"
"26/09/2026";"19:31:16";2026;6259;160002540775;-3;"#NE";1;"BRASILEIRA NATA";-3;"LONDRINA";"55";"N";0;"NÃO INFORMADA";"3176572.53";"#NE";"N";"-1";"06007404520266160000";"-3";"#NE";"-3";"#NE";"SIM";"Válido";17;"PENDENTE DE JULGAMENTO";"S";"N";-1;-1;"2026-08-07 13:55:28";17;"PENDENTE DE JULGAMENTO";"17";"PENDENTE DE JULGAMENTO";"17";"PENDENTE DE JULGAMENTO";-1;"#NULO";-1;"#NULO";-1;"#NULO";2;"MASCULINO";"1";"BRANCA"
"26/09/2026";"19:31:16";2026;6259;160002553370;-3;"#NE";1;"BRASILEIRA NATA";-3;"CURITIBA";"55";"N";0;"NÃO INFORMADA";"3176572.53";"#NE";"S";"-1";"06016896920266160000";"-3";"#NE";"-3";"#NE";"NÃO";"#NULO";-1;"#NULO";"N";"N";-1;-1;"2026-08-15 17:46:06";6;"RENÚNCIA";"-1";"#NULO";"-1";"#NULO";-1;"#NULO";-1;"#NULO";-1;"#NULO";2;"MASCULINO";"1";"BRANCA"
"26/09/2026";"19:31:16";2026;6259;160002550998;-3;"#NE";1;"BRASILEIRA NATA";-3;"SÃO PAULO";"34";"N";-1;"#NULO";"-1";"#NE";"S";"-1";"06015502020266160000";"-3";"#NE";"-3";"#NE";"SIM";"#NULO";2;"DEFERIDO";"N";"N";-1;-1;"2026-08-13 14:49:15";2;"DEFERIDO";"2";"DEFERIDO";"2";"DEFERIDO";-1;"#NULO";-1;"#NULO";-1;"#NULO";2;"MASCULINO";"4";"AMARELA"
"26/09/2026";"19:31:16";2026;6259;160002547645;-3;"#NE";1;"BRASILEIRA NATA";-3;"PELOTAS";"64";"N";0;"NÃO INFORMADA";"1270629.01";"#NE";"S";"-1";"06012202320266160000";"-3";"#NE";"-3";"#NE";"SIM";"Válido";2;"DEFERIDO";"S";"N";-1;-1;"2026-08-11 12:29:53";2;"DEFERIDO";"2";"DEFERIDO";"2";"DEFERIDO";-1;"#NULO";-1;"#NULO";-1;"#NULO";4;"FEMININO";"1";"BRANCA"
"26/09/2026";"19:31:16";2026;6259;160002547642;-3;"#NE";1;"BRASILEIRA NATA";-3;"URAÍ";"62";"N";0;"NÃO INFORMADA";"1270629.01";"#NE";"S";"-1";"06012453620266160000";"-3";"#NE";"-3";"#NE";"SIM";"Válido";2;"DEFERIDO";"S";"N";-1;-1;"2026-08-11 12:29:53";2;"DEFERIDO";"2";"DEFERIDO";"2";"DEFERIDO";-1;"#NULO";-1;"#NULO";-1;"#NULO";2;"MASCULINO";"4";"AMARELA"
"26/09/2026";"19:31:16";2026;6259;160002547639;-3;"#NE";1;"BRASILEIRA NATA";-3;"TOLEDO";"35";"N";0;"NÃO INFORMADA";"1270629.01";"#NE";"S";"-1";"06012679420266160000";"-3";"#NE";"-3";"#NE";"SIM";"Válido";2;"DEFERIDO";"S";"N";-1;-1;"2026-08-11 12:29:53";2;"DEFERIDO";"2";"DEFERIDO";"2";"DEFERIDO";-1;"#NULO";-1;"#NULO";-1;"#NULO";2;"MASCULINO";"1";"BRANCA"
"26/09/2026";"19:31:16";2026;6259;160002546855;-3;"#NE";1;"BRASILEIRA NATA";-3;"LOANDA";"50";"N";0;"NÃO INFORMADA";"1270629.01";"#NE";"S";"-1";"06010435920266160000";"-3";"#NE";"-3";"#NE";"SIM";"Válido";2;"DEFERIDO";"S";"N";-1;-1;"2026-08-11 12:01:37";2;"DEFERIDO";"2";"DEFERIDO";"2";"DEFERIDO";-1;"#NULO";-1;"#NULO";-1;"#NULO";4;"FEMININO";"1";"BRANCA"
"26/09/2026";"19:31:16";2026;6259;160002546806;-3;"#NE";1;"BRASILEIRA NATA";-3;"GOIOERÊ";"62";"N";-1;"#NULO";"1270629.01";"#NE";"S";"-1";"06010115420266160000";"-3";"#NE";"-3";"#NE";"SIM";"Válido";2;"DEFERIDO";"S";"N";-1;-1;"2026-08-11 11:57:23";2;"DEFERIDO";"2";"DEFERIDO";"2";"DEFERIDO";-1;"#NULO";-1;"#NULO";-1;"#NULO";4;"FEMININO";"3";"PARDA"
"26/09/2026";"19:31:16";2026;6259;160002546844;-3;"#NE";1;"BRASILEIRA NATA";-3;"TOMAZINA";"39";"N";0;"NÃO INFORMADA";"1270629.01";"#NE";"S";"-1";"06010167620266160000";"-3";"#NE";"-3";"#NE";"SIM";"Válido";2;"DEFERIDO";"S";"N";-1;-1;"2026-08-11 11:57:23";2;"DEFERIDO";"2";"DEFERIDO";"2";"DEFERIDO";-1;"#NULO";-1;"#NULO";-1;"#NULO";4;"FEMININO";"1";"BRANCA"
"26/09/2026";"19:31:16";2026;6259;160002546848;-3;"#NE";1;"BRASILEIRA NATA";-3;"PASSO FUNDO";"44";"N";-1;"#NULO";"1270629.01";"#NE";"S";"-1";"06009899320266160000";"-3";"#NE";"-3";"#NE";"SIM";"Válido";2;"DEFERIDO";"S";"N";-1;-1;"2026-08-11 11:57:23";2;"DEFERIDO";"2";"DEFERIDO";"2";"DEFERIDO";-1;"#NULO";-1;"#NULO";-1;"#NULO";4;"FEMININO";"1";"BRANCA"
"26/09/2026";"19:31:16";2026;6259;160002552810;-3;"#NE";1;"BRASILEIRA NATA";-3;"CURITIBA";"47";"N";0;"NÃO INFORMADA";"1270629.01";"#NE";"S";"-1";"06016377320266160000";"-3";"#NE";"-3";"#NE";"SIM";"Válido";2;"DEFERIDO";"S";"N";-1;-1;"2026-08-15 13:17:58";2;"DEFERIDO";"2";"DEFERIDO";"2";"DEFERIDO";-1;"#NULO";-1;"#NULO";-1;"#NULO";2;"MASCULINO";"1";"BRANCA"
"26/09/2026";"19:31:16";2026;6259;160002540799;-3;"#NE";1;"BRASILEIRA NATA";-3;"ROLÂNDIA";"56";"N";0;"NÃO INFORMADA";"3176572.53";"#NE";"S";"-1";"06007681320266160000";"-3";"#NE";"-3";"#NE";"SIM";"Válido";2;"DEFERIDO";"S";"N";-1;-1;"2026-08-07 13:56:41";2;"DEFERIDO";"2";"DEFERIDO";"2";"DEFERIDO";-1;"#NULO";-1;"#NULO";-1;"#NULO";2;"MASCULINO";"1";"BRANCA"
"26/09/2026";"19:31:16";2026;6259;160002540791;-3;"#NE";1;"BRASILEIRA NATA";-3;"CURITIBA";"51";"N";0;"NÃO INFORMADA";"3176572.53";"#NE";"S";"-1";"06007699520266160000";"-3";"#NE";"-3";"#NE";"SIM";"Válido";2;"DEFERIDO";"S";"N";-1;-1;"2026-08-07 13:56:41";2;"DEFERIDO";"2";"DEFERIDO";"2";"DEFERIDO";-1;"#NULO";-1;"#NULO";-1;"#NULO";2;"MASCULINO";"3";"PARDA"
"26/09/2026";"19:31:16";2026;6259;160002549546;-3;"#NE";1;"BRASILEIRA NATA";-3;"BRASÍLIA";"47";"N";-1;"#NULO";"3176572.53";"#NE";"S";"-1";"06014921720266160000";"-3";"#NE";"-3";"#NE";"SIM";"Válido";2;"DEFERIDO";"S";"N";-1;-1;"2026-08-12 12:38:35";2;"DEFERIDO";"2";"DEFERIDO";"2";"DEFERIDO";-1;"#NULO";-1;"#NULO";-1;"#NULO";4;"FEMININO";"1";"BRANCA"
"26/09/2026";"19:31:16";2026;6259;160002554323;-3;"#NE";1;"BRASILEIRA NATA";-3;"CAMPO MOURÃO";"69";"N";0;"NÃO INFORMADA";"3176572.53";"#NE";"S";"-1";"06019763220266160000";"-3";"#NE";"-3";"#NE";"SIM";"Válido";2;"DEFERIDO";"S";"N";160002549534;-1;"2026-08-30 15:57:04";2;"DEFERIDO";"2";"DEFERIDO";"2";"DEFERIDO";-1;"#NULO";-1;"#NULO";-1;"#NULO";-1;"#NULO";"-1";"#NULO"
"26/09/2026";"19:31:16";2026;6259;160002542283;-3;"#NE";1;"BRASILEIRA NATA";-3;"CASCAVEL";"42";"N";0;"NÃO INFORMADA";"3176572.53";"#NE";"S";"-1";"06009604320266160000";"-3";"#NE";"-3";"#NE";"SIM";"Válido";2;"DEFERIDO";"S";"N";-1;-1;"2026-08-07 18:52:09";2;"DEFERIDO";"2";"DEFERIDO";"2";"DEFERIDO";-1;"#NULO";-1;"#NULO";-1;"#NULO";2;"MASCULINO";"1";"BRANCA"
"26/09/2026";"19:31:16";2026;6259;160002542288;-3;"#NE";1;"BRASILEIRA NATA";-3;"CURITIBA";"44";"N";-1;"#NULO";"3176572.53";"#NE";"N";"-1";"06009682020266160000";"-3";"#NE";"-3";"#NE";"SIM";"Válido";2;"DEFERIDO";"S";"N";-1;-1;"2026-08-07 18:52:09";2;"DEFERIDO";"2";"DEFERIDO";"2";"DEFERIDO";-1;"#NULO";-1;"#NULO";-1;"#NULO";4;"FEMININO";"1";"BRANCA"
"26/09/2026";"19:31:16";2026;6259;160002551033;-3;"#NE";1;"BRASILEIRA NATA";-3;"CURITIBA";"43";"N";0;"NÃO INFORMADA";"3176572.53";"#NE";"S";"-1";"06015407320266160000";"-3";"#NE";"-3";"#NE";"SIM";"Válido";2;"DEFERIDO";"S";"N";-1;-1;"2026-08-13 14:52:35";2;"DEFERIDO";"2";"DEFERIDO";"2";"DEFERIDO";-1;"#NULO";-1;"#NULO";-1;"#NULO";2;"MASCULINO";"3";"PARDA"
"26/09/2026";"19:31:16";2026;6259;160002551038;-3;"#NE";1;"BRASILEIRA NATA";-3;"SIQUEIRA CAMPOS";"27";"N";0;"NÃO INFORMADA";"3176572.53";"#NE";"S";"-1";"06015199720266160000";"-3";"#NE";"-3";"#NE";"SIM";"Válido";2;"DEFERIDO";"S";"N";-1;-1;"2026-08-13 14:52:35";2;"DEFERIDO";"2";"DEFERIDO";"2";"DEFERIDO";-1;"#NULO";-1;"#NULO";-1;"#NULO";2;"MASCULINO";"1";"BRANCA"
"26/09/2026";"19:31:16";2026;6259;160002540777;-3;"#NE";1;"BRASILEIRA NATA";-3;"CURITIBA";"39";"N";0;"NÃO INFORMADA";"3176572.53";"#NE";"S";"-1";"06007473720266160000";"-3";"#NE";"-3";"#NE";"SIM";"Válido";2;"DEFERIDO";"S";"N";-1;-1;"2026-08-07 13:55:28";2;"DEFERIDO";"2";"DEFERIDO";"2";"DEFERIDO";-1;"#NULO";-1;"#NULO";-1;"#NULO";4;"FEMININO";"1";"BRANCA"
"26/09/2026";"19:31:16";2026;6259;160002540772;-3;"#NE";1;"BRASILEIRA NATA";-3;"ENÉAS MARQUES";"61";"N";0;"NÃO INFORMADA";"3176572.53";"#NE";"S";"-1";"06007525920266160000";"-3";"#NE";"-3";"#NE";"SIM";"Válido";2;"DEFERIDO";"S";"N";-1;-1;"2026-08-07 13:55:28";2;"DEFERIDO";"2";"DEFERIDO";"2";"DEFERIDO";-1;"#NULO";-1;"#NULO";-1;"#NULO";2;"MASCULINO";"1";"BRANCA"
"26/09/2026";"19:31:16";2026;6259;160002532603;-3;"#NE";1;"BRASILEIRA NATA";-3;"GUAIRAÇÁ";"70";"N";0;"NÃO INFORMADA";"3176572.53";"#NE";"N";"-1";"06005499720266160000";"-3";"#NE";"-3";"#NE";"SIM";"Válido";2;"DEFERIDO";"S";"N";-1;-1;"2026-07-27 16:24:27";2;"DEFERIDO";"2";"DEFERIDO";"2";"DEFERIDO";-1;"#NULO";-1;"#NULO";-1;"#NULO";4;"FEMININO";"1";"BRANCA"
"26/09/2026";"19:31:16";2026;6259;160002547568;-3;"#NE";1;"BRASILEIRA NATA";-3;"LONDRINA";"57";"N";0;"NÃO INFORMADA";"3176572.53";"#NE";"S";"-1";"06011760420266160000";"-3";"#NE";"-3";"#NE";"SIM";"Válido";2;"DEFERIDO";"S";"N";-1;-1;"2026-08-11 12:26:56";2;"DEFERIDO";"2";"DEFERIDO";"2";"DEFERIDO";-1;"#NULO";-1;"#NULO";-1;"#NULO";2;"MASCULINO";"1";"BRANCA"
"26/09/2026";"19:31:16";2026;6259;160002547584;-3;"#NE";1;"BRASILEIRA NATA";-3;"CURITIBA";"50";"N";-1;"#NULO";"3176572.53";"#NE";"S";"-1";"06011717920266160000";"-3";"#NE";"-3";"#NE";"SIM";"Válido";2;"DEFERIDO";"S";"N";-1;-1;"2026-08-11 12:26:56";2;"DEFERIDO";"2";"DEFERIDO";"2";"DEFERIDO";-1;"#NULO";-1;"#NULO";-1;"#NULO";2;"MASCULINO";"1";"BRANCA"
"26/09/2026";"19:31:16";2026;6259;160002552786;-3;"#NE";1;"BRASILEIRA NATA";-3;"CURITIBA";"57";"N";-1;"#NULO";"1270629.01";"#NE";"N";"-1";"06016429520266160000";"-3";"#NE";"-3";"#NE";"SIM";"Válido";2;"DEFERIDO";"S";"N";-1;-1;"2026-08-15 13:17:58";2;"DEFERIDO";"2";"DEFERIDO";"2";"DEFERIDO";-1;"#NULO";-1;"#NULO";-1;"#NULO";2;"MASCULINO";"1";"BRANCA"
"26/09/2026";"19:31:16";2026;6259;160002547733;-3;"#NE";1;"BRASILEIRA NATA";-3;"IRATI";"55";"N";-1;"#NULO";"1270629.01";"#NE";"S";"-1";"06013744120266160000";"-3";"#NE";"-3";"#NE";"SIM";"Válido";2;"DEFERIDO";"S";"N";-1;-1;"2026-08-11 12:36:21";2;"DEFERIDO";"2";"DEFERIDO";"2";"DEFERIDO";-1;"#NULO";-1;"#NULO";-1;"#NULO";2;"MASCULINO";"3";"PARDA"
"26/09/2026";"19:31:16";2026;6259;160002547734;-3;"#NE";1;"BRASILEIRA NATA";-3;"JAGUAPITÃ";"70";"N";-1;"#NULO";"1270629.01";"#NE";"N";"-1";"06013553520266160000";"-3";"#NE";"-3";"#NE";"SIM";"Válido";2;"DEFERIDO";"S";"N";-1;-1;"2026-08-11 12:36:21";2;"DEFERIDO";"2";"DEFERIDO";"2";"DEFERIDO";-1;"#NULO";-1;"#NULO";-1;"#NULO";2;"MASCULINO";"1";"BRANCA"
"26/09/2026";"19:31:16";2026;6259;160002547751;-3;"#NE";1;"BRASILEIRA NATA";-3;"CURITIBA";"49";"N";-1;"#NULO";"1270629.01";"#NE";"S";"-1";"06013657920266160000";"-3";"#NE";"-3";"#NE";"SIM";"Válido";2;"DEFERIDO";"S";"N";-1;-1;"2026-08-11 12:36:21";2;"DEFERIDO";"2";"DEFERIDO";"2";"DEFERIDO";-1;"#NULO";-1;"#NULO";-1;"#NULO";2;"MASCULINO";"3";"PARDA"
"26/09/2026";"19:31:16";2026;6259;160002551174;-3;"#NE";1;"BRASILEIRA NATA";-3;"CURITIBA";"24";"N";0;"NÃO INFORMADA";"1270629.01";"#NE";"S";"-1";"06015571220266160000";"-3";"#NE";"-3";"#NE";"SIM";"Válido";2;"DEFERIDO";"S";"N";-1;-1;"2026-08-13 14:59:10";2;"DEFERIDO";"2";"DEFERIDO";"2";"DEFERIDO";-1;"#NULO";-1;"#NULO";-1;"#NULO";4;"FEMININO";"1";"BRANCA"
"26/09/2026";"19:31:16";2026;6259;160002547548;-3;"#NE";1;"BRASILEIRA NATA";-3;"CIANORTE";"47";"N";0;"NÃO INFORMADA";"1270629.01";"#NE";"S";"-1";"06012020220266160000";"-3";"#NE";"-3";"#NE";"SIM";"Válido";2;"DEFERIDO";"S";"N";-1;-1;"2026-08-11 12:24:57";2;"DEFERIDO";"2";"DEFERIDO";"2";"DEFERIDO";-1;"#NULO";-1;"#NULO";-1;"#NULO";2;"MASCULINO";"3";"PARDA"
"26/09/2026";"19:31:16";2026;6259;160002547538;-3;"#NE";1;"BRASILEIRA NATA";-3;"FOZ DO IGUAÇU";"57";"N";-1;"#NULO";"1270629.01";"#NE";"S";"-1";"06011994720266160000";"-3";"#NE";"-3";"#NE";"SIM";"Válido";2;"DEFERIDO";"S";"N";-1;-1;"2026-08-11 12:24:57";2;"DEFERIDO";"2";"DEFERIDO";"2";"DEFERIDO";-1;"#NULO";-1;"#NULO";-1;"#NULO";2;"MASCULINO";"3";"PARDA"
"26/09/2026";"19:31:16";2026;6259;160002542369;-3;"#NE";1;"BRASILEIRA NATA";-3;"CURITIBA";"46";"N";0;"NÃO INFORMADA";"1270629.01";"#NE";"N";"-1";"06009162420266160000";"-3";"#NE";"-3";"#NE";"SIM";"Válido";2;"DEFERIDO";"S";"N";-1;-1;"2026-08-07 18:51:36";2;"DEFERIDO";"2";"DEFERIDO";"2";"DEFERIDO";-1;"#NULO";-1;"#NULO";-1;"#NULO";2;"MASCULINO";"1";"BRANCA"
"26/09/2026";"19:31:16";2026;6259;160002542237;-3;"#NE";1;"BRASILEIRA NATA";-3;"BARRA DO TURVO";"41";"S";0;"NÃO INFORMADA";"1270629.01";"#NE";"S";"-1";"06008236120266160000";"-3";"#NE";"-3";"#NE";"SIM";"Válido";2;"DEFERIDO";"S";"N";-1;-1;"2026-08-07 18:50:23";2;"DEFERIDO";"2";"DEFERIDO";"2";"DEFERIDO";-1;"#NULO";-1;"#NULO";-1;"#NULO";4;"FEMININO";"2";"PRETA"
"26/09/2026";"19:31:16";2026;6259;160002542252;-3;"#NE";1;"BRASILEIRA NATA";-3;"PORTO ALEGRE";"58";"N";0;"NÃO INFORMADA";"1270629.01";"#NE";"S";"-1";"06008106220266160000";"-3";"#NE";"-3";"#NE";"SIM";"Válido";2;"DEFERIDO";"S";"N";-1;-1;"2026-08-07 18:50:23";2;"DEFERIDO";"2";"DEFERIDO";"2";"DEFERIDO";-1;"#NULO";-1;"#NULO";-1;"#NULO";2;"MASCULINO";"1";"BRANCA"
"26/09/2026";"19:31:16";2026;6259;160002533440;-3;"#NE";1;"BRASILEIRA NATA";-3;"VIRGEM DA LAPA";"72";"N";0;"NÃO INFORMADA";"1270629.01";"#NE";"N";"-1";"06006296120266160000";"-3";"#NE";"-3";"#NE";"SIM";"Válido";2;"DEFERIDO";"S";"N";-1;-1;"2026-07-29 17:41:27";2;"DEFERIDO";"2";"DEFERIDO";"2";"DEFERIDO";-1;"#NULO";-1;"#NULO";-1;"#NULO";4;"FEMININO";"1";"BRANCA"
"26/09/2026";"19:31:16";2026;6259;160002533460;-3;"#NE";1;"BRASILEIRA NATA";-3;"PONTA GROSSA";"42";"N";0;"NÃO INFORMADA";"1270629.01";"#NE";"S";"-1";"06006348320266160000";"-3";"#NE";"-3";"#NE";"SIM";"Válido";2;"DEFERIDO";"S";"N";-1;-1;"2026-07-29 17:41:27";2;"DEFERIDO";"2";"DEFERIDO";"2";"DEFERIDO";-1;"#NULO";-1;"#NULO";-1;"#NULO";4;"FEMININO";"1";"BRANCA"
"26/09/2026";"19:31:16";2026;6259;160002547535;-3;"#NE";1;"BRASILEIRA NATA";-3;"SÃO MIGUEL DO IGUAÇU";"56";"N";0;"NÃO INFORMADA";"1270629.01";"#NE";"S";"-1";"06011449620266160000";"-3";"#NE";"-3";"#NE";"SIM";"Válido";2;"DEFERIDO";"S";"N";-1;-1;"2026-08-11 12:24:00";2;"DEFERIDO";"2";"DEFERIDO";"2";"DEFERIDO";-1;"#NULO";-1;"#NULO";-1;"#NULO";2;"MASCULINO";"3";"PARDA"
"26/09/2026";"19:31:16";2026;6259;160002547534;-3;"#NE";1;"BRASILEIRA NATA";-3;"PRESIDENTE VENCESLAU";"41";"N";0;"NÃO INFORMADA";"1270629.01";"#NE";"S";"-1";"06011431420266160000";"-3";"#NE";"-3";"#NE";"SIM";"Válido";2;"DEFERIDO";"S";"N";-1;-1;"2026-08-11 12:24:00";2;"DEFERIDO";"2";"DEFERIDO";"2";"DEFERIDO";-1;"#NULO";-1;"#NULO";-1;"#NULO";2;"MASCULINO";"1";"BRANCA"
"26/09/2026";"19:31:16";2026;6259;160002547533;-3;"#NE";1;"BRASILEIRA NATA";-3;"DOIS VIZINHOS";"39";"N";0;"NÃO INFORMADA";"1270629.01";"#NE";"S";"-1";"06011198320266160000";"-3";"#NE";"-3";"#NE";"SIM";"Válido";2;"DEFERIDO";"S";"N";-1;-1;"2026-08-11 12:24:00";2;"DEFERIDO";"2";"DEFERIDO";"2";"DEFERIDO";-1;"#NULO";-1;"#NULO";-1;"#NULO";2;"MASCULINO";"1";"BRANCA"
"26/09/2026";"19:31:16";2026;6259;160002547492;-3;"#NE";1;"BRASILEIRA NATA";-3;"REDENÇÃO";"46";"N";-1;"#NULO";"1270629.01";"#NE";"S";"-1";"06011215320266160000";"-3";"#NE";"-3";"#NE";"SIM";"Válido";2;"DEFERIDO";"S";"N";-1;-1;"2026-08-11 12:24:00";2;"DEFERIDO";"2";"DEFERIDO";"2";"DEFERIDO";-1;"#NULO";-1;"#NULO";-1;"#NULO";4;"FEMININO";"1";"BRANCA"
"26/09/2026";"19:31:16";2026;6259;160002549553;-3;"#NE";1;"BRASILEIRA NATA";-3;"PONTA GROSSA";"54";"N";0;"NÃO INFORMADA";"11562724";"#NE";"S";"-1";"06014930220266160000";"-3";"#NE";"-3";"#NE";"SIM";"Válido";2;"DEFERIDO";"S";"N";-1;-1;"2026-08-12 12:36:48";2;"DEFERIDO";"2";"DEFERIDO";"2";"DEFERIDO";-1;"#NULO";-1;"#NULO";-1;"#NULO";2;"MASCULINO";"1";"BRANCA"
"26/09/2026";"19:31:16";2026;6259;160002549547;-3;"#NE";1;"BRASILEIRA NATA";-3;"UMUARAMA";"54";"N";-1;"#NULO";"3176572.53";"#NE";"S";"-1";"06014670420266160000";"-3";"#NE";"-3";"#NE";"SIM";"Válido";2;"DEFERIDO";"S";"N";-1;-1;"2026-08-12 12:38:35";2;"DEFERIDO";"2";"DEFERIDO";"2";"DEFERIDO";-1;"#NULO";-1;"#NULO";-1;"#NULO";2;"MASCULINO";"1";"BRANCA"
"26/09/2026";"19:31:16";2026;6259;160002549537;-3;"#NE";1;"BRASILEIRA NATA";-3;"MARINGÁ";"67";"N";0;"NÃO INFORMADA";"3176572.53";"#NE";"S";"-1";"06014791820266160000";"-3";"#NE";"-3";"#NE";"SIM";"Válido";2;"DEFERIDO";"S";"N";-1;-1;"2026-08-12 12:38:35";2;"DEFERIDO";"2";"DEFERIDO";"2";"DEFERIDO";-1;"#NULO";-1;"#NULO";-1;"#NULO";2;"MASCULINO";"1";"BRANCA"
"26/09/2026";"19:31:16";2026;6259;160002552792;-3;"#NE";1;"BRASILEIRA NATA";-3;"FAXINAL";"60";"N";0;"NÃO INFORMADA";"1270629.01";"#NE";"N";"-1";"06016559420266160000";"-3";"#NE";"-3";"#NE";"SIM";"Anulado sub judice";4;"INDEFERIDO EM PRAZO RECURSAL OU COM RECURSO";"S";"N";-1;-1;"2026-08-15 13:17:58";4;"INDEFERIDO EM PRAZO RECURSAL OU COM RECURSO";"4";"INDEFERIDO EM PRAZO RECURSAL OU COM RECURSO";"4";"INDEFERIDO EM PRAZO RECURSAL OU COM RECURSO";-1;"#NULO";-1;"#NULO";-1;"#NULO";2;"MASCULINO";"2";"PRETA"
"26/09/2026";"19:31:16";2026;6259;160002549509;-3;"#NE";1;"BRASILEIRA NATA";-3;"CAMPO MOURÃO";"55";"N";-1;"#NULO";"1270629.01";"#NE";"S";"-1";"06014540520266160000";"-3";"#NE";"-3";"#NE";"SIM";"Anulado sub judice";4;"INDEFERIDO EM PRAZO RECURSAL OU COM RECURSO";"S";"N";-1;-1;"2026-08-12 12:34:54";4;"INDEFERIDO EM PRAZO RECURSAL OU COM RECURSO";"4";"INDEFERIDO EM PRAZO RECURSAL OU COM RECURSO";"4";"INDEFERIDO EM PRAZO RECURSAL OU COM RECURSO";-1;"#NULO";-1;"#NULO";-1;"#NULO";2;"MASCULINO";"3";"PARDA"
"26/09/2026";"19:31:16";2026;6259;160002542238;-3;"#NE";1;"BRASILEIRA NATA";-3;"SANTANA DO ITARARÉ";"59";"N";0;"NÃO INFORMADA";"1270629.01";"#NE";"S";"-1";"06008175420266160000";"-3";"#NE";"-3";"#NE";"NÃO";"#NULO";-1;"#NULO";"N";"N";-1;-1;"2026-08-07 18:50:23";6;"RENÚNCIA";"-1";"#NULO";"-1";"#NULO";-1;"#NULO";-1;"#NULO";-1;"#NULO";2;"MASCULINO";"1";"BRANCA"
"26/09/2026";"19:31:16";2026;6259;160002553962;-3;"#NE";1;"BRASILEIRA NATA";-3;"SÃO JOÃO DO IVAÍ";"55";"N";-1;"#NULO";"3176572.53";"#NE";"N";"-1";"06018049020266160000";"-3";"#NE";"-3";"#NE";"NÃO";"#NULO";-1;"#NULO";"N";"N";-1;-1;"2026-08-20 11:01:21";14;"INDEFERIDO";"-1";"#NULO";"-1";"#NULO";-1;"#NULO";-1;"#NULO";-1;"#NULO";-1;"#NULO";"-1";"#NULO"
"26/09/2026";"19:31:16";2026;6259;160002549514;-3;"#NE";1;"BRASILEIRA NATA";-3;"FLORAÍ";"52";"N";0;"NÃO INFORMADA";"1270629.01";"#NE";"S";"-1";"06014437320266160000";"-3";"#NE";"-3";"#NE";"SIM";"Válido";2;"DEFERIDO";"S";"N";-1;-1;"2026-08-12 12:34:54";2;"DEFERIDO";"2";"DEFERIDO";"2";"DEFERIDO";-1;"#NULO";-1;"#NULO";-1;"#NULO";2;"MASCULINO";"3";"PARDA"
"26/09/2026";"19:31:16";2026;6259;160002549504;-3;"#NE";1;"BRASILEIRA NATA";-3;"CURITIBA";"59";"N";0;"NÃO INFORMADA";"1270629.01";"#NE";"S";"-1";"06014523520266160000";"-3";"#NE";"-3";"#NE";"SIM";"Válido";2;"DEFERIDO";"S";"N";-1;-1;"2026-08-12 12:34:54";2;"DEFERIDO";"2";"DEFERIDO";"2";"DEFERIDO";-1;"#NULO";-1;"#NULO";-1;"#NULO";2;"MASCULINO";"1";"BRANCA"
"26/09/2026";"19:31:16";2026;6259;160002547638;-3;"#NE";1;"BRASILEIRA NATA";-3;"TEIXEIRA SOARES";"56";"N";0;"NÃO INFORMADA";"1270629.01";"#NE";"S";"-1";"06012375920266160000";"-3";"#NE";"-3";"#NE";"SIM";"Válido";2;"DEFERIDO";"S";"N";-1;-1;"2026-08-11 12:29:53";2;"DEFERIDO";"2";"DEFERIDO";"2";"DEFERIDO";-1;"#NULO";-1;"#NULO";-1;"#NULO";2;"MASCULINO";"1";"BRANCA"
"26/09/2026";"19:31:16";2026;6259;160002547958;-3;"#NE";1;"BRASILEIRA NATA";-3;"RIO BRANCO DO SUL";"49";"N";-1;"#NULO";"1270629.01";"#NE";"S";"-1";"06013917720266160000";"-3";"#NE";"-3";"#NE";"SIM";"Válido";2;"DEFERIDO";"S";"N";-1;-1;"2026-08-11 12:36:56";2;"DEFERIDO";"2";"DEFERIDO";"2";"DEFERIDO";-1;"#NULO";-1;"#NULO";-1;"#NULO";2;"MASCULINO";"3";"PARDA"
"26/09/2026";"19:31:16";2026;6259;160002547625;-3;"#NE";2;"BRASILEIRA (NATURALIZADA)";-3;"COLORADO";"55";"N";0;"NÃO INFORMADA";"1270629.01";"#NE";"S";"-1";"06012263020266160000";"-3";"#NE";"-3";"#NE";"SIM";"Válido";2;"DEFERIDO";"S";"N";-1;-1;"2026-08-11 12:29:53";2;"DEFERIDO";"2";"DEFERIDO";"2";"DEFERIDO";-1;"#NULO";-1;"#NULO";-1;"#NULO";2;"MASCULINO";"1";"BRANCA"
"26/09/2026";"19:31:16";2026;6259;160002546859;-3;"#NE";1;"BRASILEIRA NATA";-3;"PIRAÍ DO SUL";"67";"N";0;"NÃO INFORMADA";"1270629.01";"#NE";"S";"-1";"06010626520266160000";"-3";"#NE";"-3";"#NE";"SIM";"Válido";2;"DEFERIDO";"S";"N";-1;-1;"2026-08-11 12:01:37";2;"DEFERIDO";"2";"DEFERIDO";"2";"DEFERIDO";-1;"#NULO";-1;"#NULO";-1;"#NULO";2;"MASCULINO";"1";"BRANCA"
"26/09/2026";"19:31:16";2026;6259;160002552829;-3;"#NE";1;"BRASILEIRA NATA";-3;"SÃO LUÍS";"43";"N";0;"NÃO INFORMADA";"1270629.01";"#NE";"N";"-1";"06016515720266160000";"-3";"#NE";"-3";"#NE";"SIM";"Válido";2;"DEFERIDO";"S";"N";-1;-1;"2026-08-15 13:17:58";2;"DEFERIDO";"2";"DEFERIDO";"2";"DEFERIDO";-1;"#NULO";-1;"#NULO";-1;"#NULO";2;"MASCULINO";"2";"PRETA"
"26/09/2026";"19:31:16";2026;6259;160002551027;-3;"#NE";1;"BRASILEIRA NATA";-3;"CURITIBA";"35";"N";0;"NÃO INFORMADA";"3176572.53";"#NE";"S";"-1";"06015268920266160000";"-3";"#NE";"-3";"#NE";"SIM";"Válido";2;"DEFERIDO";"S";"N";-1;-1;"2026-08-13 14:52:35";2;"DEFERIDO";"2";"DEFERIDO";"2";"DEFERIDO";-1;"#NULO";-1;"#NULO";-1;"#NULO";2;"MASCULINO";"1";"BRANCA"
"26/09/2026";"19:31:16";2026;6259;160002540766;-3;"#NE";1;"BRASILEIRA NATA";-3;"BOA ESPERANÇA";"50";"N";0;"NÃO INFORMADA";"3176572.53";"#NE";"S";"-1";"06007456720266160000";"-3";"#NE";"-3";"#NE";"SIM";"Válido";2;"DEFERIDO";"S";"N";-1;-1;"2026-08-07 13:55:28";2;"DEFERIDO";"2";"DEFERIDO";"2";"DEFERIDO";-1;"#NULO";-1;"#NULO";-1;"#NULO";2;"MASCULINO";"1";"BRANCA"
"26/09/2026";"19:31:16";2026;6259;160002536499;-3;"#NE";1;"BRASILEIRA NATA";-3;"MANDAGUAÇU";"49";"N";0;"NÃO INFORMADA";"3176572.53";"#NE";"S";"-1";"06007092520266160000";"-3";"#NE";"-3";"#NE";"SIM";"Válido";2;"DEFERIDO";"S";"N";-1;-1;"2026-08-04 17:55:10";2;"DEFERIDO";"2";"DEFERIDO";"2";"DEFERIDO";-1;"#NULO";-1;"#NULO";-1;"#NULO";2;"MASCULINO";"1";"BRANCA"
"26/09/2026";"19:31:16";2026;6259;160002536520;-3;"#NE";1;"BRASILEIRA NATA";-3;"UNIÃO DA VITÓRIA";"74";"N";0;"NÃO INFORMADA";"3176572.53";"#NE";"S";"-1";"06006954120266160000";"-3";"#NE";"-3";"#NE";"SIM";"Válido";2;"DEFERIDO";"S";"N";-1;-1;"2026-08-04 17:55:10";2;"DEFERIDO";"2";"DEFERIDO";"2";"DEFERIDO";-1;"#NULO";-1;"#NULO";-1;"#NULO";2;"MASCULINO";"1";"BRANCA"
"26/09/2026";"19:31:16";2026;6259;160002536518;-3;"#NE";1;"BRASILEIRA NATA";-3;"TOLEDO";"60";"N";0;"NÃO INFORMADA";"3176572.53";"#NE";"S";"-1";"06007014820266160000";"-3";"#NE";"-3";"#NE";"SIM";"Válido";2;"DEFERIDO";"S";"N";-1;-1;"2026-08-04 17:55:10";2;"DEFERIDO";"2";"DEFERIDO";"2";"DEFERIDO";-1;"#NULO";-1;"#NULO";-1;"#NULO";2;"MASCULINO";"1";"BRANCA"
"26/09/2026";"19:31:16";2026;6259;160002536500;-3;"#NE";1;"BRASILEIRA NATA";-3;"MARINGÁ";"41";"N";0;"NÃO INFORMADA";"3176572.53";"#NE";"S";"-1";"06007067020266160000";"-3";"#NE";"-3";"#NE";"SIM";"Válido";2;"DEFERIDO";"S";"N";-1;-1;"2026-08-04 17:55:10";2;"DEFERIDO";"2";"DEFERIDO";"2";"DEFERIDO";-1;"#NULO";-1;"#NULO";-1;"#NULO";2;"MASCULINO";"1";"BRANCA"
"26/09/2026";"19:31:16";2026;6259;160002554283;-3;"#NE";1;"BRASILEIRA NATA";-3;"APUCARANA";"59";"N";-1;"#NULO";"1270629.01";"#NE";"S";"-1";"06019113720266160000";"-3";"#NE";"-3";"#NE";"SIM";"Válido";2;"DEFERIDO";"S";"N";-1;-1;"2026-08-25 19:29:09";2;"DEFERIDO";"2";"DEFERIDO";"2";"DEFERIDO";-1;"#NULO";-1;"#NULO";-1;"#NULO";-1;"#NULO";"-1";"#NULO"
"26/09/2026";"19:31:16";2026;6259;160002547742;-3;"#NE";1;"BRASILEIRA NATA";-3;"REALEZA";"57";"N";-1;"#NULO";"1270629.01";"#NE";"S";"-1";"06013536520266160000";"-3";"#NE";"-3";"#NE";"SIM";"Válido";2;"DEFERIDO";"S";"N";-1;-1;"2026-08-11 12:36:21";2;"DEFERIDO";"2";"DEFERIDO";"2";"DEFERIDO";-1;"#NULO";-1;"#NULO";-1;"#NULO";2;"MASCULINO";"3";"PARDA"
"26/09/2026";"19:31:16";2026;6259;160002551173;-3;"#NE";1;"BRASILEIRA NATA";-3;"CURITIBA";"29";"N";0;"NÃO INFORMADA";"1270629.01";"#NE";"N";"-1";"06015701120266160000";"-3";"#NE";"-3";"#NE";"SIM";"Válido";2;"DEFERIDO";"S";"N";-1;-1;"2026-08-13 14:59:10";2;"DEFERIDO";"2";"DEFERIDO";"2";"DEFERIDO";-1;"#NULO";-1;"#NULO";-1;"#NULO";2;"MASCULINO";"2";"PRETA"
"26/09/2026";"19:31:16";2026;6259;160002542351;-3;"#NE";1;"BRASILEIRA NATA";-3;"UNIÃO DA VITÓRIA";"36";"N";-1;"#NULO";"1270629.01";"#NE";"S";"-1";"06008963320266160000";"-3";"#NE";"-3";"#NE";"SIM";"Válido";2;"DEFERIDO";"S";"N";-1;-1;"2026-08-07 18:51:36";2;"DEFERIDO";"2";"DEFERIDO";"2";"DEFERIDO";-1;"#NULO";-1;"#NULO";-1;"#NULO";4;"FEMININO";"1";"BRANCA"
"26/09/2026";"19:31:16";2026;6259;160002542359;-3;"#NE";1;"BRASILEIRA NATA";-3;"APUCARANA";"56";"N";0;"NÃO INFORMADA";"1270629.01";"#NE";"N";"-1";"06009300820266160000";"-3";"#NE";"-3";"#NE";"SIM";"Válido";2;"DEFERIDO";"S";"N";-1;-1;"2026-08-07 18:51:36";2;"DEFERIDO";"2";"DEFERIDO";"2";"DEFERIDO";-1;"#NULO";-1;"#NULO";-1;"#NULO";2;"MASCULINO";"3";"PARDA"
"26/09/2026";"19:31:16";2026;6259;160002533462;-3;"#NE";1;"BRASILEIRA NATA";-3;"PRANCHITA";"32";"N";0;"NÃO INFORMADA";"1270629.01";"#NE";"S";"-1";"06006512220266160000";"-3";"#NE";"-3";"#NE";"SIM";"Válido";2;"DEFERIDO";"S";"N";-1;-1;"2026-07-29 17:41:27";2;"DEFERIDO";"2";"DEFERIDO";"2";"DEFERIDO";-1;"#NULO";-1;"#NULO";-1;"#NULO";4;"FEMININO";"3";"PARDA"
"26/09/2026";"19:31:16";2026;6259;160002533492;-3;"#NE";1;"BRASILEIRA NATA";-3;"SALVADOR";"44";"N";-1;"#NULO";"1270629.01";"#NE";"S";"-1";"06006226920266160000";"-3";"#NE";"-3";"#NE";"SIM";"Válido";2;"DEFERIDO";"S";"N";-1;-1;"2026-07-29 17:41:27";2;"DEFERIDO";"2";"DEFERIDO";"2";"DEFERIDO";-1;"#NULO";-1;"#NULO";-1;"#NULO";2;"MASCULINO";"2";"PRETA"
"26/09/2026";"19:31:16";2026;6259;160002547528;-3;"#NE";1;"BRASILEIRA NATA";-3;"CURITIBA";"51";"N";0;"NÃO INFORMADA";"1270629.01";"#NE";"S";"-1";"06011397420266160000";"-3";"#NE";"-3";"#NE";"SIM";"Válido";2;"DEFERIDO";"S";"N";-1;-1;"2026-08-11 12:24:00";2;"DEFERIDO";"2";"DEFERIDO";"2";"DEFERIDO";-1;"#NULO";-1;"#NULO";-1;"#NULO";2;"MASCULINO";"1";"BRANCA"
"26/09/2026";"19:31:16";2026;6259;160002553675;-3;"#NE";1;"BRASILEIRA NATA";-3;"PONTA GROSSA";"46";"N";0;"NÃO INFORMADA";"1270629.01";"#NE";"S";"-1";"06017295120266160000";"-3";"#NE";"-3";"#NE";"SIM";"Válido";2;"DEFERIDO";"N";"N";-1;-1;"2026-08-15 18:24:02";2;"DEFERIDO";"2";"DEFERIDO";"2";"DEFERIDO";-1;"#NULO";-1;"#NULO";-1;"#NULO";4;"FEMININO";"1";"BRANCA"
"26/09/2026";"19:31:16";2026;6259;160002553674;-3;"#NE";1;"BRASILEIRA NATA";-3;"PANCAS";"61";"N";-1;"#NULO";"1270629.01";"#NE";"N";"-1";"06017433520266160000";"-3";"#NE";"-3";"#NE";"SIM";"Válido";2;"DEFERIDO";"N";"N";-1;-1;"2026-08-15 18:24:02";2;"DEFERIDO";"2";"DEFERIDO";"2";"DEFERIDO";-1;"#NULO";-1;"#NULO";-1;"#NULO";2;"MASCULINO";"1";"BRANCA"
"26/09/2026";"19:31:16";2026;6259;160002552566;-3;"#NE";1;"BRASILEIRA NATA";-3;"SÃO JOSÉ DOS PINHAIS";"24";"N";-1;"#NULO";"3176572.53";"#NE";"N";"-1";"06016714820266160000";"-3";"#NE";"-3";"#NE";"SIM";"Anulado sub judice";4;"INDEFERIDO EM PRAZO RECURSAL OU COM RECURSO";"S";"N";-1;-1;"2026-08-15 13:22:55";4;"INDEFERIDO EM PRAZO RECURSAL OU COM RECURSO";"4";"INDEFERIDO EM PRAZO RECURSAL OU COM RECURSO";"4";"INDEFERIDO EM PRAZO RECURSAL OU COM RECURSO";-1;"#NULO";-1;"#NULO";-1;"#NULO";2;"MASCULINO";"1";"BRANCA"
"26/09/2026";"19:31:16";2026;6259;160002547525;-3;"#NE";1;"BRASILEIRA NATA";-3;"CURITIBA";"60";"N";-1;"#NULO";"1270629.01";"#NE";"N";"-1";"06011362220266160000";"-3";"#NE";"-3";"#NE";"SIM";"Válido";2;"DEFERIDO";"S";"N";-1;-1;"2026-08-11 12:24:00";2;"DEFERIDO";"2";"DEFERIDO";"2";"DEFERIDO";-1;"#NULO";-1;"#NULO";-1;"#NULO";4;"FEMININO";"3";"PARDA"
"26/09/2026";"19:31:16";2026;6259;160002547948;-3;"#NE";1;"BRASILEIRA NATA";-3;"LONDRINA";"69";"N";-1;"#NULO";"1270629.01";"#NE";"N";"-1";"06014108320266160000";"-3";"#NE";"-3";"#NE";"SIM";"Válido";2;"DEFERIDO";"S";"N";-1;-1;"2026-08-11 12:36:56";2;"DEFERIDO";"2";"DEFERIDO";"2";"DEFERIDO";-1;"#NULO";-1;"#NULO";-1;"#NULO";2;"MASCULINO";"1";"BRANCA"
"26/09/2026";"19:31:16";2026;6259;160002547399;-3;"#NE";1;"BRASILEIRA NATA";-3;"FRANCISCO BELTRÃO";"37";"N";0;"NÃO INFORMADA";"1270629.01";"#NE";"S";"-1";"06014150820266160000";"-3";"#NE";"-3";"#NE";"SIM";"Válido";2;"DEFERIDO";"S";"N";-1;-1;"2026-08-11 12:36:56";2;"DEFERIDO";"2";"DEFERIDO";"2";"DEFERIDO";-1;"#NULO";-1;"#NULO";-1;"#NULO";2;"MASCULINO";"1";"BRANCA"
"26/09/2026";"19:31:16";2026;6259;160002547640;-3;"#NE";1;"BRASILEIRA NATA";-3;"TOMAZINA";"77";"N";0;"NÃO INFORMADA";"1270629.01";"#NE";"S";"-1";"06012436620266160000";"-3";"#NE";"-3";"#NE";"SIM";"Válido";2;"DEFERIDO";"S";"N";-1;-1;"2026-08-11 12:29:53";2;"DEFERIDO";"2";"DEFERIDO";"2";"DEFERIDO";-1;"#NULO";-1;"#NULO";-1;"#NULO";2;"MASCULINO";"1";"BRANCA"
"26/09/2026";"19:31:16";2026;6259;160002547945;-3;"#NE";1;"BRASILEIRA NATA";-3;"CASCAVEL";"58";"N";-1;"#NULO";"1270629.01";"#NE";"N";"-1";"06014177520266160000";"-3";"#NE";"-3";"#NE";"SIM";"Válido";2;"DEFERIDO";"S";"N";-1;-1;"2026-08-11 12:36:56";2;"DEFERIDO";"2";"DEFERIDO";"2";"DEFERIDO";-1;"#NULO";-1;"#NULO";-1;"#NULO";2;"MASCULINO";"1";"BRANCA"
"26/09/2026";"19:31:16";2026;6259;160002547604;-3;"#NE";1;"BRASILEIRA NATA";-3;"LOANDA";"48";"N";0;"NÃO INFORMADA";"1270629.01";"#NE";"S";"-1";"06012315220266160000";"-3";"#NE";"-3";"#NE";"SIM";"Válido";2;"DEFERIDO";"S";"N";-1;-1;"2026-08-11 12:29:53";2;"DEFERIDO";"2";"DEFERIDO";"2";"DEFERIDO";-1;"#NULO";-1;"#NULO";-1;"#NULO";2;"MASCULINO";"1";"BRANCA"
"26/09/2026";"19:31:16";2026;6259;160002547631;-3;"#NE";1;"BRASILEIRA NATA";-3;"CURITIBA";"37";"N";-1;"#NULO";"1270629.01";"#NE";"S";"-1";"06012168320266160000";"-3";"#NE";"-3";"#NE";"SIM";"Válido";2;"DEFERIDO";"S";"N";-1;-1;"2026-08-11 12:29:53";2;"DEFERIDO";"2";"DEFERIDO";"2";"DEFERIDO";-1;"#NULO";-1;"#NULO";-1;"#NULO";2;"MASCULINO";"1";"BRANCA"
"26/09/2026";"19:31:16";2026;6259;160002546873;-3;"#NE";1;"BRASILEIRA NATA";-3;"CURITIBA";"48";"N";0;"NÃO INFORMADA";"1270629.01";"#NE";"S";"-1";"06010392220266160000";"-3";"#NE";"-3";"#NE";"SIM";"Válido";2;"DEFERIDO";"S";"N";-1;-1;"2026-08-11 12:01:37";2;"DEFERIDO";"2";"DEFERIDO";"2";"DEFERIDO";-1;"#NULO";-1;"#NULO";-1;"#NULO";2;"MASCULINO";"1";"BRANCA"
"26/09/2026";"19:31:16";2026;6259;160002546882;-3;"#NE";1;"BRASILEIRA NATA";-3;"SIQUEIRA CAMPOS";"52";"N";0;"NÃO INFORMADA";"1270629.01";"#NE";"S";"-1";"06010591320266160000";"-3";"#NE";"-3";"#NE";"SIM";"Válido";2;"DEFERIDO";"S";"N";-1;-1;"2026-08-11 12:01:37";2;"DEFERIDO";"2";"DEFERIDO";"2";"DEFERIDO";-1;"#NULO";-1;"#NULO";-1;"#NULO";2;"MASCULINO";"1";"BRANCA"
"26/09/2026";"19:31:16";2026;6259;160002540790;-3;"#NE";1;"BRASILEIRA NATA";-3;"CURITIBA";"49";"N";0;"NÃO INFORMADA";"3176572.53";"#NE";"S";"-1";"06007612120266160000";"-3";"#NE";"-3";"#NE";"SIM";"Válido";2;"DEFERIDO";"S";"N";-1;-1;"2026-08-07 13:56:41";2;"DEFERIDO";"2";"DEFERIDO";"2";"DEFERIDO";-1;"#NULO";-1;"#NULO";-1;"#NULO";2;"MASCULINO";"2";"PRETA"
"26/09/2026";"19:31:16";2026;6259;160002540796;-3;"#NE";1;"BRASILEIRA NATA";-3;"IRATI";"58";"N";0;"NÃO INFORMADA";"3176572.53";"#NE";"S";"-1";"06007802720266160000";"-3";"#NE";"-3";"#NE";"SIM";"Válido";2;"DEFERIDO";"S";"N";-1;-1;"2026-08-07 13:56:41";2;"DEFERIDO";"2";"DEFERIDO";"2";"DEFERIDO";-1;"#NULO";-1;"#NULO";-1;"#NULO";4;"FEMININO";"1";"BRANCA"
"26/09/2026";"19:31:16";2026;6259;160002542311;-3;"#NE";1;"BRASILEIRA NATA";-3;"BELÉM";"33";"N";0;"NÃO INFORMADA";"3176572.53";"#NE";"S";"-1";"06009648020266160000";"-3";"#NE";"-3";"#NE";"SIM";"Válido";2;"DEFERIDO";"S";"N";-1;-1;"2026-08-07 18:52:09";2;"DEFERIDO";"2";"DEFERIDO";"2";"DEFERIDO";-1;"#NULO";-1;"#NULO";-1;"#NULO";2;"MASCULINO";"3";"PARDA"
"26/09/2026";"19:31:16";2026;6259;160002540762;-3;"#NE";1;"BRASILEIRA NATA";-3;"RIO DE JANEIRO";"61";"N";0;"NÃO INFORMADA";"3176572.53";"#NE";"S";"-1";"06007534420266160000";"-3";"#NE";"-3";"#NE";"SIM";"Válido";2;"DEFERIDO";"S";"N";-1;-1;"2026-08-07 13:55:28";2;"DEFERIDO";"2";"DEFERIDO";"2";"DEFERIDO";-1;"#NULO";-1;"#NULO";-1;"#NULO";4;"FEMININO";"1";"BRANCA"
"26/09/2026";"19:31:16";2026;6259;160002540773;-3;"#NE";1;"BRASILEIRA NATA";-3;"CASCAVEL";"45";"N";-1;"#NULO";"3176572.53";"#NE";"S";"-1";"06007413020266160000";"-3";"#NE";"-3";"#NE";"SIM";"Válido";2;"DEFERIDO";"S";"N";-1;-1;"2026-08-07 13:55:28";2;"DEFERIDO";"2";"DEFERIDO";"2";"DEFERIDO";-1;"#NULO";-1;"#NULO";-1;"#NULO";2;"MASCULINO";"1";"BRANCA"
"26/09/2026";"19:31:16";2026;6259;160002547722;-3;"#NE";1;"BRASILEIRA NATA";-3;"ASSIS";"41";"N";-1;"#NULO";"3176572.53";"#NE";"S";"-1";"06013276720266160000";"-3";"#NE";"-3";"#NE";"SIM";"Válido";2;"DEFERIDO";"S";"N";-1;-1;"2026-08-11 12:34:01";2;"DEFERIDO";"2";"DEFERIDO";"2";"DEFERIDO";-1;"#NULO";-1;"#NULO";-1;"#NULO";2;"MASCULINO";"3";"PARDA"
"26/09/2026";"19:31:16";2026;6259;160002547663;-3;"#NE";1;"BRASILEIRA NATA";-3;"CURITIBA";"57";"N";0;"NÃO INFORMADA";"-1";"#NE";"S";"-1";"06013008420266160000";"-3";"#NE";"-3";"#NE";"SIM";"#NULO";2;"DEFERIDO";"N";"N";-1;-1;"2026-08-11 12:31:29";2;"DEFERIDO";"2";"DEFERIDO";"2";"DEFERIDO";-1;"#NULO";-1;"#NULO";-1;"#NULO";2;"MASCULINO";"1";"BRANCA"
